/* Replace with your SQL commands */


-- -----------------------------------------------------
-- Data for table `size`
-- -----------------------------------------------------
START TRANSACTION;

INSERT INTO `size` (`id`, `name`) VALUES (1, 's');
INSERT INTO `size` (`id`, `name`) VALUES (2, 'm');
INSERT INTO `size` (`id`, `name`) VALUES (3, 'l');

COMMIT;

-- -----------------------------------------------------
-- Data for table `language`
-- -----------------------------------------------------
START TRANSACTION;

INSERT INTO `language` (`id`) VALUES ('de');
INSERT INTO `language` (`id`) VALUES ('en');
INSERT INTO `language` (`id`) VALUES ('zh');
INSERT INTO `language` (`id`) VALUES ('es');
INSERT INTO `language` (`id`) VALUES ('fr');

COMMIT;

-- -----------------------------------------------------
-- Data for table `language_translation`
-- -----------------------------------------------------
START TRANSACTION;

INSERT INTO `language_translation` (`language_id`, `name`) VALUES ('de', 'Deutsch');
INSERT INTO `language_translation` (`language_id`, `name`) VALUES ('en', 'English');
INSERT INTO `language_translation` (`language_id`, `name`) VALUES ('zh', '中文');
INSERT INTO `language_translation` (`language_id`, `name`) VALUES ('es', 'Español');
INSERT INTO `language_translation` (`language_id`, `name`) VALUES ('fr', 'Français');

COMMIT;

-- -----------------------------------------------------
-- Data for table `cfilter1` -> for Branche
-- -----------------------------------------------------
START TRANSACTION;

INSERT INTO `cfilter1` (`id`) VALUES (1);
INSERT INTO `cfilter1` (`id`) VALUES (2);
INSERT INTO `cfilter1` (`id`) VALUES (3);
INSERT INTO `cfilter1` (`id`) VALUES (4);
INSERT INTO `cfilter1` (`id`) VALUES (5);
INSERT INTO `cfilter1` (`id`) VALUES (6);
INSERT INTO `cfilter1` (`id`) VALUES (7);
INSERT INTO `cfilter1` (`id`) VALUES (8);
INSERT INTO `cfilter1` (`id`) VALUES (9);
INSERT INTO `cfilter1` (`id`) VALUES (10);
INSERT INTO `cfilter1` (`id`) VALUES (11);
INSERT INTO `cfilter1` (`id`) VALUES (12);
INSERT INTO `cfilter1` (`id`) VALUES (13);

COMMIT;
-- -----------------------------------------------------
-- Data for table `cfilter1_translation` -> for Branche
-- -----------------------------------------------------
START TRANSACTION;

INSERT INTO `cfilter1_translation` (`cfilter1_id`, `language_id`, `name`) VALUES (1, 'de', 'Automobilzulieferung');
INSERT INTO `cfilter1_translation` (`cfilter1_id`, `language_id`, `name`) VALUES (2, 'de', 'Bau/Bergbau und Handwerk');
INSERT INTO `cfilter1_translation` (`cfilter1_id`, `language_id`, `name`) VALUES (3, 'de', 'Dienstleistungen und Services');
INSERT INTO `cfilter1_translation` (`cfilter1_id`, `language_id`, `name`) VALUES (4, 'de', 'Gastronomie');
INSERT INTO `cfilter1_translation` (`cfilter1_id`, `language_id`, `name`) VALUES (5, 'de', 'Handel');
INSERT INTO `cfilter1_translation` (`cfilter1_id`, `language_id`, `name`) VALUES (6, 'de', 'Ingenieurwesen');
INSERT INTO `cfilter1_translation` (`cfilter1_id`, `language_id`, `name`) VALUES (7, 'de', 'Logistik');
INSERT INTO `cfilter1_translation` (`cfilter1_id`, `language_id`, `name`) VALUES (8, 'de', 'Luft- und Raumfahrt');
INSERT INTO `cfilter1_translation` (`cfilter1_id`, `language_id`, `name`) VALUES (9, 'de', 'Maschinen-/  Anlagenbau');
INSERT INTO `cfilter1_translation` (`cfilter1_id`, `language_id`, `name`) VALUES (10, 'de', 'Produktion');
INSERT INTO `cfilter1_translation` (`cfilter1_id`, `language_id`, `name`) VALUES (11, 'de', 'Schiffbau');
INSERT INTO `cfilter1_translation` (`cfilter1_id`, `language_id`, `name`) VALUES (12, 'de', 'Verkauf');
INSERT INTO `cfilter1_translation` (`cfilter1_id`, `language_id`, `name`) VALUES (13, 'de', 'Weitere');

INSERT INTO `cfilter1_translation` (`cfilter1_id`, `language_id`, `name`) VALUES (1, 'en', 'Automotive supply');
INSERT INTO `cfilter1_translation` (`cfilter1_id`, `language_id`, `name`) VALUES (2, 'en', 'Construction/Mining and Trades');
INSERT INTO `cfilter1_translation` (`cfilter1_id`, `language_id`, `name`) VALUES (3, 'en', 'Services and support');
INSERT INTO `cfilter1_translation` (`cfilter1_id`, `language_id`, `name`) VALUES (4, 'en', 'Gastronomy');
INSERT INTO `cfilter1_translation` (`cfilter1_id`, `language_id`, `name`) VALUES (5, 'en', 'Trade');
INSERT INTO `cfilter1_translation` (`cfilter1_id`, `language_id`, `name`) VALUES (6, 'en', 'Engineering');
INSERT INTO `cfilter1_translation` (`cfilter1_id`, `language_id`, `name`) VALUES (7, 'en', 'Logistics');
INSERT INTO `cfilter1_translation` (`cfilter1_id`, `language_id`, `name`) VALUES (8, 'en', 'aerospace');
INSERT INTO `cfilter1_translation` (`cfilter1_id`, `language_id`, `name`) VALUES (9, 'en', 'Machinery / plant construction');
INSERT INTO `cfilter1_translation` (`cfilter1_id`, `language_id`, `name`) VALUES (10, 'en', 'Production');
INSERT INTO `cfilter1_translation` (`cfilter1_id`, `language_id`, `name`) VALUES (11, 'en', 'Shipbuilding');
INSERT INTO `cfilter1_translation` (`cfilter1_id`, `language_id`, `name`) VALUES (12, 'en', 'Sale');
INSERT INTO `cfilter1_translation` (`cfilter1_id`, `language_id`, `name`) VALUES (13, 'en', 'Other');

INSERT INTO `cfilter1_translation` (`cfilter1_id`, `language_id`, `name`) VALUES (1, 'zh', '汽车用品');
INSERT INTO `cfilter1_translation` (`cfilter1_id`, `language_id`, `name`) VALUES (2, 'zh', '建筑/采矿和贸易');
INSERT INTO `cfilter1_translation` (`cfilter1_id`, `language_id`, `name`) VALUES (3, 'zh', '服务和支持');
INSERT INTO `cfilter1_translation` (`cfilter1_id`, `language_id`, `name`) VALUES (4, 'zh', '美食');
INSERT INTO `cfilter1_translation` (`cfilter1_id`, `language_id`, `name`) VALUES (5, 'zh', '贸易');
INSERT INTO `cfilter1_translation` (`cfilter1_id`, `language_id`, `name`) VALUES (6, 'zh', '工程设计');
INSERT INTO `cfilter1_translation` (`cfilter1_id`, `language_id`, `name`) VALUES (7, 'zh', '后勤');
INSERT INTO `cfilter1_translation` (`cfilter1_id`, `language_id`, `name`) VALUES (8, 'zh', '航天');
INSERT INTO `cfilter1_translation` (`cfilter1_id`, `language_id`, `name`) VALUES (9, 'zh', '机械/工厂建设');
INSERT INTO `cfilter1_translation` (`cfilter1_id`, `language_id`, `name`) VALUES (10, 'zh', '产量');
INSERT INTO `cfilter1_translation` (`cfilter1_id`, `language_id`, `name`) VALUES (11, 'zh', '造船');
INSERT INTO `cfilter1_translation` (`cfilter1_id`, `language_id`, `name`) VALUES (12, 'zh', '销售');
INSERT INTO `cfilter1_translation` (`cfilter1_id`, `language_id`, `name`) VALUES (13, 'zh', '更多');

INSERT INTO `cfilter1_translation` (`cfilter1_id`, `language_id`, `name`) VALUES (1, 'es', 'Suministro para automóviles');
INSERT INTO `cfilter1_translation` (`cfilter1_id`, `language_id`, `name`) VALUES (2, 'es', 'Construcción/Minería y Oficios');
INSERT INTO `cfilter1_translation` (`cfilter1_id`, `language_id`, `name`) VALUES (3, 'es', 'Servicios y asistencia');
INSERT INTO `cfilter1_translation` (`cfilter1_id`, `language_id`, `name`) VALUES (4, 'es', 'Gastronomía');
INSERT INTO `cfilter1_translation` (`cfilter1_id`, `language_id`, `name`) VALUES (5, 'es', 'Comercio');
INSERT INTO `cfilter1_translation` (`cfilter1_id`, `language_id`, `name`) VALUES (6, 'es', 'Ingeniería');
INSERT INTO `cfilter1_translation` (`cfilter1_id`, `language_id`, `name`) VALUES (7, 'es', 'Logística');
INSERT INTO `cfilter1_translation` (`cfilter1_id`, `language_id`, `name`) VALUES (8, 'es', 'Sector aeroespacial');
INSERT INTO `cfilter1_translation` (`cfilter1_id`, `language_id`, `name`) VALUES (9, 'es', 'Construcción de maquinaria/plantas');
INSERT INTO `cfilter1_translation` (`cfilter1_id`, `language_id`, `name`) VALUES (10, 'es', 'Producción');
INSERT INTO `cfilter1_translation` (`cfilter1_id`, `language_id`, `name`) VALUES (11, 'es', 'Construcción naval');
INSERT INTO `cfilter1_translation` (`cfilter1_id`, `language_id`, `name`) VALUES (12, 'es', 'Venta');
INSERT INTO `cfilter1_translation` (`cfilter1_id`, `language_id`, `name`) VALUES (13, 'es', 'Otro');

INSERT INTO `cfilter1_translation` (`cfilter1_id`, `language_id`, `name`) VALUES (1, 'fr', 'Fournitures automobiles');
INSERT INTO `cfilter1_translation` (`cfilter1_id`, `language_id`, `name`) VALUES (2, 'fr', 'Construction/Mine et métiers');
INSERT INTO `cfilter1_translation` (`cfilter1_id`, `language_id`, `name`) VALUES (3, 'fr', 'Services et soutien');
INSERT INTO `cfilter1_translation` (`cfilter1_id`, `language_id`, `name`) VALUES (4, 'fr', 'Gastronomie');
INSERT INTO `cfilter1_translation` (`cfilter1_id`, `language_id`, `name`) VALUES (5, 'fr', 'Commerce');
INSERT INTO `cfilter1_translation` (`cfilter1_id`, `language_id`, `name`) VALUES (6, 'fr', 'Ingénierie');
INSERT INTO `cfilter1_translation` (`cfilter1_id`, `language_id`, `name`) VALUES (7, 'fr', 'Logistique');
INSERT INTO `cfilter1_translation` (`cfilter1_id`, `language_id`, `name`) VALUES (8, 'fr', 'aérospatiale');
INSERT INTO `cfilter1_translation` (`cfilter1_id`, `language_id`, `name`) VALUES (9, 'fr', 'Construction de machines / d’installations');
INSERT INTO `cfilter1_translation` (`cfilter1_id`, `language_id`, `name`) VALUES (10, 'fr', 'Production');
INSERT INTO `cfilter1_translation` (`cfilter1_id`, `language_id`, `name`) VALUES (11, 'fr', 'Construction navale');
INSERT INTO `cfilter1_translation` (`cfilter1_id`, `language_id`, `name`) VALUES (12, 'fr', 'Vente');
INSERT INTO `cfilter1_translation` (`cfilter1_id`, `language_id`, `name`) VALUES (13, 'fr', 'Autres');
COMMIT;

-- -----------------------------------------------------
-- Data for table `postingdate`
-- -----------------------------------------------------
START TRANSACTION;

INSERT INTO `postdate` (`id`) VALUES (1);
INSERT INTO `postdate` (`id`) VALUES (2);
INSERT INTO `postdate` (`id`) VALUES (3);
INSERT INTO `postdate` (`id`) VALUES (4);
INSERT INTO `postdate` (`id`) VALUES (5);
INSERT INTO `postdate` (`id`) VALUES (6);
INSERT INTO `postdate` (`id`) VALUES (7);

COMMIT;

-- -----------------------------------------------------
-- Data for table `postdate_translation`
-- -----------------------------------------------------
START TRANSACTION;

INSERT INTO `postdate_translation` (`postdate_id`, `language_id`, `name`) VALUES (1, 'de', 'Heute');
INSERT INTO `postdate_translation` (`postdate_id`, `language_id`, `name`) VALUES (2, 'de', 'Gestern');
INSERT INTO `postdate_translation` (`postdate_id`, `language_id`, `name`) VALUES (3, 'de', 'Letzte 7 Tage');
INSERT INTO `postdate_translation` (`postdate_id`, `language_id`, `name`) VALUES (4, 'de', 'Letzte 14 Tage');
INSERT INTO `postdate_translation` (`postdate_id`, `language_id`, `name`) VALUES (5, 'de', 'Letzte 21 Tage');
INSERT INTO `postdate_translation` (`postdate_id`, `language_id`, `name`) VALUES (6, 'de', 'Letzte 28 Tage');
INSERT INTO `postdate_translation` (`postdate_id`, `language_id`, `name`) VALUES (7, 'de', 'Älter als 28 Tage');

INSERT INTO `postdate_translation` (`postdate_id`, `language_id`, `name`) VALUES (1, 'en', 'Today');
INSERT INTO `postdate_translation` (`postdate_id`, `language_id`, `name`) VALUES (2, 'en', 'Yesterday');
INSERT INTO `postdate_translation` (`postdate_id`, `language_id`, `name`) VALUES (3, 'en', 'Last 7 Days');
INSERT INTO `postdate_translation` (`postdate_id`, `language_id`, `name`) VALUES (4, 'en', 'Last 14 Days');
INSERT INTO `postdate_translation` (`postdate_id`, `language_id`, `name`) VALUES (5, 'en', 'Last 21 Days');
INSERT INTO `postdate_translation` (`postdate_id`, `language_id`, `name`) VALUES (6, 'en', 'Last 28 Days');
INSERT INTO `postdate_translation` (`postdate_id`, `language_id`, `name`) VALUES (7, 'en', 'Older than 28 Days');

INSERT INTO `postdate_translation` (`postdate_id`, `language_id`, `name`) VALUES (1, 'zh', '今天');
INSERT INTO `postdate_translation` (`postdate_id`, `language_id`, `name`) VALUES (2, 'zh', '昨天');
INSERT INTO `postdate_translation` (`postdate_id`, `language_id`, `name`) VALUES (3, 'zh', '过去7天');
INSERT INTO `postdate_translation` (`postdate_id`, `language_id`, `name`) VALUES (4, 'zh', '过去14天');
INSERT INTO `postdate_translation` (`postdate_id`, `language_id`, `name`) VALUES (5, 'zh', '在过去的21天里');
INSERT INTO `postdate_translation` (`postdate_id`, `language_id`, `name`) VALUES (6, 'zh', '在过去的28天里');
INSERT INTO `postdate_translation` (`postdate_id`, `language_id`, `name`) VALUES (7, 'zh', '超过28天');

INSERT INTO `postdate_translation` (`postdate_id`, `language_id`, `name`) VALUES (1, 'es', 'Hoy');
INSERT INTO `postdate_translation` (`postdate_id`, `language_id`, `name`) VALUES (2, 'es', 'Ayer');
INSERT INTO `postdate_translation` (`postdate_id`, `language_id`, `name`) VALUES (3, 'es', 'Últimos 7 días');
INSERT INTO `postdate_translation` (`postdate_id`, `language_id`, `name`) VALUES (4, 'es', 'Últimos 14 días');
INSERT INTO `postdate_translation` (`postdate_id`, `language_id`, `name`) VALUES (5, 'es', 'Últimos 21 días');
INSERT INTO `postdate_translation` (`postdate_id`, `language_id`, `name`) VALUES (6, 'es', 'Últimos 28 días');
INSERT INTO `postdate_translation` (`postdate_id`, `language_id`, `name`) VALUES (7, 'es', 'Más de 28 días');

INSERT INTO `postdate_translation` (`postdate_id`, `language_id`, `name`) VALUES (1, 'fr', 'Aujourd´hui');
INSERT INTO `postdate_translation` (`postdate_id`, `language_id`, `name`) VALUES (2, 'fr', 'Hier');
INSERT INTO `postdate_translation` (`postdate_id`, `language_id`, `name`) VALUES (3, 'fr', '7 derniers jours');
INSERT INTO `postdate_translation` (`postdate_id`, `language_id`, `name`) VALUES (4, 'fr', '14 derniers jours');
INSERT INTO `postdate_translation` (`postdate_id`, `language_id`, `name`) VALUES (5, 'fr', '21 derniers jours');
INSERT INTO `postdate_translation` (`postdate_id`, `language_id`, `name`) VALUES (6, 'fr', '28 derniers jours');
INSERT INTO `postdate_translation` (`postdate_id`, `language_id`, `name`) VALUES (7, 'fr', 'Plus de 28 jours');

COMMIT;

-- -----------------------------------------------------
-- Data for table `employeestatus`
-- -----------------------------------------------------
START TRANSACTION;

INSERT INTO `employeestatus` (`id`) VALUES (1);
INSERT INTO `employeestatus` (`id`) VALUES (2);

COMMIT;

-- -----------------------------------------------------
-- Data for table `employeestatus_translation`
-- -----------------------------------------------------
START TRANSACTION;

INSERT INTO `employeestatus_translation` (`employeestatus_id`, `language_id`, `name`) VALUES (1, 'de', 'Unbefristet');
INSERT INTO `employeestatus_translation` (`employeestatus_id`, `language_id`, `name`) VALUES (2, 'de', 'Befristet');

INSERT INTO `employeestatus_translation` (`employeestatus_id`, `language_id`, `name`) VALUES (1, 'en', 'Permanent');
INSERT INTO `employeestatus_translation` (`employeestatus_id`, `language_id`, `name`) VALUES (2, 'en', 'Temporary');

INSERT INTO `employeestatus_translation` (`employeestatus_id`, `language_id`, `name`) VALUES (1, 'zh', '正式工');
INSERT INTO `employeestatus_translation` (`employeestatus_id`, `language_id`, `name`) VALUES (2, 'zh', '临时工');

INSERT INTO `employeestatus_translation` (`employeestatus_id`, `language_id`, `name`) VALUES (1, 'es', 'Permanente');
INSERT INTO `employeestatus_translation` (`employeestatus_id`, `language_id`, `name`) VALUES (2, 'es', 'Temporal');

INSERT INTO `employeestatus_translation` (`employeestatus_id`, `language_id`, `name`) VALUES (1, 'fr', 'Permanent');
INSERT INTO `employeestatus_translation` (`employeestatus_id`, `language_id`, `name`) VALUES (2, 'fr', 'Temporaire');

COMMIT;

-- -----------------------------------------------------
-- Data for table `entrylevel`
-- -----------------------------------------------------
START TRANSACTION;

INSERT INTO `entrylevel` (`id`) VALUES (1);
INSERT INTO `entrylevel` (`id`) VALUES (2);
INSERT INTO `entrylevel` (`id`) VALUES (3);
INSERT INTO `entrylevel` (`id`) VALUES (4);
INSERT INTO `entrylevel` (`id`) VALUES (5);
INSERT INTO `entrylevel` (`id`) VALUES (6);
INSERT INTO `entrylevel` (`id`) VALUES (7);

COMMIT;

-- -----------------------------------------------------
-- Data for table `entrylevel_translation`
-- -----------------------------------------------------
START TRANSACTION;

INSERT INTO `entrylevel_translation` (`entrylevel_id`, `language_id`, `name`) VALUES (1, 'de', 'Berufserfahrene');
INSERT INTO `entrylevel_translation` (`entrylevel_id`, `language_id`, `name`) VALUES (2, 'de', 'Berufseinsteiger (0-2 Jahre)');
INSERT INTO `entrylevel_translation` (`entrylevel_id`, `language_id`, `name`) VALUES (3, 'de', 'Praktika/Studienjobs');
INSERT INTO `entrylevel_translation` (`entrylevel_id`, `language_id`, `name`) VALUES (4, 'de', 'Ausbildung ');
INSERT INTO `entrylevel_translation` (`entrylevel_id`, `language_id`, `name`) VALUES (5, 'de', 'Executive');
INSERT INTO `entrylevel_translation` (`entrylevel_id`, `language_id`, `name`) VALUES (6, 'de', 'Management');
INSERT INTO `entrylevel_translation` (`entrylevel_id`, `language_id`, `name`) VALUES (7, 'de', 'Weitere');

INSERT INTO `entrylevel_translation` (`entrylevel_id`, `language_id`, `name`) VALUES (1, 'en', 'Professionals');
INSERT INTO `entrylevel_translation` (`entrylevel_id`, `language_id`, `name`) VALUES (2, 'en', 'Career starter (0-2 years)');
INSERT INTO `entrylevel_translation` (`entrylevel_id`, `language_id`, `name`) VALUES (3, 'en', 'Internships/study jobs');
INSERT INTO `entrylevel_translation` (`entrylevel_id`, `language_id`, `name`) VALUES (4, 'en', 'Apprenticeship');
INSERT INTO `entrylevel_translation` (`entrylevel_id`, `language_id`, `name`) VALUES (5, 'en', 'Executive');
INSERT INTO `entrylevel_translation` (`entrylevel_id`, `language_id`, `name`) VALUES (6, 'en', 'Management');
INSERT INTO `entrylevel_translation` (`entrylevel_id`, `language_id`, `name`) VALUES (7, 'en', 'Other');

INSERT INTO `entrylevel_translation` (`entrylevel_id`, `language_id`, `name`) VALUES (1, 'zh', '专业人士');
INSERT INTO `entrylevel_translation` (`entrylevel_id`, `language_id`, `name`) VALUES (2, 'zh', '年轻的专业人士');
INSERT INTO `entrylevel_translation` (`entrylevel_id`, `language_id`, `name`) VALUES (3, 'zh', '实习/学习工作');
INSERT INTO `entrylevel_translation` (`entrylevel_id`, `language_id`, `name`) VALUES (4, 'zh', '训练 ');
INSERT INTO `entrylevel_translation` (`entrylevel_id`, `language_id`, `name`) VALUES (5, 'zh', '行政');
INSERT INTO `entrylevel_translation` (`entrylevel_id`, `language_id`, `name`) VALUES (6, 'zh', '管理方面');
INSERT INTO `entrylevel_translation` (`entrylevel_id`, `language_id`, `name`) VALUES (7, 'zh', '其他');

INSERT INTO `entrylevel_translation` (`entrylevel_id`, `language_id`, `name`) VALUES (1, 'es', 'Profesionales con experiencia');
INSERT INTO `entrylevel_translation` (`entrylevel_id`, `language_id`, `name`) VALUES (2, 'es', 'Personal cualificado sin experiencia (0-2 años)');
INSERT INTO `entrylevel_translation` (`entrylevel_id`, `language_id`, `name`) VALUES (3, 'es', 'Becas/prácticas');
INSERT INTO `entrylevel_translation` (`entrylevel_id`, `language_id`, `name`) VALUES (4, 'es', 'Aprendiz');
INSERT INTO `entrylevel_translation` (`entrylevel_id`, `language_id`, `name`) VALUES (5, 'es', 'Dirección');
INSERT INTO `entrylevel_translation` (`entrylevel_id`, `language_id`, `name`) VALUES (6, 'es', 'Gestión');
INSERT INTO `entrylevel_translation` (`entrylevel_id`, `language_id`, `name`) VALUES (7, 'es', 'Otro');

INSERT INTO `entrylevel_translation` (`entrylevel_id`, `language_id`, `name`) VALUES (1, 'fr', 'Professionnels');
INSERT INTO `entrylevel_translation` (`entrylevel_id`, `language_id`, `name`) VALUES (2, 'fr', 'Début de carrière (0-2 ans)');
INSERT INTO `entrylevel_translation` (`entrylevel_id`, `language_id`, `name`) VALUES (3, 'fr', 'Stages/emplois en alternance');
INSERT INTO `entrylevel_translation` (`entrylevel_id`, `language_id`, `name`) VALUES (4, 'fr', 'Apprentissage');
INSERT INTO `entrylevel_translation` (`entrylevel_id`, `language_id`, `name`) VALUES (5, 'fr', 'Exécutif');
INSERT INTO `entrylevel_translation` (`entrylevel_id`, `language_id`, `name`) VALUES (6, 'fr', 'Gestion');
INSERT INTO `entrylevel_translation` (`entrylevel_id`, `language_id`, `name`) VALUES (7, 'fr', 'Autres');

COMMIT;

-- -----------------------------------------------------
-- Data for table `jobfield`
-- -----------------------------------------------------
START TRANSACTION;

INSERT INTO `jobfield` (`id`) VALUES (1);
INSERT INTO `jobfield` (`id`) VALUES (2);
INSERT INTO `jobfield` (`id`) VALUES (3);
INSERT INTO `jobfield` (`id`) VALUES (4);
INSERT INTO `jobfield` (`id`) VALUES (5);
INSERT INTO `jobfield` (`id`) VALUES (6);
INSERT INTO `jobfield` (`id`) VALUES (7);
INSERT INTO `jobfield` (`id`) VALUES (8);
INSERT INTO `jobfield` (`id`) VALUES (9);
INSERT INTO `jobfield` (`id`) VALUES (10);
INSERT INTO `jobfield` (`id`) VALUES (11);
INSERT INTO `jobfield` (`id`) VALUES (12);
INSERT INTO `jobfield` (`id`) VALUES (13);
INSERT INTO `jobfield` (`id`) VALUES (14);
INSERT INTO `jobfield` (`id`) VALUES (15);
INSERT INTO `jobfield` (`id`) VALUES (16);

COMMIT;

-- -----------------------------------------------------
-- Data for table `jobfield_translation`
-- -----------------------------------------------------
START TRANSACTION;

INSERT INTO `jobfield_translation` (`jobfield_id`, `language_id`, `name`) VALUES (1, 'de', 'Engineering und Anlagenbau');
INSERT INTO `jobfield_translation` (`jobfield_id`, `language_id`, `name`) VALUES (2, 'de', 'Produktion und Fertigung');
INSERT INTO `jobfield_translation` (`jobfield_id`, `language_id`, `name`) VALUES (3, 'de', 'Vertrieb, Marketing und Kommunikation');
INSERT INTO `jobfield_translation` (`jobfield_id`, `language_id`, `name`) VALUES (4, 'de', 'Logistik');
INSERT INTO `jobfield_translation` (`jobfield_id`, `language_id`, `name`) VALUES (5, 'de', 'Information Technology');
INSERT INTO `jobfield_translation` (`jobfield_id`, `language_id`, `name`) VALUES (6, 'de', 'Forschung, Entwicklung und Innovation');
INSERT INTO `jobfield_translation` (`jobfield_id`, `language_id`, `name`) VALUES (7, 'de', 'Kundenservice');
INSERT INTO `jobfield_translation` (`jobfield_id`, `language_id`, `name`) VALUES (8, 'de', 'Finanzen und Controlling');
INSERT INTO `jobfield_translation` (`jobfield_id`, `language_id`, `name`) VALUES (9, 'de', 'Verwaltung und Interne Dienste');
INSERT INTO `jobfield_translation` (`jobfield_id`, `language_id`, `name`) VALUES (10, 'de', 'Personal');
INSERT INTO `jobfield_translation` (`jobfield_id`, `language_id`, `name`) VALUES (11, 'de', 'Projektmanagement');
INSERT INTO `jobfield_translation` (`jobfield_id`, `language_id`, `name`) VALUES (12, 'de', 'Einkauf und Beschaffungsmanagement');
INSERT INTO `jobfield_translation` (`jobfield_id`, `language_id`, `name`) VALUES (13, 'de', 'Strategie, Markt- und Organisationsentwicklung');
INSERT INTO `jobfield_translation` (`jobfield_id`, `language_id`, `name`) VALUES (14, 'de', 'Unternehmerische Gesamtverantwortung');
INSERT INTO `jobfield_translation` (`jobfield_id`, `language_id`, `name`) VALUES (15, 'de', 'Recht und Compliance');
INSERT INTO `jobfield_translation` (`jobfield_id`, `language_id`, `name`) VALUES (16, 'de', 'Weitere');

INSERT INTO `jobfield_translation` (`jobfield_id`, `language_id`, `name`) VALUES (1, 'en', 'Engineering and Site Operations');
INSERT INTO `jobfield_translation` (`jobfield_id`, `language_id`, `name`) VALUES (2, 'en', 'Production and Manufacturing');
INSERT INTO `jobfield_translation` (`jobfield_id`, `language_id`, `name`) VALUES (3, 'en', 'Sales, Marketing and Communication');
INSERT INTO `jobfield_translation` (`jobfield_id`, `language_id`, `name`) VALUES (4, 'en', 'Logistics');
INSERT INTO `jobfield_translation` (`jobfield_id`, `language_id`, `name`) VALUES (5, 'en', 'Information Technology');
INSERT INTO `jobfield_translation` (`jobfield_id`, `language_id`, `name`) VALUES (6, 'en', 'Research and Development and Innovations');
INSERT INTO `jobfield_translation` (`jobfield_id`, `language_id`, `name`) VALUES (7, 'en', 'Customer Services');
INSERT INTO `jobfield_translation` (`jobfield_id`, `language_id`, `name`) VALUES (8, 'en', 'Finance and Controlling');
INSERT INTO `jobfield_translation` (`jobfield_id`, `language_id`, `name`) VALUES (9, 'en', 'General Administration and Services');
INSERT INTO `jobfield_translation` (`jobfield_id`, `language_id`, `name`) VALUES (10, 'en', 'Human Resources');
INSERT INTO `jobfield_translation` (`jobfield_id`, `language_id`, `name`) VALUES (11, 'en', 'Project Management');
INSERT INTO `jobfield_translation` (`jobfield_id`, `language_id`, `name`) VALUES (12, 'en', 'Procurement and Supply Management');
INSERT INTO `jobfield_translation` (`jobfield_id`, `language_id`, `name`) VALUES (13, 'en', 'Strategy, Markets and Development');
INSERT INTO `jobfield_translation` (`jobfield_id`, `language_id`, `name`) VALUES (14, 'en', 'Overall Business Responsibility');
INSERT INTO `jobfield_translation` (`jobfield_id`, `language_id`, `name`) VALUES (15, 'en', 'Legal and Compliance');
INSERT INTO `jobfield_translation` (`jobfield_id`, `language_id`, `name`) VALUES (16, 'en', 'Other');

INSERT INTO `jobfield_translation` (`jobfield_id`, `language_id`, `name`) VALUES (1, 'zh', '工程和现场运营');
INSERT INTO `jobfield_translation` (`jobfield_id`, `language_id`, `name`) VALUES (2, 'zh', '生产制造');
INSERT INTO `jobfield_translation` (`jobfield_id`, `language_id`, `name`) VALUES (3, 'zh', '销售，营销和传播');
INSERT INTO `jobfield_translation` (`jobfield_id`, `language_id`, `name`) VALUES (4, 'zh', '后勤');
INSERT INTO `jobfield_translation` (`jobfield_id`, `language_id`, `name`) VALUES (5, 'zh', '信息技术');
INSERT INTO `jobfield_translation` (`jobfield_id`, `language_id`, `name`) VALUES (6, 'zh', '研究开发与创新');
INSERT INTO `jobfield_translation` (`jobfield_id`, `language_id`, `name`) VALUES (7, 'zh', '客户服务');
INSERT INTO `jobfield_translation` (`jobfield_id`, `language_id`, `name`) VALUES (8, 'zh', '财务与控制');
INSERT INTO `jobfield_translation` (`jobfield_id`, `language_id`, `name`) VALUES (9, 'zh', '总务和服务');
INSERT INTO `jobfield_translation` (`jobfield_id`, `language_id`, `name`) VALUES (10, 'zh', '人力资源');
INSERT INTO `jobfield_translation` (`jobfield_id`, `language_id`, `name`) VALUES (11, 'zh', '项目管理');
INSERT INTO `jobfield_translation` (`jobfield_id`, `language_id`, `name`) VALUES (12, 'zh', '采购与供应管理');
INSERT INTO `jobfield_translation` (`jobfield_id`, `language_id`, `name`) VALUES (13, 'zh', '战略，市场与发展');
INSERT INTO `jobfield_translation` (`jobfield_id`, `language_id`, `name`) VALUES (14, 'zh', '总体业务责任');
INSERT INTO `jobfield_translation` (`jobfield_id`, `language_id`, `name`) VALUES (15, 'zh', '法律与合规');
INSERT INTO `jobfield_translation` (`jobfield_id`, `language_id`, `name`) VALUES (16, 'zh', '其他');

INSERT INTO `jobfield_translation` (`jobfield_id`, `language_id`, `name`) VALUES (1, 'es', 'Ingeniería y operaciones en terreno');
INSERT INTO `jobfield_translation` (`jobfield_id`, `language_id`, `name`) VALUES (2, 'es', 'Producción y fabricación');
INSERT INTO `jobfield_translation` (`jobfield_id`, `language_id`, `name`) VALUES (3, 'es', 'Ventas, marketing y comunicación');
INSERT INTO `jobfield_translation` (`jobfield_id`, `language_id`, `name`) VALUES (4, 'es', 'Logística');
INSERT INTO `jobfield_translation` (`jobfield_id`, `language_id`, `name`) VALUES (5, 'es', 'Tecnología de la información');
INSERT INTO `jobfield_translation` (`jobfield_id`, `language_id`, `name`) VALUES (6, 'es', 'Investigación y desarrollo e innovación');
INSERT INTO `jobfield_translation` (`jobfield_id`, `language_id`, `name`) VALUES (7, 'es', 'Servicios al cliente');
INSERT INTO `jobfield_translation` (`jobfield_id`, `language_id`, `name`) VALUES (8, 'es', 'Finanzas y control');
INSERT INTO `jobfield_translation` (`jobfield_id`, `language_id`, `name`) VALUES (9, 'es', 'Administración y servicios generales');
INSERT INTO `jobfield_translation` (`jobfield_id`, `language_id`, `name`) VALUES (10, 'es', 'Recursos Humanos');
INSERT INTO `jobfield_translation` (`jobfield_id`, `language_id`, `name`) VALUES (11, 'es', 'Gestión de proyectos');
INSERT INTO `jobfield_translation` (`jobfield_id`, `language_id`, `name`) VALUES (12, 'es', 'Gestión de adquisiciones y suministros');
INSERT INTO `jobfield_translation` (`jobfield_id`, `language_id`, `name`) VALUES (13, 'es', 'Estrategia, mercados y desarrollo');
INSERT INTO `jobfield_translation` (`jobfield_id`, `language_id`, `name`) VALUES (14, 'es', 'Responsabilidad empresarial general');
INSERT INTO `jobfield_translation` (`jobfield_id`, `language_id`, `name`) VALUES (15, 'es', 'Legal y cumplimiento');
INSERT INTO `jobfield_translation` (`jobfield_id`, `language_id`, `name`) VALUES (16, 'es', 'Otro');

INSERT INTO `jobfield_translation` (`jobfield_id`, `language_id`, `name`) VALUES (1, 'fr', 'Ingénierie et opérations sur site');
INSERT INTO `jobfield_translation` (`jobfield_id`, `language_id`, `name`) VALUES (2, 'fr', 'Production et fabrication');
INSERT INTO `jobfield_translation` (`jobfield_id`, `language_id`, `name`) VALUES (3, 'fr', 'Ventes, marketing et communication');
INSERT INTO `jobfield_translation` (`jobfield_id`, `language_id`, `name`) VALUES (4, 'fr', 'Logistique');
INSERT INTO `jobfield_translation` (`jobfield_id`, `language_id`, `name`) VALUES (5, 'fr', 'Technologies de l\'information');
INSERT INTO `jobfield_translation` (`jobfield_id`, `language_id`, `name`) VALUES (6, 'fr', 'Recherche et développement et innovations');
INSERT INTO `jobfield_translation` (`jobfield_id`, `language_id`, `name`) VALUES (7, 'fr', 'Services à la clientèle');
INSERT INTO `jobfield_translation` (`jobfield_id`, `language_id`, `name`) VALUES (8, 'fr', 'Finance et contrôle de gestion');
INSERT INTO `jobfield_translation` (`jobfield_id`, `language_id`, `name`) VALUES (9, 'fr', 'Administration générale et services');
INSERT INTO `jobfield_translation` (`jobfield_id`, `language_id`, `name`) VALUES (10, 'fr', 'Ressources humaines');
INSERT INTO `jobfield_translation` (`jobfield_id`, `language_id`, `name`) VALUES (11, 'fr', 'Gestion de projets');
INSERT INTO `jobfield_translation` (`jobfield_id`, `language_id`, `name`) VALUES (12, 'fr', 'Gestion des achats et des approvisionnements');
INSERT INTO `jobfield_translation` (`jobfield_id`, `language_id`, `name`) VALUES (13, 'fr', 'Stratégie, marchés et développement');
INSERT INTO `jobfield_translation` (`jobfield_id`, `language_id`, `name`) VALUES (14, 'fr', 'Responsabilité globale de l\'entreprise');
INSERT INTO `jobfield_translation` (`jobfield_id`, `language_id`, `name`) VALUES (15, 'fr', 'Juridique et conformité');
INSERT INTO `jobfield_translation` (`jobfield_id`, `language_id`, `name`) VALUES (16, 'fr', 'Autres');

COMMIT;

-- -----------------------------------------------------
-- Data for table `country`
-- -----------------------------------------------------
START TRANSACTION;

INSERT INTO `country` (`id`) VALUES (1);
INSERT INTO `country` (`id`) VALUES (2);
INSERT INTO `country` (`id`) VALUES (3);
INSERT INTO `country` (`id`) VALUES (4);
INSERT INTO `country` (`id`) VALUES (5);
INSERT INTO `country` (`id`) VALUES (6);
INSERT INTO `country` (`id`) VALUES (7);
INSERT INTO `country` (`id`) VALUES (8);
INSERT INTO `country` (`id`) VALUES (9);
INSERT INTO `country` (`id`) VALUES (10);
INSERT INTO `country` (`id`) VALUES (11);
INSERT INTO `country` (`id`) VALUES (12);
INSERT INTO `country` (`id`) VALUES (13);
INSERT INTO `country` (`id`) VALUES (14);
INSERT INTO `country` (`id`) VALUES (15);
INSERT INTO `country` (`id`) VALUES (16);
INSERT INTO `country` (`id`) VALUES (17);
INSERT INTO `country` (`id`) VALUES (18);
INSERT INTO `country` (`id`) VALUES (19);
INSERT INTO `country` (`id`) VALUES (20);
INSERT INTO `country` (`id`) VALUES (21);
INSERT INTO `country` (`id`) VALUES (22);
INSERT INTO `country` (`id`) VALUES (23);
INSERT INTO `country` (`id`) VALUES (24);
INSERT INTO `country` (`id`) VALUES (25);
INSERT INTO `country` (`id`) VALUES (26);
INSERT INTO `country` (`id`) VALUES (27);
INSERT INTO `country` (`id`) VALUES (28);
INSERT INTO `country` (`id`) VALUES (29);
INSERT INTO `country` (`id`) VALUES (30);
INSERT INTO `country` (`id`) VALUES (31);
INSERT INTO `country` (`id`) VALUES (32);
INSERT INTO `country` (`id`) VALUES (33);
INSERT INTO `country` (`id`) VALUES (34);
INSERT INTO `country` (`id`) VALUES (35);
INSERT INTO `country` (`id`) VALUES (36);
INSERT INTO `country` (`id`) VALUES (37);
INSERT INTO `country` (`id`) VALUES (38);
INSERT INTO `country` (`id`) VALUES (39);
INSERT INTO `country` (`id`) VALUES (99999);

COMMIT;

-- -----------------------------------------------------
-- Data for table `country_translation`
-- -----------------------------------------------------
START TRANSACTION;

INSERT INTO `country_translation` (`country_id`, `language_id`, `name`) VALUES (1, 'de', 'Australien');
INSERT INTO `country_translation` (`country_id`, `language_id`, `name`) VALUES (2, 'de', 'Österreich');
INSERT INTO `country_translation` (`country_id`, `language_id`, `name`) VALUES (3, 'de', 'Bahamas');
INSERT INTO `country_translation` (`country_id`, `language_id`, `name`) VALUES (4, 'de', 'Brasilien');
INSERT INTO `country_translation` (`country_id`, `language_id`, `name`) VALUES (5, 'de', 'Kanada');
INSERT INTO `country_translation` (`country_id`, `language_id`, `name`) VALUES (6, 'de', 'Frankreich');
INSERT INTO `country_translation` (`country_id`, `language_id`, `name`) VALUES (7, 'de', 'Deutschland');
INSERT INTO `country_translation` (`country_id`, `language_id`, `name`) VALUES (8, 'de', 'Ungarn');
INSERT INTO `country_translation` (`country_id`, `language_id`, `name`) VALUES (9, 'de', 'Indonesien');
INSERT INTO `country_translation` (`country_id`, `language_id`, `name`) VALUES (10, 'de', 'Italien');
INSERT INTO `country_translation` (`country_id`, `language_id`, `name`) VALUES (11, 'de', 'Malaysia');
INSERT INTO `country_translation` (`country_id`, `language_id`, `name`) VALUES (12, 'de', 'Myanmar (Birma)');
INSERT INTO `country_translation` (`country_id`, `language_id`, `name`) VALUES (13, 'de', 'Niederlande');
INSERT INTO `country_translation` (`country_id`, `language_id`, `name`) VALUES (14, 'de', 'Norwegen');
INSERT INTO `country_translation` (`country_id`, `language_id`, `name`) VALUES (15, 'de', 'Panama');
INSERT INTO `country_translation` (`country_id`, `language_id`, `name`) VALUES (16, 'de', 'Puerto Rico');
INSERT INTO `country_translation` (`country_id`, `language_id`, `name`) VALUES (17, 'de', 'Russland');
INSERT INTO `country_translation` (`country_id`, `language_id`, `name`) VALUES (18, 'de', 'Singapur');
INSERT INTO `country_translation` (`country_id`, `language_id`, `name`) VALUES (19, 'de', 'Spanien');
INSERT INTO `country_translation` (`country_id`, `language_id`, `name`) VALUES (20, 'de', 'Schweden');
INSERT INTO `country_translation` (`country_id`, `language_id`, `name`) VALUES (21, 'de', 'Schweiz');
INSERT INTO `country_translation` (`country_id`, `language_id`, `name`) VALUES (22, 'de', 'Thailand');
INSERT INTO `country_translation` (`country_id`, `language_id`, `name`) VALUES (23, 'de', 'Türkei');
INSERT INTO `country_translation` (`country_id`, `language_id`, `name`) VALUES (24, 'de', 'Großbritannien');
INSERT INTO `country_translation` (`country_id`, `language_id`, `name`) VALUES (25, 'de', 'Vereinigte Staaten');
INSERT INTO `country_translation` (`country_id`, `language_id`, `name`) VALUES (26, 'de', 'Vietnam');
INSERT INTO `country_translation` (`country_id`, `language_id`, `name`) VALUES (27, 'de', 'China');
INSERT INTO `country_translation` (`country_id`, `language_id`, `name`) VALUES (28, 'de', 'Portugal');
INSERT INTO `country_translation` (`country_id`, `language_id`, `name`) VALUES (99999, 'de', 'No country');

INSERT INTO `country_translation` (`country_id`, `language_id`, `name`) VALUES (1, 'en', 'Australia');
INSERT INTO `country_translation` (`country_id`, `language_id`, `name`) VALUES (2, 'en', 'Austria');
INSERT INTO `country_translation` (`country_id`, `language_id`, `name`) VALUES (3, 'en', 'Bahamas');
INSERT INTO `country_translation` (`country_id`, `language_id`, `name`) VALUES (4, 'en', 'Brazil');
INSERT INTO `country_translation` (`country_id`, `language_id`, `name`) VALUES (5, 'en', 'Canada');
INSERT INTO `country_translation` (`country_id`, `language_id`, `name`) VALUES (6, 'en', 'France');
INSERT INTO `country_translation` (`country_id`, `language_id`, `name`) VALUES (7, 'en', 'Germany');
INSERT INTO `country_translation` (`country_id`, `language_id`, `name`) VALUES (8, 'en', 'Hungary');
INSERT INTO `country_translation` (`country_id`, `language_id`, `name`) VALUES (9, 'en', 'Indonesia');
INSERT INTO `country_translation` (`country_id`, `language_id`, `name`) VALUES (10, 'en', 'Italy');
INSERT INTO `country_translation` (`country_id`, `language_id`, `name`) VALUES (11, 'en', 'Malaysia');
INSERT INTO `country_translation` (`country_id`, `language_id`, `name`) VALUES (12, 'en', 'Myanmar (Burma)');
INSERT INTO `country_translation` (`country_id`, `language_id`, `name`) VALUES (13, 'en', 'Netherlands');
INSERT INTO `country_translation` (`country_id`, `language_id`, `name`) VALUES (14, 'en', 'Norway');
INSERT INTO `country_translation` (`country_id`, `language_id`, `name`) VALUES (15, 'en', 'Panama');
INSERT INTO `country_translation` (`country_id`, `language_id`, `name`) VALUES (16, 'en', 'Puerto Rico');
INSERT INTO `country_translation` (`country_id`, `language_id`, `name`) VALUES (17, 'en', 'Russia');
INSERT INTO `country_translation` (`country_id`, `language_id`, `name`) VALUES (18, 'en', 'Singapore');
INSERT INTO `country_translation` (`country_id`, `language_id`, `name`) VALUES (19, 'en', 'Spain');
INSERT INTO `country_translation` (`country_id`, `language_id`, `name`) VALUES (20, 'en', 'Sweden');
INSERT INTO `country_translation` (`country_id`, `language_id`, `name`) VALUES (21, 'en', 'Switzerland');
INSERT INTO `country_translation` (`country_id`, `language_id`, `name`) VALUES (22, 'en', 'Thailand');
INSERT INTO `country_translation` (`country_id`, `language_id`, `name`) VALUES (23, 'en', 'Turkey');
INSERT INTO `country_translation` (`country_id`, `language_id`, `name`) VALUES (24, 'en', 'UK');
INSERT INTO `country_translation` (`country_id`, `language_id`, `name`) VALUES (25, 'en', 'United States');
INSERT INTO `country_translation` (`country_id`, `language_id`, `name`) VALUES (26, 'en', 'Vietnam');
INSERT INTO `country_translation` (`country_id`, `language_id`, `name`) VALUES (27, 'en', 'China');
INSERT INTO `country_translation` (`country_id`, `language_id`, `name`) VALUES (28, 'en', 'Portugal');
INSERT INTO `country_translation` (`country_id`, `language_id`, `name`) VALUES (99999, 'en', 'No country');

INSERT INTO `country_translation` (`country_id`, `language_id`, `name`) VALUES (1, 'zh', '澳大利亚');
INSERT INTO `country_translation` (`country_id`, `language_id`, `name`) VALUES (2, 'zh', '奥地利');
INSERT INTO `country_translation` (`country_id`, `language_id`, `name`) VALUES (3, 'zh', '巴哈马');
INSERT INTO `country_translation` (`country_id`, `language_id`, `name`) VALUES (4, 'zh', '巴西');
INSERT INTO `country_translation` (`country_id`, `language_id`, `name`) VALUES (5, 'zh', '加拿大');
INSERT INTO `country_translation` (`country_id`, `language_id`, `name`) VALUES (6, 'zh', '法国');
INSERT INTO `country_translation` (`country_id`, `language_id`, `name`) VALUES (7, 'zh', '德国');
INSERT INTO `country_translation` (`country_id`, `language_id`, `name`) VALUES (8, 'zh', '匈牙利');
INSERT INTO `country_translation` (`country_id`, `language_id`, `name`) VALUES (9, 'zh', '印度尼西亚');
INSERT INTO `country_translation` (`country_id`, `language_id`, `name`) VALUES (10, 'zh', '意大利');
INSERT INTO `country_translation` (`country_id`, `language_id`, `name`) VALUES (11, 'zh', '马来西亚');
INSERT INTO `country_translation` (`country_id`, `language_id`, `name`) VALUES (12, 'zh', '缅甸');
INSERT INTO `country_translation` (`country_id`, `language_id`, `name`) VALUES (13, 'zh', '荷兰');
INSERT INTO `country_translation` (`country_id`, `language_id`, `name`) VALUES (14, 'zh', '挪威');
INSERT INTO `country_translation` (`country_id`, `language_id`, `name`) VALUES (15, 'zh', '巴拿马');
INSERT INTO `country_translation` (`country_id`, `language_id`, `name`) VALUES (16, 'zh', '波多黎各');
INSERT INTO `country_translation` (`country_id`, `language_id`, `name`) VALUES (17, 'zh', '俄罗斯');
INSERT INTO `country_translation` (`country_id`, `language_id`, `name`) VALUES (18, 'zh', '新加坡');
INSERT INTO `country_translation` (`country_id`, `language_id`, `name`) VALUES (19, 'zh', '西班牙');
INSERT INTO `country_translation` (`country_id`, `language_id`, `name`) VALUES (20, 'zh', '瑞典');
INSERT INTO `country_translation` (`country_id`, `language_id`, `name`) VALUES (21, 'zh', '瑞士');
INSERT INTO `country_translation` (`country_id`, `language_id`, `name`) VALUES (22, 'zh', '泰国');
INSERT INTO `country_translation` (`country_id`, `language_id`, `name`) VALUES (23, 'zh', '土耳其');
INSERT INTO `country_translation` (`country_id`, `language_id`, `name`) VALUES (24, 'zh', '英国');
INSERT INTO `country_translation` (`country_id`, `language_id`, `name`) VALUES (25, 'zh', '美国');
INSERT INTO `country_translation` (`country_id`, `language_id`, `name`) VALUES (26, 'zh', '越南');
INSERT INTO `country_translation` (`country_id`, `language_id`, `name`) VALUES (27, 'zh', '中国');
INSERT INTO `country_translation` (`country_id`, `language_id`, `name`) VALUES (28, 'zh', '葡国');
INSERT INTO `country_translation` (`country_id`, `language_id`, `name`) VALUES (99999, 'zh', 'No country');

INSERT INTO `country_translation` (`country_id`, `language_id`, `name`) VALUES (1, 'es', 'Australia');
INSERT INTO `country_translation` (`country_id`, `language_id`, `name`) VALUES (2, 'es', 'Austria');
INSERT INTO `country_translation` (`country_id`, `language_id`, `name`) VALUES (3, 'es', 'Bahamas');
INSERT INTO `country_translation` (`country_id`, `language_id`, `name`) VALUES (4, 'es', 'Brasil');
INSERT INTO `country_translation` (`country_id`, `language_id`, `name`) VALUES (5, 'es', 'Canadá');
INSERT INTO `country_translation` (`country_id`, `language_id`, `name`) VALUES (6, 'es', 'Francia');
INSERT INTO `country_translation` (`country_id`, `language_id`, `name`) VALUES (7, 'es', 'Alemania');
INSERT INTO `country_translation` (`country_id`, `language_id`, `name`) VALUES (8, 'es', 'Hungría');
INSERT INTO `country_translation` (`country_id`, `language_id`, `name`) VALUES (9, 'es', 'Indonesia');
INSERT INTO `country_translation` (`country_id`, `language_id`, `name`) VALUES (10, 'es', 'Italia');
INSERT INTO `country_translation` (`country_id`, `language_id`, `name`) VALUES (11, 'es', 'Malasia');
INSERT INTO `country_translation` (`country_id`, `language_id`, `name`) VALUES (12, 'es', 'Myanmar (Birmania)');
INSERT INTO `country_translation` (`country_id`, `language_id`, `name`) VALUES (13, 'es', 'Países Bajos');
INSERT INTO `country_translation` (`country_id`, `language_id`, `name`) VALUES (14, 'es', 'Noruega');
INSERT INTO `country_translation` (`country_id`, `language_id`, `name`) VALUES (15, 'es', 'Panamá');
INSERT INTO `country_translation` (`country_id`, `language_id`, `name`) VALUES (16, 'es', 'Puerto Rico');
INSERT INTO `country_translation` (`country_id`, `language_id`, `name`) VALUES (17, 'es', 'Rusia');
INSERT INTO `country_translation` (`country_id`, `language_id`, `name`) VALUES (18, 'es', 'Singapur');
INSERT INTO `country_translation` (`country_id`, `language_id`, `name`) VALUES (19, 'es', 'España');
INSERT INTO `country_translation` (`country_id`, `language_id`, `name`) VALUES (20, 'es', 'Suecia');
INSERT INTO `country_translation` (`country_id`, `language_id`, `name`) VALUES (21, 'es', 'Suiza');
INSERT INTO `country_translation` (`country_id`, `language_id`, `name`) VALUES (22, 'es', 'Tailandia');
INSERT INTO `country_translation` (`country_id`, `language_id`, `name`) VALUES (23, 'es', 'Turquía');
INSERT INTO `country_translation` (`country_id`, `language_id`, `name`) VALUES (24, 'es', 'Reino Unido');
INSERT INTO `country_translation` (`country_id`, `language_id`, `name`) VALUES (25, 'es', 'Estados Unidos');
INSERT INTO `country_translation` (`country_id`, `language_id`, `name`) VALUES (26, 'es', 'Vietnam');
INSERT INTO `country_translation` (`country_id`, `language_id`, `name`) VALUES (27, 'es', 'China');
INSERT INTO `country_translation` (`country_id`, `language_id`, `name`) VALUES (28, 'es', 'Portugal');
INSERT INTO `country_translation` (`country_id`, `language_id`, `name`) VALUES (99999, 'es', 'No country');

INSERT INTO `country_translation` (`country_id`, `language_id`, `name`) VALUES (1, 'fr', 'Australie');
INSERT INTO `country_translation` (`country_id`, `language_id`, `name`) VALUES (2, 'fr', 'Autriche');
INSERT INTO `country_translation` (`country_id`, `language_id`, `name`) VALUES (3, 'fr', 'Bahamas');
INSERT INTO `country_translation` (`country_id`, `language_id`, `name`) VALUES (4, 'fr', 'Brésil');
INSERT INTO `country_translation` (`country_id`, `language_id`, `name`) VALUES (5, 'fr', 'Canada');
INSERT INTO `country_translation` (`country_id`, `language_id`, `name`) VALUES (6, 'fr', 'France');
INSERT INTO `country_translation` (`country_id`, `language_id`, `name`) VALUES (7, 'fr', 'Allemagne');
INSERT INTO `country_translation` (`country_id`, `language_id`, `name`) VALUES (8, 'fr', 'Hongrie');
INSERT INTO `country_translation` (`country_id`, `language_id`, `name`) VALUES (9, 'fr', 'Indonésie');
INSERT INTO `country_translation` (`country_id`, `language_id`, `name`) VALUES (10, 'fr', 'Italie');
INSERT INTO `country_translation` (`country_id`, `language_id`, `name`) VALUES (11, 'fr', 'Malaisie');
INSERT INTO `country_translation` (`country_id`, `language_id`, `name`) VALUES (12, 'fr', 'Myanmar (Birmanie)');
INSERT INTO `country_translation` (`country_id`, `language_id`, `name`) VALUES (13, 'fr', 'Pays-Bas');
INSERT INTO `country_translation` (`country_id`, `language_id`, `name`) VALUES (14, 'fr', 'Norvège');
INSERT INTO `country_translation` (`country_id`, `language_id`, `name`) VALUES (15, 'fr', 'Panama');
INSERT INTO `country_translation` (`country_id`, `language_id`, `name`) VALUES (16, 'fr', 'Puerto Rico');
INSERT INTO `country_translation` (`country_id`, `language_id`, `name`) VALUES (17, 'fr', 'Russie');
INSERT INTO `country_translation` (`country_id`, `language_id`, `name`) VALUES (18, 'fr', 'Singapour');
INSERT INTO `country_translation` (`country_id`, `language_id`, `name`) VALUES (19, 'fr', 'Espagne');
INSERT INTO `country_translation` (`country_id`, `language_id`, `name`) VALUES (20, 'fr', 'Suède');
INSERT INTO `country_translation` (`country_id`, `language_id`, `name`) VALUES (21, 'fr', 'Suisse');
INSERT INTO `country_translation` (`country_id`, `language_id`, `name`) VALUES (22, 'fr', 'Thaïlande');
INSERT INTO `country_translation` (`country_id`, `language_id`, `name`) VALUES (23, 'fr', 'Turquie');
INSERT INTO `country_translation` (`country_id`, `language_id`, `name`) VALUES (24, 'fr', 'Royaume-Uni');
INSERT INTO `country_translation` (`country_id`, `language_id`, `name`) VALUES (25, 'fr', 'Etats-Unis');
INSERT INTO `country_translation` (`country_id`, `language_id`, `name`) VALUES (26, 'fr', 'Vietnam');
INSERT INTO `country_translation` (`country_id`, `language_id`, `name`) VALUES (27, 'fr', 'Chine');
INSERT INTO `country_translation` (`country_id`, `language_id`, `name`) VALUES (28, 'fr', 'Portugal');
INSERT INTO `country_translation` (`country_id`, `language_id`, `name`) VALUES (99999, 'fr', 'Aucun pays');

INSERT INTO `country_translation` (`country_id`,`language_id`,`name`) VALUES (29,'de','Jordanien');
INSERT INTO `country_translation` (`country_id`,`language_id`,`name`) VALUES (29,'en','Jordan');
INSERT INTO `country_translation` (`country_id`,`language_id`,`name`) VALUES (29,'es','Jordania');
INSERT INTO `country_translation` (`country_id`,`language_id`,`name`) VALUES (29,'zh','约旦');
INSERT INTO `country_translation` (`country_id`,`language_id`,`name`) VALUES (29,'fr','Jordanie');
INSERT INTO `country_translation` (`country_id`,`language_id`,`name`) VALUES (30,'de','Katar');
INSERT INTO `country_translation` (`country_id`,`language_id`,`name`) VALUES (30,'en','Qatar');
INSERT INTO `country_translation` (`country_id`,`language_id`,`name`) VALUES (30,'es','Qatar');
INSERT INTO `country_translation` (`country_id`,`language_id`,`name`) VALUES (30,'zh','卡塔尔');
INSERT INTO `country_translation` (`country_id`,`language_id`,`name`) VALUES (30,'fr','Qatar');
INSERT INTO `country_translation` (`country_id`,`language_id`,`name`) VALUES (31,'de','Vereinigte Arabische Emirate');
INSERT INTO `country_translation` (`country_id`,`language_id`,`name`) VALUES (31,'en','United Arab Emirate');
INSERT INTO `country_translation` (`country_id`,`language_id`,`name`) VALUES (31,'es','Emiratos Árabes Unidos');
INSERT INTO `country_translation` (`country_id`,`language_id`,`name`) VALUES (31,'zh','阿拉伯联合酋长国');
INSERT INTO `country_translation` (`country_id`,`language_id`,`name`) VALUES (31,'fr','Émirats Arabes Unis');
INSERT INTO `country_translation` (`country_id`,`language_id`,`name`) VALUES (32,'de','Ägypten');
INSERT INTO `country_translation` (`country_id`,`language_id`,`name`) VALUES (32,'en','Egypt');
INSERT INTO `country_translation` (`country_id`,`language_id`,`name`) VALUES (32,'es','Egipto');
INSERT INTO `country_translation` (`country_id`,`language_id`,`name`) VALUES (32,'zh','埃及');
INSERT INTO `country_translation` (`country_id`,`language_id`,`name`) VALUES (32,'fr','Égypte');
INSERT INTO `country_translation` (`country_id`,`language_id`,`name`) VALUES (33,'de','Kuwait ');
INSERT INTO `country_translation` (`country_id`,`language_id`,`name`) VALUES (33,'en','Kuwait ');
INSERT INTO `country_translation` (`country_id`,`language_id`,`name`) VALUES (33,'es','Kuwait ');
INSERT INTO `country_translation` (`country_id`,`language_id`,`name`) VALUES (33,'zh','科威特');
INSERT INTO `country_translation` (`country_id`,`language_id`,`name`) VALUES (33,'fr','Koweït ');
INSERT INTO `country_translation` (`country_id`,`language_id`,`name`) VALUES (34,'de','Bahrain ');
INSERT INTO `country_translation` (`country_id`,`language_id`,`name`) VALUES (34,'en','Bahrain ');
INSERT INTO `country_translation` (`country_id`,`language_id`,`name`) VALUES (34,'es','Bahrein');
INSERT INTO `country_translation` (`country_id`,`language_id`,`name`) VALUES (34,'zh','巴林 ');
INSERT INTO `country_translation` (`country_id`,`language_id`,`name`) VALUES (34,'fr','Bahreïn ');
INSERT INTO `country_translation` (`country_id`,`language_id`,`name`) VALUES (35,'de','Kambodscha');
INSERT INTO `country_translation` (`country_id`,`language_id`,`name`) VALUES (35,'en','Cambodia');
INSERT INTO `country_translation` (`country_id`,`language_id`,`name`) VALUES (35,'es','Camboya');
INSERT INTO `country_translation` (`country_id`,`language_id`,`name`) VALUES (35,'zh','柬 埔 寨');
INSERT INTO `country_translation` (`country_id`,`language_id`,`name`) VALUES (35,'fr','Cambodge');
INSERT INTO `country_translation` (`country_id`,`language_id`,`name`) VALUES (36,'de','Saudi-Arabien');
INSERT INTO `country_translation` (`country_id`,`language_id`,`name`) VALUES (36,'en','Saudi Arabia');
INSERT INTO `country_translation` (`country_id`,`language_id`,`name`) VALUES (36,'es','Arabia Saudí');
INSERT INTO `country_translation` (`country_id`,`language_id`,`name`) VALUES (36,'zh','沙特阿拉伯');
INSERT INTO `country_translation` (`country_id`,`language_id`,`name`) VALUES (36,'fr','Arabie Saoudite');
INSERT INTO `country_translation` (`country_id`,`language_id`,`name`) VALUES (37,'de','Taiwan');
INSERT INTO `country_translation` (`country_id`,`language_id`,`name`) VALUES (37,'en','Taiwan');
INSERT INTO `country_translation` (`country_id`,`language_id`,`name`) VALUES (37,'es','Taiwán');
INSERT INTO `country_translation` (`country_id`,`language_id`,`name`) VALUES (37,'zh','台湾');
INSERT INTO `country_translation` (`country_id`,`language_id`,`name`) VALUES (37,'fr','Taiwan');
INSERT INTO `country_translation` (`country_id`,`language_id`,`name`) VALUES (38,'de','Monaco');
INSERT INTO `country_translation` (`country_id`,`language_id`,`name`) VALUES (38,'en','Monaco');
INSERT INTO `country_translation` (`country_id`,`language_id`,`name`) VALUES (38,'es','Monaco');
INSERT INTO `country_translation` (`country_id`,`language_id`,`name`) VALUES (38,'zh','Monaco');
INSERT INTO `country_translation` (`country_id`,`language_id`,`name`) VALUES (38,'fr','Monaco');
INSERT INTO `country_translation` (`country_id`,`language_id`,`name`) VALUES (39,'de','Indien');
INSERT INTO `country_translation` (`country_id`,`language_id`,`name`) VALUES (39,'en','India');
INSERT INTO `country_translation` (`country_id`,`language_id`,`name`) VALUES (39,'es','India');
INSERT INTO `country_translation` (`country_id`,`language_id`,`name`) VALUES (39,'zh','印度');
INSERT INTO `country_translation` (`country_id`,`language_id`,`name`) VALUES (39,'fr','Inde');

COMMIT;


-- -----------------------------------------------------
-- Data for table `state`
-- -----------------------------------------------------
START TRANSACTION;

INSERT INTO `state` (`id`) VALUES (1);
INSERT INTO `state` (`id`) VALUES (2);
INSERT INTO `state` (`id`) VALUES (3);
INSERT INTO `state` (`id`) VALUES (4);
INSERT INTO `state` (`id`) VALUES (5);
INSERT INTO `state` (`id`) VALUES (6);
INSERT INTO `state` (`id`) VALUES (7);
INSERT INTO `state` (`id`) VALUES (8);
INSERT INTO `state` (`id`) VALUES (9);
INSERT INTO `state` (`id`) VALUES (10);
INSERT INTO `state` (`id`) VALUES (11);
INSERT INTO `state` (`id`) VALUES (12);
INSERT INTO `state` (`id`) VALUES (13);
INSERT INTO `state` (`id`) VALUES (14);
INSERT INTO `state` (`id`) VALUES (15);
INSERT INTO `state` (`id`) VALUES (16);
INSERT INTO `state` (`id`) VALUES (17);
INSERT INTO `state` (`id`) VALUES (18);
INSERT INTO `state` (`id`) VALUES (19);
INSERT INTO `state` (`id`) VALUES (20);
INSERT INTO `state` (`id`) VALUES (21);
INSERT INTO `state` (`id`) VALUES (22);
INSERT INTO `state` (`id`) VALUES (23);
INSERT INTO `state` (`id`) VALUES (24);
INSERT INTO `state` (`id`) VALUES (25);
INSERT INTO `state` (`id`) VALUES (26);
INSERT INTO `state` (`id`) VALUES (27);
INSERT INTO `state` (`id`) VALUES (28);
INSERT INTO `state` (`id`) VALUES (29);
INSERT INTO `state` (`id`) VALUES (30);
INSERT INTO `state` (`id`) VALUES (31);
INSERT INTO `state` (`id`) VALUES (32);
INSERT INTO `state` (`id`) VALUES (33);
INSERT INTO `state` (`id`) VALUES (34);
INSERT INTO `state` (`id`) VALUES (35);
INSERT INTO `state` (`id`) VALUES (36);
INSERT INTO `state` (`id`) VALUES (37);
INSERT INTO `state` (`id`) VALUES (38);
INSERT INTO `state` (`id`) VALUES (39);
INSERT INTO `state` (`id`) VALUES (40);
INSERT INTO `state` (`id`) VALUES (41);
INSERT INTO `state` (`id`) VALUES (42);
INSERT INTO `state` (`id`) VALUES (43);
INSERT INTO `state` (`id`) VALUES (44);
INSERT INTO `state` (`id`) VALUES (45);
INSERT INTO `state` (`id`) VALUES (46);
INSERT INTO `state` (`id`) VALUES (47);
INSERT INTO `state` (`id`) VALUES (48);
INSERT INTO `state` (`id`) VALUES (49);
INSERT INTO `state` (`id`) VALUES (50);
INSERT INTO `state` (`id`) VALUES (51);
INSERT INTO `state` (`id`) VALUES (52);
INSERT INTO `state` (`id`) VALUES (53);
INSERT INTO `state` (`id`) VALUES (54);
INSERT INTO `state` (`id`) VALUES (55);
INSERT INTO `state` (`id`) VALUES (56);
INSERT INTO `state` (`id`) VALUES (57);
INSERT INTO `state` (`id`) VALUES (58);
INSERT INTO `state` (`id`) VALUES (59);
INSERT INTO `state` (`id`) VALUES (60);
INSERT INTO `state` (`id`) VALUES (61);
INSERT INTO `state` (`id`) VALUES (62);
INSERT INTO `state` (`id`) VALUES (63);
INSERT INTO `state` (`id`) VALUES (64);
INSERT INTO `state` (`id`) VALUES (65);
INSERT INTO `state` (`id`) VALUES (66);
INSERT INTO `state` (`id`) VALUES (67);
INSERT INTO `state` (`id`) VALUES (68);
INSERT INTO `state` (`id`) VALUES (69);
INSERT INTO `state` (`id`) VALUES (70);
INSERT INTO `state` (`id`) VALUES (71);
INSERT INTO `state` (`id`) VALUES (72);
INSERT INTO `state` (`id`) VALUES (73);
INSERT INTO `state` (`id`) VALUES (74);
INSERT INTO `state` (`id`) VALUES (75);
INSERT INTO `state` (`id`) VALUES (76);
INSERT INTO `state` (`id`) VALUES (77);
INSERT INTO `state` (`id`) VALUES (78);
INSERT INTO `state` (`id`) VALUES (79);
INSERT INTO `state` (`id`) VALUES (80);
INSERT INTO `state` (`id`) VALUES (81);
INSERT INTO `state` (`id`) VALUES (82);
INSERT INTO `state` (`id`) VALUES (83);
INSERT INTO `state` (`id`) VALUES (84);
INSERT INTO `state` (`id`) VALUES (85);
INSERT INTO `state` (`id`) VALUES (86);
INSERT INTO `state` (`id`) VALUES (87);
INSERT INTO `state` (`id`) VALUES (88);
INSERT INTO `state` (`id`) VALUES (89);
INSERT INTO `state` (`id`) VALUES (90);
INSERT INTO `state` (`id`) VALUES (91);
INSERT INTO `state` (`id`) VALUES (92);
INSERT INTO `state` (`id`) VALUES (93);
INSERT INTO `state` (`id`) VALUES (94);
INSERT INTO `state` (`id`) VALUES (95);
INSERT INTO `state` (`id`) VALUES (96);
INSERT INTO `state` (`id`) VALUES (97);
INSERT INTO `state` (`id`) VALUES (98);
INSERT INTO `state` (`id`) VALUES (99);
INSERT INTO `state` (`id`) VALUES (100);
INSERT INTO `state` (`id`) VALUES (101);
INSERT INTO `state` (`id`) VALUES (102);
INSERT INTO `state` (`id`) VALUES (103);
INSERT INTO `state` (`id`) VALUES (104);
INSERT INTO `state` (`id`) VALUES (105);
INSERT INTO `state` (`id`) VALUES (106);
INSERT INTO `state` (`id`) VALUES (107);
INSERT INTO `state` (`id`) VALUES (108);
INSERT INTO `state` (`id`) VALUES (109);
INSERT INTO `state` (`id`) VALUES (110);
INSERT INTO `state` (`id`) VALUES (111);
INSERT INTO `state` (`id`) VALUES (112);
INSERT INTO `state` (`id`) VALUES (113);
INSERT INTO `state` (`id`) VALUES (114);
INSERT INTO `state` (`id`) VALUES (115);
INSERT INTO `state` (`id`) VALUES (116);
INSERT INTO `state` (`id`) VALUES (117);
INSERT INTO `state` (`id`) VALUES (118);
INSERT INTO `state` (`id`) VALUES (119);
INSERT INTO `state` (`id`) VALUES (120);
INSERT INTO `state` (`id`) VALUES (121);
INSERT INTO `state` (`id`) VALUES (122);
INSERT INTO `state` (`id`) VALUES (123);
INSERT INTO `state` (`id`) VALUES (124);
INSERT INTO `state` (`id`) VALUES (125);
INSERT INTO `state` (`id`) VALUES (126);
INSERT INTO `state` (`id`) VALUES (127);
INSERT INTO `state` (`id`) VALUES (128);
INSERT INTO `state` (`id`) VALUES (129);
INSERT INTO `state` (`id`) VALUES (130);
INSERT INTO `state` (`id`) VALUES (131);
INSERT INTO `state` (`id`) VALUES (132);
INSERT INTO `state` (`id`) VALUES (133);
INSERT INTO `state` (`id`) VALUES (134);
INSERT INTO `state` (`id`) VALUES (135);
INSERT INTO `state` (`id`) VALUES (136);
INSERT INTO `state` (`id`) VALUES (137);
INSERT INTO `state` (`id`) VALUES (138);
INSERT INTO `state` (`id`) VALUES (139);
INSERT INTO `state` (`id`) VALUES (140);
INSERT INTO `state` (`id`) VALUES (141);
INSERT INTO `state` (`id`) VALUES (142);
INSERT INTO `state` (`id`) VALUES (143);
INSERT INTO `state` (`id`) VALUES (144);
INSERT INTO `state` (`id`) VALUES (145);
INSERT INTO `state` (`id`) VALUES (146);
INSERT INTO `state` (`id`) VALUES (147);
INSERT INTO `state` (`id`) VALUES (148);
INSERT INTO `state` (`id`) VALUES (149);
INSERT INTO `state` (`id`) VALUES (150);
INSERT INTO `state` (`id`) VALUES (151);
INSERT INTO `state` (`id`) VALUES (152);
INSERT INTO `state` (`id`) VALUES (153);
INSERT INTO `state` (`id`) VALUES (154);
INSERT INTO `state` (`id`) VALUES (155);
INSERT INTO `state` (`id`) VALUES (156);
INSERT INTO `state` (`id`) VALUES (157);
INSERT INTO `state` (`id`) VALUES (158);
INSERT INTO `state` (`id`) VALUES (159);
INSERT INTO `state` (`id`) VALUES (160);
INSERT INTO `state` (`id`) VALUES (161);
INSERT INTO `state` (`id`) VALUES (162);
INSERT INTO `state` (`id`) VALUES (163);
INSERT INTO `state` (`id`) VALUES (164);
INSERT INTO `state` (`id`) VALUES (165);
INSERT INTO `state` (`id`) VALUES (166);
INSERT INTO `state` (`id`) VALUES (167);
INSERT INTO `state` (`id`) VALUES (168);
INSERT INTO `state` (`id`) VALUES (169);
INSERT INTO `state` (`id`) VALUES (170);
INSERT INTO `state` (`id`) VALUES (171);
INSERT INTO `state` (`id`) VALUES (172);
INSERT INTO `state` (`id`) VALUES (173);
INSERT INTO `state` (`id`) VALUES (174);
INSERT INTO `state` (`id`) VALUES (175);
INSERT INTO `state` (`id`) VALUES (176);
INSERT INTO `state` (`id`) VALUES (177);
INSERT INTO `state` (`id`) VALUES (178);
INSERT INTO `state` (`id`) VALUES (179);
INSERT INTO `state` (`id`) VALUES (180);
INSERT INTO `state` (`id`) VALUES (181);
INSERT INTO `state` (`id`) VALUES (182);
INSERT INTO `state` (`id`) VALUES (183);
INSERT INTO `state` (`id`) VALUES (184);
INSERT INTO `state` (`id`) VALUES (185);
INSERT INTO `state` (`id`) VALUES (186);
INSERT INTO `state` (`id`) VALUES (187);
INSERT INTO `state` (`id`) VALUES (188);
INSERT INTO `state` (`id`) VALUES (189);
INSERT INTO `state` (`id`) VALUES (190);
INSERT INTO `state` (`id`) VALUES (191);
INSERT INTO `state` (`id`) VALUES (192);
INSERT INTO `state` (`id`) VALUES (193);
INSERT INTO `state` (`id`) VALUES (194);
INSERT INTO `state` (`id`) VALUES (195);
INSERT INTO `state` (`id`) VALUES (196);
INSERT INTO `state` (`id`) VALUES (197);
INSERT INTO `state` (`id`) VALUES (198);
INSERT INTO `state` (`id`) VALUES (199);
INSERT INTO `state` (`id`) VALUES (200);
INSERT INTO `state` (`id`) VALUES (201);
INSERT INTO `state` (`id`) VALUES (202);
INSERT INTO `state` (`id`) VALUES (203);
INSERT INTO `state` (`id`) VALUES (204);
INSERT INTO `state` (`id`) VALUES (205);
INSERT INTO `state` (`id`) VALUES (206);
INSERT INTO `state` (`id`) VALUES (207);
INSERT INTO `state` (`id`) VALUES (208);
INSERT INTO `state` (`id`) VALUES (209);
INSERT INTO `state` (`id`) VALUES (210);
INSERT INTO `state` (`id`) VALUES (211);
INSERT INTO `state` (`id`) VALUES (212);
INSERT INTO `state` (`id`) VALUES (213);
INSERT INTO `state` (`id`) VALUES (214);
INSERT INTO `state` (`id`) VALUES (215);
INSERT INTO `state` (`id`) VALUES (216);
INSERT INTO `state` (`id`) VALUES (217);
INSERT INTO `state` (`id`) VALUES (218);
INSERT INTO `state` (`id`) VALUES (219);
INSERT INTO `state` (`id`) VALUES (220);
INSERT INTO `state` (`id`) VALUES (221);
INSERT INTO `state` (`id`) VALUES (222);
INSERT INTO `state` (`id`) VALUES (223);
INSERT INTO `state` (`id`) VALUES (224);
INSERT INTO `state` (`id`) VALUES (225);
INSERT INTO `state` (`id`) VALUES (226);
INSERT INTO `state` (`id`) VALUES (227);
INSERT INTO `state` (`id`) VALUES (228);
INSERT INTO `state` (`id`) VALUES (229);
INSERT INTO `state` (`id`) VALUES (230);
INSERT INTO `state` (`id`) VALUES (231);
INSERT INTO `state` (`id`) VALUES (232);
INSERT INTO `state` (`id`) VALUES (233);
INSERT INTO `state` (`id`) VALUES (234);
INSERT INTO `state` (`id`) VALUES (235);
INSERT INTO `state` (`id`) VALUES (236);
INSERT INTO `state` (`id`) VALUES (237);
INSERT INTO `state` (`id`) VALUES (238);
INSERT INTO `state` (`id`) VALUES (239);
INSERT INTO `state` (`id`) VALUES (240);
INSERT INTO `state` (`id`) VALUES (241);
INSERT INTO `state` (`id`) VALUES (242);
INSERT INTO `state` (`id`) VALUES (243);
INSERT INTO `state` (`id`) VALUES (244);
INSERT INTO `state` (`id`) VALUES (245);
INSERT INTO `state` (`id`) VALUES (246);
INSERT INTO `state` (`id`) VALUES (247);
INSERT INTO `state` (`id`) VALUES (248);
INSERT INTO `state` (`id`) VALUES (249);
INSERT INTO `state` (`id`) VALUES (250);
INSERT INTO `state` (`id`) VALUES (251);
INSERT INTO `state` (`id`) VALUES (252);
INSERT INTO `state` (`id`) VALUES (253);
INSERT INTO `state` (`id`) VALUES (254);
INSERT INTO `state` (`id`) VALUES (255);
INSERT INTO `state` (`id`) VALUES (256);
INSERT INTO `state` (`id`) VALUES (257);
INSERT INTO `state` (`id`) VALUES (258);
INSERT INTO `state` (`id`) VALUES (259);
INSERT INTO `state` (`id`) VALUES (260);
INSERT INTO `state` (`id`) VALUES (261);
INSERT INTO `state` (`id`) VALUES (262);
INSERT INTO `state` (`id`) VALUES (263);
INSERT INTO `state` (`id`) VALUES (264);
INSERT INTO `state` (`id`) VALUES (265);
INSERT INTO `state` (`id`) VALUES (266);
INSERT INTO `state` (`id`) VALUES (267);
INSERT INTO `state` (`id`) VALUES (268);
INSERT INTO `state` (`id`) VALUES (269);
INSERT INTO `state` (`id`) VALUES (270);
INSERT INTO `state` (`id`) VALUES (271);
INSERT INTO `state` (`id`) VALUES (272);
INSERT INTO `state` (`id`) VALUES (273);
INSERT INTO `state` (`id`) VALUES (274);
INSERT INTO `state` (`id`) VALUES (275);
INSERT INTO `state` (`id`) VALUES (276);
INSERT INTO `state` (`id`) VALUES (277);
INSERT INTO `state` (`id`) VALUES (278);
INSERT INTO `state` (`id`) VALUES (279);
INSERT INTO `state` (`id`) VALUES (280);
INSERT INTO `state` (`id`) VALUES (281);
INSERT INTO `state` (`id`) VALUES (282);
INSERT INTO `state` (`id`) VALUES (283);
INSERT INTO `state` (`id`) VALUES (284);
INSERT INTO `state` (`id`) VALUES (285);
INSERT INTO `state` (`id`) VALUES (286);
INSERT INTO `state` (`id`) VALUES (287);
INSERT INTO `state` (`id`) VALUES (288);
INSERT INTO `state` (`id`) VALUES (289);
INSERT INTO `state` (`id`) VALUES (290);
INSERT INTO `state` (`id`) VALUES (99999);

COMMIT;


-- -----------------------------------------------------
-- Data for table `state_translation`
-- -----------------------------------------------------
START TRANSACTION;

INSERT INTO `state_translation` (`state_id`, `language_id`, `name`) VALUES (1, 'de', 'Alabama');
INSERT INTO `state_translation` (`state_id`, `language_id`, `name`) VALUES (2, 'de', 'Alaska');
INSERT INTO `state_translation` (`state_id`, `language_id`, `name`) VALUES (3, 'de', 'Alberta');
INSERT INTO `state_translation` (`state_id`, `language_id`, `name`) VALUES (4, 'de', 'Arizona');
INSERT INTO `state_translation` (`state_id`, `language_id`, `name`) VALUES (5, 'de', 'Arkansas');
INSERT INTO `state_translation` (`state_id`, `language_id`, `name`) VALUES (6, 'de', 'Baden-Württemberg');
INSERT INTO `state_translation` (`state_id`, `language_id`, `name`) VALUES (7, 'de', 'Bahamas');
INSERT INTO `state_translation` (`state_id`, `language_id`, `name`) VALUES (8, 'de', 'Bangkok');
INSERT INTO `state_translation` (`state_id`, `language_id`, `name`) VALUES (9, 'de', 'Basel-Land');
INSERT INTO `state_translation` (`state_id`, `language_id`, `name`) VALUES (10, 'de', 'Bayern');
INSERT INTO `state_translation` (`state_id`, `language_id`, `name`) VALUES (11, 'de', 'Berlin');
INSERT INTO `state_translation` (`state_id`, `language_id`, `name`) VALUES (12, 'de', 'Bern');
INSERT INTO `state_translation` (`state_id`, `language_id`, `name`) VALUES (13, 'de', 'Brandenburg');
INSERT INTO `state_translation` (`state_id`, `language_id`, `name`) VALUES (14, 'de', 'Bremen');
INSERT INTO `state_translation` (`state_id`, `language_id`, `name`) VALUES (15, 'de', 'Budapest');
INSERT INTO `state_translation` (`state_id`, `language_id`, `name`) VALUES (16, 'de', 'Kalifornien');
INSERT INTO `state_translation` (`state_id`, `language_id`, `name`) VALUES (17, 'de', 'Zdetraler Bereich');
INSERT INTO `state_translation` (`state_id`, `language_id`, `name`) VALUES (18, 'de', 'Cdetro Oeste');
INSERT INTO `state_translation` (`state_id`, `language_id`, `name`) VALUES (19, 'de', 'Colorado');
INSERT INTO `state_translation` (`state_id`, `language_id`, `name`) VALUES (20, 'de', 'Connecticut');
INSERT INTO `state_translation` (`state_id`, `language_id`, `name`) VALUES (21, 'de', 'Delaware');
INSERT INTO `state_translation` (`state_id`, `language_id`, `name`) VALUES (22, 'de', 'Distrikt von Kolumbien');
INSERT INTO `state_translation` (`state_id`, `language_id`, `name`) VALUES (23, 'de', 'East Midlands');
INSERT INTO `state_translation` (`state_id`, `language_id`, `name`) VALUES (24, 'de', 'Florida');
INSERT INTO `state_translation` (`state_id`, `language_id`, `name`) VALUES (25, 'de', 'Gdef');
INSERT INTO `state_translation` (`state_id`, `language_id`, `name`) VALUES (26, 'de', 'Georgia');
INSERT INTO `state_translation` (`state_id`, `language_id`, `name`) VALUES (27, 'de', 'Deutschland landesweit');
INSERT INTO `state_translation` (`state_id`, `language_id`, `name`) VALUES (28, 'de', 'Hamburg');
INSERT INTO `state_translation` (`state_id`, `language_id`, `name`) VALUES (29, 'de', 'Hawaii');
INSERT INTO `state_translation` (`state_id`, `language_id`, `name`) VALUES (30, 'de', 'Hessen');
INSERT INTO `state_translation` (`state_id`, `language_id`, `name`) VALUES (31, 'de', 'Ho-Chi-Minh');
INSERT INTO `state_translation` (`state_id`, `language_id`, `name`) VALUES (32, 'de', 'Idaho');
INSERT INTO `state_translation` (`state_id`, `language_id`, `name`) VALUES (33, 'de', 'Ile-de-France');
INSERT INTO `state_translation` (`state_id`, `language_id`, `name`) VALUES (34, 'de', 'Illinois');
INSERT INTO `state_translation` (`state_id`, `language_id`, `name`) VALUES (35, 'de', 'Indiana');
INSERT INTO `state_translation` (`state_id`, `language_id`, `name`) VALUES (36, 'de', 'Indoneside Landesweit');
INSERT INTO `state_translation` (`state_id`, `language_id`, `name`) VALUES (37, 'de', 'İstanbul');
INSERT INTO `state_translation` (`state_id`, `language_id`, `name`) VALUES (38, 'de', 'Jurong Ost');
INSERT INTO `state_translation` (`state_id`, `language_id`, `name`) VALUES (39, 'de', 'Kansas');
INSERT INTO `state_translation` (`state_id`, `language_id`, `name`) VALUES (40, 'de', 'Kdetucky');
INSERT INTO `state_translation` (`state_id`, `language_id`, `name`) VALUES (41, 'de', 'Kuala Lumpur');
INSERT INTO `state_translation` (`state_id`, `language_id`, `name`) VALUES (42, 'de', 'Lombardei');
INSERT INTO `state_translation` (`state_id`, `language_id`, `name`) VALUES (43, 'de', 'Louisiana');
INSERT INTO `state_translation` (`state_id`, `language_id`, `name`) VALUES (44, 'de', 'Niedersachsen');
INSERT INTO `state_translation` (`state_id`, `language_id`, `name`) VALUES (45, 'de', 'Madrid');
INSERT INTO `state_translation` (`state_id`, `language_id`, `name`) VALUES (46, 'de', 'Maine');
INSERT INTO `state_translation` (`state_id`, `language_id`, `name`) VALUES (47, 'de', 'Maryland');
INSERT INTO `state_translation` (`state_id`, `language_id`, `name`) VALUES (48, 'de', 'Massachusetts');
INSERT INTO `state_translation` (`state_id`, `language_id`, `name`) VALUES (49, 'de', 'Mecklenburg-Vorpommern');
INSERT INTO `state_translation` (`state_id`, `language_id`, `name`) VALUES (50, 'de', 'Michigan');
INSERT INTO `state_translation` (`state_id`, `language_id`, `name`) VALUES (51, 'de', 'Minnesota');
INSERT INTO `state_translation` (`state_id`, `language_id`, `name`) VALUES (52, 'de', 'Mississippi');
INSERT INTO `state_translation` (`state_id`, `language_id`, `name`) VALUES (53, 'de', 'Missouri');
INSERT INTO `state_translation` (`state_id`, `language_id`, `name`) VALUES (54, 'de', 'Montana');
INSERT INTO `state_translation` (`state_id`, `language_id`, `name`) VALUES (55, 'de', 'Landesweit');
INSERT INTO `state_translation` (`state_id`, `language_id`, `name`) VALUES (56, 'de', 'Nevada');
INSERT INTO `state_translation` (`state_id`, `language_id`, `name`) VALUES (57, 'de', 'Neubraunschweig');
INSERT INTO `state_translation` (`state_id`, `language_id`, `name`) VALUES (58, 'de', 'New Jersey');
INSERT INTO `state_translation` (`state_id`, `language_id`, `name`) VALUES (59, 'de', 'New Mexico');
INSERT INTO `state_translation` (`state_id`, `language_id`, `name`) VALUES (60, 'de', 'Neusüdwales');
INSERT INTO `state_translation` (`state_id`, `language_id`, `name`) VALUES (61, 'de', 'New York');
INSERT INTO `state_translation` (`state_id`, `language_id`, `name`) VALUES (62, 'de', 'Nordeste');
INSERT INTO `state_translation` (`state_id`, `language_id`, `name`) VALUES (63, 'de', 'Norte (Brasilien)');
INSERT INTO `state_translation` (`state_id`, `language_id`, `name`) VALUES (64, 'de', 'Nordkarolina');
INSERT INTO `state_translation` (`state_id`, `language_id`, `name`) VALUES (65, 'de', 'Norddakota');
INSERT INTO `state_translation` (`state_id`, `language_id`, `name`) VALUES (66, 'de', 'Nordrhein-Westfalen');
INSERT INTO `state_translation` (`state_id`, `language_id`, `name`) VALUES (67, 'de', 'Nordwesten');
INSERT INTO `state_translation` (`state_id`, `language_id`, `name`) VALUES (68, 'de', 'Norwegen landesweit');
INSERT INTO `state_translation` (`state_id`, `language_id`, `name`) VALUES (69, 'de', 'Neuschottland');
INSERT INTO `state_translation` (`state_id`, `language_id`, `name`) VALUES (70, 'de', 'Ohio');
INSERT INTO `state_translation` (`state_id`, `language_id`, `name`) VALUES (71, 'de', 'Oklahoma');
INSERT INTO `state_translation` (`state_id`, `language_id`, `name`) VALUES (72, 'de', 'Ontario');
INSERT INTO `state_translation` (`state_id`, `language_id`, `name`) VALUES (73, 'de', 'Oregon');
INSERT INTO `state_translation` (`state_id`, `language_id`, `name`) VALUES (74, 'de', 'Oslo');
INSERT INTO `state_translation` (`state_id`, `language_id`, `name`) VALUES (75, 'de', 'Panama');
INSERT INTO `state_translation` (`state_id`, `language_id`, `name`) VALUES (76, 'de', 'Pdensylvania');
INSERT INTO `state_translation` (`state_id`, `language_id`, `name`) VALUES (77, 'de', 'Puerto Rico');
INSERT INTO `state_translation` (`state_id`, `language_id`, `name`) VALUES (78, 'de', 'Apulide');
INSERT INTO `state_translation` (`state_id`, `language_id`, `name`) VALUES (79, 'de', 'Rheinland-Pfalz');
INSERT INTO `state_translation` (`state_id`, `language_id`, `name`) VALUES (80, 'de', 'Rhode Island');
INSERT INTO `state_translation` (`state_id`, `language_id`, `name`) VALUES (81, 'de', 'Saarland');
INSERT INTO `state_translation` (`state_id`, `language_id`, `name`) VALUES (82, 'de', 'Salisbury');
INSERT INTO `state_translation` (`state_id`, `language_id`, `name`) VALUES (83, 'de', 'Sachsen');
INSERT INTO `state_translation` (`state_id`, `language_id`, `name`) VALUES (84, 'de', 'Sachsen-Anhalt');
INSERT INTO `state_translation` (`state_id`, `language_id`, `name`) VALUES (85, 'de', 'Schleswig-Holstein');
INSERT INTO `state_translation` (`state_id`, `language_id`, `name`) VALUES (86, 'de', 'Selangor');
INSERT INTO `state_translation` (`state_id`, `language_id`, `name`) VALUES (87, 'de', 'South Carolina');
INSERT INTO `state_translation` (`state_id`, `language_id`, `name`) VALUES (88, 'de', 'South Dakota');
INSERT INTO `state_translation` (`state_id`, `language_id`, `name`) VALUES (89, 'de', 'St. Gallde');
INSERT INTO `state_translation` (`state_id`, `language_id`, `name`) VALUES (90, 'de', 'Stockholm');
INSERT INTO `state_translation` (`state_id`, `language_id`, `name`) VALUES (91, 'de', 'Steiermark');
INSERT INTO `state_translation` (`state_id`, `language_id`, `name`) VALUES (92, 'de', 'Sudeste');
INSERT INTO `state_translation` (`state_id`, `language_id`, `name`) VALUES (93, 'de', 'Sul');
INSERT INTO `state_translation` (`state_id`, `language_id`, `name`) VALUES (94, 'de', 'Tenessee');
INSERT INTO `state_translation` (`state_id`, `language_id`, `name`) VALUES (95, 'de', 'Texas');
INSERT INTO `state_translation` (`state_id`, `language_id`, `name`) VALUES (96, 'de', 'Thüringen');
INSERT INTO `state_translation` (`state_id`, `language_id`, `name`) VALUES (97, 'de', 'Utah');
INSERT INTO `state_translation` (`state_id`, `language_id`, `name`) VALUES (98, 'de', 'Wien');
INSERT INTO `state_translation` (`state_id`, `language_id`, `name`) VALUES (99, 'de', 'Virginia');
INSERT INTO `state_translation` (`state_id`, `language_id`, `name`) VALUES (100, 'de', 'Washington');
INSERT INTO `state_translation` (`state_id`, `language_id`, `name`) VALUES (101, 'de', 'West-Virginia');
INSERT INTO `state_translation` (`state_id`, `language_id`, `name`) VALUES (102, 'de', 'Wisconsin');
INSERT INTO `state_translation` (`state_id`, `language_id`, `name`) VALUES (103, 'de', 'Region Rangoon');
INSERT INTO `state_translation` (`state_id`, `language_id`, `name`) VALUES (104, 'de', 'Zuid-Holland');
INSERT INTO `state_translation` (`state_id`, `language_id`, `name`) VALUES (105, 'de', 'Zürich');
INSERT INTO `state_translation` (`state_id`, `language_id`, `name`) VALUES (106, 'de', 'Anhui');
INSERT INTO `state_translation` (`state_id`, `language_id`, `name`) VALUES (107, 'de', 'Beijing');
INSERT INTO `state_translation` (`state_id`, `language_id`, `name`) VALUES (108, 'de', 'Chongqing');
INSERT INTO `state_translation` (`state_id`, `language_id`, `name`) VALUES (109, 'de', 'Fujian');
INSERT INTO `state_translation` (`state_id`, `language_id`, `name`) VALUES (110, 'de', 'Gansu');
INSERT INTO `state_translation` (`state_id`, `language_id`, `name`) VALUES (111, 'de', 'Guangdong');
INSERT INTO `state_translation` (`state_id`, `language_id`, `name`) VALUES (112, 'de', 'Guangxi');
INSERT INTO `state_translation` (`state_id`, `language_id`, `name`) VALUES (113, 'de', 'Guizhou');
INSERT INTO `state_translation` (`state_id`, `language_id`, `name`) VALUES (114, 'de', 'Hainan');
INSERT INTO `state_translation` (`state_id`, `language_id`, `name`) VALUES (115, 'de', 'Hebei');
INSERT INTO `state_translation` (`state_id`, `language_id`, `name`) VALUES (116, 'de', 'Heilongjiang');
INSERT INTO `state_translation` (`state_id`, `language_id`, `name`) VALUES (117, 'de', 'Henan');
INSERT INTO `state_translation` (`state_id`, `language_id`, `name`) VALUES (118, 'de', 'Hubei');
INSERT INTO `state_translation` (`state_id`, `language_id`, `name`) VALUES (119, 'de', 'Hunan');
INSERT INTO `state_translation` (`state_id`, `language_id`, `name`) VALUES (120, 'de', 'Innermongolia');
INSERT INTO `state_translation` (`state_id`, `language_id`, `name`) VALUES (121, 'de', 'Jiangsu');
INSERT INTO `state_translation` (`state_id`, `language_id`, `name`) VALUES (122, 'de', 'Jiangxi');
INSERT INTO `state_translation` (`state_id`, `language_id`, `name`) VALUES (123, 'de', 'Jilin');
INSERT INTO `state_translation` (`state_id`, `language_id`, `name`) VALUES (124, 'de', 'Liaoning');
INSERT INTO `state_translation` (`state_id`, `language_id`, `name`) VALUES (125, 'de', 'Multi');
INSERT INTO `state_translation` (`state_id`, `language_id`, `name`) VALUES (126, 'de', 'Ningxia');
INSERT INTO `state_translation` (`state_id`, `language_id`, `name`) VALUES (127, 'de', 'Qinghai');
INSERT INTO `state_translation` (`state_id`, `language_id`, `name`) VALUES (128, 'de', 'Shaanxi');
INSERT INTO `state_translation` (`state_id`, `language_id`, `name`) VALUES (129, 'de', 'Shandong');
INSERT INTO `state_translation` (`state_id`, `language_id`, `name`) VALUES (130, 'de', 'Shanghai');
INSERT INTO `state_translation` (`state_id`, `language_id`, `name`) VALUES (131, 'de', 'Shanxi');
INSERT INTO `state_translation` (`state_id`, `language_id`, `name`) VALUES (132, 'de', 'Sichuan');
INSERT INTO `state_translation` (`state_id`, `language_id`, `name`) VALUES (133, 'de', 'Tianjin');
INSERT INTO `state_translation` (`state_id`, `language_id`, `name`) VALUES (134, 'de', 'Tibet');
INSERT INTO `state_translation` (`state_id`, `language_id`, `name`) VALUES (135, 'de', 'Xinjiang');
INSERT INTO `state_translation` (`state_id`, `language_id`, `name`) VALUES (136, 'de', 'Yunnan');
INSERT INTO `state_translation` (`state_id`, `language_id`, `name`) VALUES (137, 'de', 'Zhejiang');
INSERT INTO `state_translation` (`state_id`, `language_id`, `name`) VALUES (138, 'de', 'Toskana');
INSERT INTO `state_translation` (`state_id`, `language_id`, `name`) VALUES (139, 'de', 'Emilia-Romagna');
INSERT INTO `state_translation` (`state_id`, `language_id`, `name`) VALUES (140, 'de', 'Venetien');
INSERT INTO `state_translation` (`state_id`, `language_id`, `name`) VALUES (141, 'de', 'Trentino');
INSERT INTO `state_translation` (`state_id`, `language_id`, `name`) VALUES (142, 'de', 'Verona');
INSERT INTO `state_translation` (`state_id`, `language_id`, `name`) VALUES (143, 'de', 'Kampanien');
INSERT INTO `state_translation` (`state_id`, `language_id`, `name`) VALUES (144, 'de', 'Piemont');
INSERT INTO `state_translation` (`state_id`, `language_id`, `name`) VALUES (145, 'de', 'Latium');
INSERT INTO `state_translation` (`state_id`, `language_id`, `name`) VALUES (146, 'de', 'Venedig');
INSERT INTO `state_translation` (`state_id`, `language_id`, `name`) VALUES (147, 'de', 'Ligurien');
INSERT INTO `state_translation` (`state_id`, `language_id`, `name`) VALUES (148, 'de', 'Foggia');
INSERT INTO `state_translation` (`state_id`, `language_id`, `name`) VALUES (149, 'de', 'Catania');
INSERT INTO `state_translation` (`state_id`, `language_id`, `name`) VALUES (150, 'de', 'Sardinien');
INSERT INTO `state_translation` (`state_id`, `language_id`, `name`) VALUES (151, 'de', 'Nebraska');
INSERT INTO `state_translation` (`state_id`, `language_id`, `name`) VALUES (152, 'de', 'Iowa');
INSERT INTO `state_translation` (`state_id`, `language_id`, `name`) VALUES (153, 'de', 'Hong Kong');
INSERT INTO `state_translation` (`state_id`, `language_id`, `name`) VALUES (154, 'de', 'Lissabon');
INSERT INTO `state_translation` (`state_id`, `language_id`, `name`) VALUES (155, 'de', 'Asturias');
INSERT INTO `state_translation` (`state_id`, `language_id`, `name`) VALUES (99999, 'de', 'No state');

INSERT INTO `state_translation` (`state_id`, `language_id`, `name`) VALUES (1, 'en', 'Alabama');
INSERT INTO `state_translation` (`state_id`, `language_id`, `name`) VALUES (2, 'en', 'Alaska');
INSERT INTO `state_translation` (`state_id`, `language_id`, `name`) VALUES (3, 'en', 'Alberta');
INSERT INTO `state_translation` (`state_id`, `language_id`, `name`) VALUES (4, 'en', 'Arizona');
INSERT INTO `state_translation` (`state_id`, `language_id`, `name`) VALUES (5, 'en', 'Arkansas');
INSERT INTO `state_translation` (`state_id`, `language_id`, `name`) VALUES (6, 'en', 'Baden-Württemberg');
INSERT INTO `state_translation` (`state_id`, `language_id`, `name`) VALUES (7, 'en', 'Bahamas');
INSERT INTO `state_translation` (`state_id`, `language_id`, `name`) VALUES (8, 'en', 'Bangkok');
INSERT INTO `state_translation` (`state_id`, `language_id`, `name`) VALUES (9, 'en', 'Basle-Country');
INSERT INTO `state_translation` (`state_id`, `language_id`, `name`) VALUES (10, 'en', 'Bavaria');
INSERT INTO `state_translation` (`state_id`, `language_id`, `name`) VALUES (11, 'en', 'Berlin');
INSERT INTO `state_translation` (`state_id`, `language_id`, `name`) VALUES (12, 'en', 'Berne');
INSERT INTO `state_translation` (`state_id`, `language_id`, `name`) VALUES (13, 'en', 'Brandenburg');
INSERT INTO `state_translation` (`state_id`, `language_id`, `name`) VALUES (14, 'en', 'Bremen');
INSERT INTO `state_translation` (`state_id`, `language_id`, `name`) VALUES (15, 'en', 'Budapest');
INSERT INTO `state_translation` (`state_id`, `language_id`, `name`) VALUES (16, 'en', 'California');
INSERT INTO `state_translation` (`state_id`, `language_id`, `name`) VALUES (17, 'en', 'Central area');
INSERT INTO `state_translation` (`state_id`, `language_id`, `name`) VALUES (18, 'en', 'Centro Oeste');
INSERT INTO `state_translation` (`state_id`, `language_id`, `name`) VALUES (19, 'en', 'Colorado');
INSERT INTO `state_translation` (`state_id`, `language_id`, `name`) VALUES (20, 'en', 'Connecticut');
INSERT INTO `state_translation` (`state_id`, `language_id`, `name`) VALUES (21, 'en', 'Delaware');
INSERT INTO `state_translation` (`state_id`, `language_id`, `name`) VALUES (22, 'en', 'District of Columbia');
INSERT INTO `state_translation` (`state_id`, `language_id`, `name`) VALUES (23, 'en', 'East Midlands');
INSERT INTO `state_translation` (`state_id`, `language_id`, `name`) VALUES (24, 'en', 'Florida');
INSERT INTO `state_translation` (`state_id`, `language_id`, `name`) VALUES (25, 'en', 'Geneva');
INSERT INTO `state_translation` (`state_id`, `language_id`, `name`) VALUES (26, 'en', 'Georgia');
INSERT INTO `state_translation` (`state_id`, `language_id`, `name`) VALUES (27, 'en', 'Germany nationwide');
INSERT INTO `state_translation` (`state_id`, `language_id`, `name`) VALUES (28, 'en', 'Hamburg');
INSERT INTO `state_translation` (`state_id`, `language_id`, `name`) VALUES (29, 'en', 'Hawaii');
INSERT INTO `state_translation` (`state_id`, `language_id`, `name`) VALUES (30, 'en', 'Hesse');
INSERT INTO `state_translation` (`state_id`, `language_id`, `name`) VALUES (31, 'en', 'Ho Chi Minh');
INSERT INTO `state_translation` (`state_id`, `language_id`, `name`) VALUES (32, 'en', 'Idaho');
INSERT INTO `state_translation` (`state_id`, `language_id`, `name`) VALUES (33, 'en', 'Ile-de-France');
INSERT INTO `state_translation` (`state_id`, `language_id`, `name`) VALUES (34, 'en', 'Illinois');
INSERT INTO `state_translation` (`state_id`, `language_id`, `name`) VALUES (35, 'en', 'Indiana');
INSERT INTO `state_translation` (`state_id`, `language_id`, `name`) VALUES (36, 'en', 'Indonesia Countrywide');
INSERT INTO `state_translation` (`state_id`, `language_id`, `name`) VALUES (37, 'en', 'İstanbul');
INSERT INTO `state_translation` (`state_id`, `language_id`, `name`) VALUES (38, 'en', 'Jurong East');
INSERT INTO `state_translation` (`state_id`, `language_id`, `name`) VALUES (39, 'en', 'Kansas');
INSERT INTO `state_translation` (`state_id`, `language_id`, `name`) VALUES (40, 'en', 'Kentucky');
INSERT INTO `state_translation` (`state_id`, `language_id`, `name`) VALUES (41, 'en', 'Kuala Lumpur');
INSERT INTO `state_translation` (`state_id`, `language_id`, `name`) VALUES (42, 'en', 'Lombardia');
INSERT INTO `state_translation` (`state_id`, `language_id`, `name`) VALUES (43, 'en', 'Louisiana');
INSERT INTO `state_translation` (`state_id`, `language_id`, `name`) VALUES (44, 'en', 'Lower Saxony');
INSERT INTO `state_translation` (`state_id`, `language_id`, `name`) VALUES (45, 'en', 'Madrid');
INSERT INTO `state_translation` (`state_id`, `language_id`, `name`) VALUES (46, 'en', 'Maine');
INSERT INTO `state_translation` (`state_id`, `language_id`, `name`) VALUES (47, 'en', 'Maryland');
INSERT INTO `state_translation` (`state_id`, `language_id`, `name`) VALUES (48, 'en', 'Massachusetts');
INSERT INTO `state_translation` (`state_id`, `language_id`, `name`) VALUES (49, 'en', 'Mecklenburg-Western Pomerania');
INSERT INTO `state_translation` (`state_id`, `language_id`, `name`) VALUES (50, 'en', 'Michigan');
INSERT INTO `state_translation` (`state_id`, `language_id`, `name`) VALUES (51, 'en', 'Minnesota');
INSERT INTO `state_translation` (`state_id`, `language_id`, `name`) VALUES (52, 'en', 'Mississippi');
INSERT INTO `state_translation` (`state_id`, `language_id`, `name`) VALUES (53, 'en', 'Missouri');
INSERT INTO `state_translation` (`state_id`, `language_id`, `name`) VALUES (54, 'en', 'Montana');
INSERT INTO `state_translation` (`state_id`, `language_id`, `name`) VALUES (55, 'en', 'Nationwide');
INSERT INTO `state_translation` (`state_id`, `language_id`, `name`) VALUES (56, 'en', 'Nevada');
INSERT INTO `state_translation` (`state_id`, `language_id`, `name`) VALUES (57, 'en', 'New Brunswick');
INSERT INTO `state_translation` (`state_id`, `language_id`, `name`) VALUES (58, 'en', 'New Jersey');
INSERT INTO `state_translation` (`state_id`, `language_id`, `name`) VALUES (59, 'en', 'New Mexico');
INSERT INTO `state_translation` (`state_id`, `language_id`, `name`) VALUES (60, 'en', 'New South Wales');
INSERT INTO `state_translation` (`state_id`, `language_id`, `name`) VALUES (61, 'en', 'New York');
INSERT INTO `state_translation` (`state_id`, `language_id`, `name`) VALUES (62, 'en', 'Nordeste');
INSERT INTO `state_translation` (`state_id`, `language_id`, `name`) VALUES (63, 'en', 'Norte (Brasil)');
INSERT INTO `state_translation` (`state_id`, `language_id`, `name`) VALUES (64, 'en', 'North Carolina');
INSERT INTO `state_translation` (`state_id`, `language_id`, `name`) VALUES (65, 'en', 'North Dakota');
INSERT INTO `state_translation` (`state_id`, `language_id`, `name`) VALUES (66, 'en', 'North Rhine-Westphalia');
INSERT INTO `state_translation` (`state_id`, `language_id`, `name`) VALUES (67, 'en', 'North West');
INSERT INTO `state_translation` (`state_id`, `language_id`, `name`) VALUES (68, 'en', 'Norway nationwide');
INSERT INTO `state_translation` (`state_id`, `language_id`, `name`) VALUES (69, 'en', 'Nova Scotia');
INSERT INTO `state_translation` (`state_id`, `language_id`, `name`) VALUES (70, 'en', 'Ohio');
INSERT INTO `state_translation` (`state_id`, `language_id`, `name`) VALUES (71, 'en', 'Oklahoma');
INSERT INTO `state_translation` (`state_id`, `language_id`, `name`) VALUES (72, 'en', 'Ontario');
INSERT INTO `state_translation` (`state_id`, `language_id`, `name`) VALUES (73, 'en', 'Oregon');
INSERT INTO `state_translation` (`state_id`, `language_id`, `name`) VALUES (74, 'en', 'Oslo');
INSERT INTO `state_translation` (`state_id`, `language_id`, `name`) VALUES (75, 'en', 'Panamá');
INSERT INTO `state_translation` (`state_id`, `language_id`, `name`) VALUES (76, 'en', 'Pennsylvania');
INSERT INTO `state_translation` (`state_id`, `language_id`, `name`) VALUES (77, 'en', 'Puerto Rico');
INSERT INTO `state_translation` (`state_id`, `language_id`, `name`) VALUES (78, 'en', 'Puglia');
INSERT INTO `state_translation` (`state_id`, `language_id`, `name`) VALUES (79, 'en', 'Rhineland-Palatinate');
INSERT INTO `state_translation` (`state_id`, `language_id`, `name`) VALUES (80, 'en', 'Rhode Island');
INSERT INTO `state_translation` (`state_id`, `language_id`, `name`) VALUES (81, 'en', 'Saarland');
INSERT INTO `state_translation` (`state_id`, `language_id`, `name`) VALUES (82, 'en', 'Salisbury');
INSERT INTO `state_translation` (`state_id`, `language_id`, `name`) VALUES (83, 'en', 'Saxony');
INSERT INTO `state_translation` (`state_id`, `language_id`, `name`) VALUES (84, 'en', 'Saxony-Anhalt');
INSERT INTO `state_translation` (`state_id`, `language_id`, `name`) VALUES (85, 'en', 'Schleswig-Holstein');
INSERT INTO `state_translation` (`state_id`, `language_id`, `name`) VALUES (86, 'en', 'Selangor');
INSERT INTO `state_translation` (`state_id`, `language_id`, `name`) VALUES (87, 'en', 'South Carolina');
INSERT INTO `state_translation` (`state_id`, `language_id`, `name`) VALUES (88, 'en', 'South Dakota');
INSERT INTO `state_translation` (`state_id`, `language_id`, `name`) VALUES (89, 'en', 'St. Gall');
INSERT INTO `state_translation` (`state_id`, `language_id`, `name`) VALUES (90, 'en', 'Stockholm');
INSERT INTO `state_translation` (`state_id`, `language_id`, `name`) VALUES (91, 'en', 'Styria');
INSERT INTO `state_translation` (`state_id`, `language_id`, `name`) VALUES (92, 'en', 'Sudeste');
INSERT INTO `state_translation` (`state_id`, `language_id`, `name`) VALUES (93, 'en', 'Sul');
INSERT INTO `state_translation` (`state_id`, `language_id`, `name`) VALUES (94, 'en', 'Tennessee');
INSERT INTO `state_translation` (`state_id`, `language_id`, `name`) VALUES (95, 'en', 'Texas');
INSERT INTO `state_translation` (`state_id`, `language_id`, `name`) VALUES (96, 'en', 'Thuringia');
INSERT INTO `state_translation` (`state_id`, `language_id`, `name`) VALUES (97, 'en', 'Utah');
INSERT INTO `state_translation` (`state_id`, `language_id`, `name`) VALUES (98, 'en', 'Vienna');
INSERT INTO `state_translation` (`state_id`, `language_id`, `name`) VALUES (99, 'en', 'Virginia');
INSERT INTO `state_translation` (`state_id`, `language_id`, `name`) VALUES (100, 'en', 'Washington');
INSERT INTO `state_translation` (`state_id`, `language_id`, `name`) VALUES (101, 'en', 'West Virginia');
INSERT INTO `state_translation` (`state_id`, `language_id`, `name`) VALUES (102, 'en', 'Wisconsin');
INSERT INTO `state_translation` (`state_id`, `language_id`, `name`) VALUES (103, 'en', 'Yangon Region');
INSERT INTO `state_translation` (`state_id`, `language_id`, `name`) VALUES (104, 'en', 'Zuid Holland');
INSERT INTO `state_translation` (`state_id`, `language_id`, `name`) VALUES (105, 'en', 'Zurich');
INSERT INTO `state_translation` (`state_id`, `language_id`, `name`) VALUES (106, 'en', 'Anhui');
INSERT INTO `state_translation` (`state_id`, `language_id`, `name`) VALUES (107, 'en', 'Beijing');
INSERT INTO `state_translation` (`state_id`, `language_id`, `name`) VALUES (108, 'en', 'Chongqing');
INSERT INTO `state_translation` (`state_id`, `language_id`, `name`) VALUES (109, 'en', 'Fujian');
INSERT INTO `state_translation` (`state_id`, `language_id`, `name`) VALUES (110, 'en', 'Gansu');
INSERT INTO `state_translation` (`state_id`, `language_id`, `name`) VALUES (111, 'en', 'Guangdong');
INSERT INTO `state_translation` (`state_id`, `language_id`, `name`) VALUES (112, 'en', 'Guangxi');
INSERT INTO `state_translation` (`state_id`, `language_id`, `name`) VALUES (113, 'en', 'Guizhou');
INSERT INTO `state_translation` (`state_id`, `language_id`, `name`) VALUES (114, 'en', 'Hainan');
INSERT INTO `state_translation` (`state_id`, `language_id`, `name`) VALUES (115, 'en', 'Hebei');
INSERT INTO `state_translation` (`state_id`, `language_id`, `name`) VALUES (116, 'en', 'Heilongjiang');
INSERT INTO `state_translation` (`state_id`, `language_id`, `name`) VALUES (117, 'en', 'Henan');
INSERT INTO `state_translation` (`state_id`, `language_id`, `name`) VALUES (118, 'en', 'Hubei');
INSERT INTO `state_translation` (`state_id`, `language_id`, `name`) VALUES (119, 'en', 'Hunan');
INSERT INTO `state_translation` (`state_id`, `language_id`, `name`) VALUES (120, 'en', 'Inner Mongolia');
INSERT INTO `state_translation` (`state_id`, `language_id`, `name`) VALUES (121, 'en', 'Jiangsu');
INSERT INTO `state_translation` (`state_id`, `language_id`, `name`) VALUES (122, 'en', 'Jiangxi');
INSERT INTO `state_translation` (`state_id`, `language_id`, `name`) VALUES (123, 'en', 'Jilin');
INSERT INTO `state_translation` (`state_id`, `language_id`, `name`) VALUES (124, 'en', 'Liaoning');
INSERT INTO `state_translation` (`state_id`, `language_id`, `name`) VALUES (125, 'en', 'Multi');
INSERT INTO `state_translation` (`state_id`, `language_id`, `name`) VALUES (126, 'en', 'Ningxia');
INSERT INTO `state_translation` (`state_id`, `language_id`, `name`) VALUES (127, 'en', 'Qinghai');
INSERT INTO `state_translation` (`state_id`, `language_id`, `name`) VALUES (128, 'en', 'Shaanxi');
INSERT INTO `state_translation` (`state_id`, `language_id`, `name`) VALUES (129, 'en', 'Shandong');
INSERT INTO `state_translation` (`state_id`, `language_id`, `name`) VALUES (130, 'en', 'Shanghai');
INSERT INTO `state_translation` (`state_id`, `language_id`, `name`) VALUES (131, 'en', 'Shanxi');
INSERT INTO `state_translation` (`state_id`, `language_id`, `name`) VALUES (132, 'en', 'Sichuan');
INSERT INTO `state_translation` (`state_id`, `language_id`, `name`) VALUES (133, 'en', 'Tianjin');
INSERT INTO `state_translation` (`state_id`, `language_id`, `name`) VALUES (134, 'en', 'Tibet');
INSERT INTO `state_translation` (`state_id`, `language_id`, `name`) VALUES (135, 'en', 'Xinjiang');
INSERT INTO `state_translation` (`state_id`, `language_id`, `name`) VALUES (136, 'en', 'Yunnan');
INSERT INTO `state_translation` (`state_id`, `language_id`, `name`) VALUES (137, 'en', 'Zhejiang');
INSERT INTO `state_translation` (`state_id`, `language_id`, `name`) VALUES (138, 'en', 'Tuscany');
INSERT INTO `state_translation` (`state_id`, `language_id`, `name`) VALUES (139, 'en', 'Emilia-Romagna');
INSERT INTO `state_translation` (`state_id`, `language_id`, `name`) VALUES (140, 'en', 'Veneto');
INSERT INTO `state_translation` (`state_id`, `language_id`, `name`) VALUES (141, 'en', 'Trentino');
INSERT INTO `state_translation` (`state_id`, `language_id`, `name`) VALUES (142, 'en', 'Verona');
INSERT INTO `state_translation` (`state_id`, `language_id`, `name`) VALUES (143, 'en', 'Campania');
INSERT INTO `state_translation` (`state_id`, `language_id`, `name`) VALUES (144, 'en', 'Piedmont');
INSERT INTO `state_translation` (`state_id`, `language_id`, `name`) VALUES (145, 'en', 'Lazio');
INSERT INTO `state_translation` (`state_id`, `language_id`, `name`) VALUES (146, 'en', 'Venice');
INSERT INTO `state_translation` (`state_id`, `language_id`, `name`) VALUES (147, 'en', 'Liguria');
INSERT INTO `state_translation` (`state_id`, `language_id`, `name`) VALUES (148, 'en', 'Foggia');
INSERT INTO `state_translation` (`state_id`, `language_id`, `name`) VALUES (149, 'en', 'Catania');
INSERT INTO `state_translation` (`state_id`, `language_id`, `name`) VALUES (150, 'en', 'Sardinia');
INSERT INTO `state_translation` (`state_id`, `language_id`, `name`) VALUES (151, 'en', 'Nebraska');
INSERT INTO `state_translation` (`state_id`, `language_id`, `name`) VALUES (152, 'en', 'Iowa');
INSERT INTO `state_translation` (`state_id`, `language_id`, `name`) VALUES (153, 'en', 'Hong Kong');
INSERT INTO `state_translation` (`state_id`, `language_id`, `name`) VALUES (154, 'en', 'Lissbon');
INSERT INTO `state_translation` (`state_id`, `language_id`, `name`) VALUES (155, 'en', 'Asturias');
INSERT INTO `state_translation` (`state_id`, `language_id`, `name`) VALUES (99999, 'en', 'No state');

INSERT INTO `state_translation` (`state_id`, `language_id`, `name`) VALUES (1, 'zh', '阿拉巴马州');
INSERT INTO `state_translation` (`state_id`, `language_id`, `name`) VALUES (2, 'zh', '阿拉斯加');
INSERT INTO `state_translation` (`state_id`, `language_id`, `name`) VALUES (3, 'zh', '艾伯塔');
INSERT INTO `state_translation` (`state_id`, `language_id`, `name`) VALUES (4, 'zh', '亚利桑那州');
INSERT INTO `state_translation` (`state_id`, `language_id`, `name`) VALUES (5, 'zh', '阿肯色州');
INSERT INTO `state_translation` (`state_id`, `language_id`, `name`) VALUES (6, 'zh', '巴登一符腾堡州');
INSERT INTO `state_translation` (`state_id`, `language_id`, `name`) VALUES (7, 'zh', '巴哈马');
INSERT INTO `state_translation` (`state_id`, `language_id`, `name`) VALUES (8, 'zh', '曼谷');
INSERT INTO `state_translation` (`state_id`, `language_id`, `name`) VALUES (9, 'zh', '巴塞尔-国家');
INSERT INTO `state_translation` (`state_id`, `language_id`, `name`) VALUES (10, 'zh', '巴伐利亚');
INSERT INTO `state_translation` (`state_id`, `language_id`, `name`) VALUES (11, 'zh', '柏林');
INSERT INTO `state_translation` (`state_id`, `language_id`, `name`) VALUES (12, 'zh', '伯尔尼');
INSERT INTO `state_translation` (`state_id`, `language_id`, `name`) VALUES (13, 'zh', '勃兰登堡');
INSERT INTO `state_translation` (`state_id`, `language_id`, `name`) VALUES (14, 'zh', '不来梅');
INSERT INTO `state_translation` (`state_id`, `language_id`, `name`) VALUES (15, 'zh', '布达佩斯');
INSERT INTO `state_translation` (`state_id`, `language_id`, `name`) VALUES (16, 'zh', '加州');
INSERT INTO `state_translation` (`state_id`, `language_id`, `name`) VALUES (17, 'zh', '中心区');
INSERT INTO `state_translation` (`state_id`, `language_id`, `name`) VALUES (18, 'zh', 'Centro Oeste');
INSERT INTO `state_translation` (`state_id`, `language_id`, `name`) VALUES (19, 'zh', '科罗拉多');
INSERT INTO `state_translation` (`state_id`, `language_id`, `name`) VALUES (20, 'zh', '康涅狄格州');
INSERT INTO `state_translation` (`state_id`, `language_id`, `name`) VALUES (21, 'zh', '特拉华州');
INSERT INTO `state_translation` (`state_id`, `language_id`, `name`) VALUES (22, 'zh', '哥伦比亚特区');
INSERT INTO `state_translation` (`state_id`, `language_id`, `name`) VALUES (23, 'zh', '东米德兰兹');
INSERT INTO `state_translation` (`state_id`, `language_id`, `name`) VALUES (24, 'zh', '佛罗里达州');
INSERT INTO `state_translation` (`state_id`, `language_id`, `name`) VALUES (25, 'zh', '日内瓦');
INSERT INTO `state_translation` (`state_id`, `language_id`, `name`) VALUES (26, 'zh', '格鲁吉亚');
INSERT INTO `state_translation` (`state_id`, `language_id`, `name`) VALUES (27, 'zh', '德国全国');
INSERT INTO `state_translation` (`state_id`, `language_id`, `name`) VALUES (28, 'zh', '汉堡');
INSERT INTO `state_translation` (`state_id`, `language_id`, `name`) VALUES (29, 'zh', '夏威夷');
INSERT INTO `state_translation` (`state_id`, `language_id`, `name`) VALUES (30, 'zh', '黑森');
INSERT INTO `state_translation` (`state_id`, `language_id`, `name`) VALUES (31, 'zh', '胡志明');
INSERT INTO `state_translation` (`state_id`, `language_id`, `name`) VALUES (32, 'zh', '爱达荷');
INSERT INTO `state_translation` (`state_id`, `language_id`, `name`) VALUES (33, 'zh', '法兰西岛');
INSERT INTO `state_translation` (`state_id`, `language_id`, `name`) VALUES (34, 'zh', '伊利诺伊州');
INSERT INTO `state_translation` (`state_id`, `language_id`, `name`) VALUES (35, 'zh', '印第安纳');
INSERT INTO `state_translation` (`state_id`, `language_id`, `name`) VALUES (36, 'zh', '印度尼西亚全国');
INSERT INTO `state_translation` (`state_id`, `language_id`, `name`) VALUES (37, 'zh', '伊斯坦布尔');
INSERT INTO `state_translation` (`state_id`, `language_id`, `name`) VALUES (38, 'zh', '裕廊东');
INSERT INTO `state_translation` (`state_id`, `language_id`, `name`) VALUES (39, 'zh', '堪萨斯');
INSERT INTO `state_translation` (`state_id`, `language_id`, `name`) VALUES (40, 'zh', '肯塔基州');
INSERT INTO `state_translation` (`state_id`, `language_id`, `name`) VALUES (41, 'zh', '吉隆坡');
INSERT INTO `state_translation` (`state_id`, `language_id`, `name`) VALUES (42, 'zh', '伦巴第');
INSERT INTO `state_translation` (`state_id`, `language_id`, `name`) VALUES (43, 'zh', '路易斯安那州');
INSERT INTO `state_translation` (`state_id`, `language_id`, `name`) VALUES (44, 'zh', '下萨克森州');
INSERT INTO `state_translation` (`state_id`, `language_id`, `name`) VALUES (45, 'zh', '马德里');
INSERT INTO `state_translation` (`state_id`, `language_id`, `name`) VALUES (46, 'zh', '缅因州');
INSERT INTO `state_translation` (`state_id`, `language_id`, `name`) VALUES (47, 'zh', '马里兰');
INSERT INTO `state_translation` (`state_id`, `language_id`, `name`) VALUES (48, 'zh', '马萨诸塞州');
INSERT INTO `state_translation` (`state_id`, `language_id`, `name`) VALUES (49, 'zh', '梅克伦堡-西波美拉尼亚');
INSERT INTO `state_translation` (`state_id`, `language_id`, `name`) VALUES (50, 'zh', '密歇根');
INSERT INTO `state_translation` (`state_id`, `language_id`, `name`) VALUES (51, 'zh', '明尼苏达');
INSERT INTO `state_translation` (`state_id`, `language_id`, `name`) VALUES (52, 'zh', '密西西比州');
INSERT INTO `state_translation` (`state_id`, `language_id`, `name`) VALUES (53, 'zh', '密苏里');
INSERT INTO `state_translation` (`state_id`, `language_id`, `name`) VALUES (54, 'zh', '蒙大拿');
INSERT INTO `state_translation` (`state_id`, `language_id`, `name`) VALUES (55, 'zh', '全国范围');
INSERT INTO `state_translation` (`state_id`, `language_id`, `name`) VALUES (56, 'zh', '内华达');
INSERT INTO `state_translation` (`state_id`, `language_id`, `name`) VALUES (57, 'zh', '新不伦瑞克');
INSERT INTO `state_translation` (`state_id`, `language_id`, `name`) VALUES (58, 'zh', '新泽西');
INSERT INTO `state_translation` (`state_id`, `language_id`, `name`) VALUES (59, 'zh', '新墨西哥州');
INSERT INTO `state_translation` (`state_id`, `language_id`, `name`) VALUES (60, 'zh', '新南威尔士州');
INSERT INTO `state_translation` (`state_id`, `language_id`, `name`) VALUES (61, 'zh', '纽约');
INSERT INTO `state_translation` (`state_id`, `language_id`, `name`) VALUES (62, 'zh', 'Nordeste');
INSERT INTO `state_translation` (`state_id`, `language_id`, `name`) VALUES (63, 'zh', '北部（巴西）');
INSERT INTO `state_translation` (`state_id`, `language_id`, `name`) VALUES (64, 'zh', '北卡');
INSERT INTO `state_translation` (`state_id`, `language_id`, `name`) VALUES (65, 'zh', '北达科他州');
INSERT INTO `state_translation` (`state_id`, `language_id`, `name`) VALUES (66, 'zh', '北莱茵-威斯特法伦州');
INSERT INTO `state_translation` (`state_id`, `language_id`, `name`) VALUES (67, 'zh', '西北');
INSERT INTO `state_translation` (`state_id`, `language_id`, `name`) VALUES (68, 'zh', '挪威全国');
INSERT INTO `state_translation` (`state_id`, `language_id`, `name`) VALUES (69, 'zh', '新斯科舍省');
INSERT INTO `state_translation` (`state_id`, `language_id`, `name`) VALUES (70, 'zh', '俄亥俄州');
INSERT INTO `state_translation` (`state_id`, `language_id`, `name`) VALUES (71, 'zh', '俄克拉荷马州');
INSERT INTO `state_translation` (`state_id`, `language_id`, `name`) VALUES (72, 'zh', '安大略省');
INSERT INTO `state_translation` (`state_id`, `language_id`, `name`) VALUES (73, 'zh', '俄勒冈州');
INSERT INTO `state_translation` (`state_id`, `language_id`, `name`) VALUES (74, 'zh', '奥斯陆');
INSERT INTO `state_translation` (`state_id`, `language_id`, `name`) VALUES (75, 'zh', '巴拿马');
INSERT INTO `state_translation` (`state_id`, `language_id`, `name`) VALUES (76, 'zh', '宾夕法尼亚州');
INSERT INTO `state_translation` (`state_id`, `language_id`, `name`) VALUES (77, 'zh', '波多黎各');
INSERT INTO `state_translation` (`state_id`, `language_id`, `name`) VALUES (78, 'zh', '普利亚');
INSERT INTO `state_translation` (`state_id`, `language_id`, `name`) VALUES (79, 'zh', '莱茵兰-法尔茨');
INSERT INTO `state_translation` (`state_id`, `language_id`, `name`) VALUES (80, 'zh', '罗德岛');
INSERT INTO `state_translation` (`state_id`, `language_id`, `name`) VALUES (81, 'zh', '萨尔州');
INSERT INTO `state_translation` (`state_id`, `language_id`, `name`) VALUES (82, 'zh', '索尔兹伯里');
INSERT INTO `state_translation` (`state_id`, `language_id`, `name`) VALUES (83, 'zh', '萨克森');
INSERT INTO `state_translation` (`state_id`, `language_id`, `name`) VALUES (84, 'zh', '萨克森-安哈尔特');
INSERT INTO `state_translation` (`state_id`, `language_id`, `name`) VALUES (85, 'zh', '石勒苏益格-荷尔斯泰因');
INSERT INTO `state_translation` (`state_id`, `language_id`, `name`) VALUES (86, 'zh', '雪兰莪州');
INSERT INTO `state_translation` (`state_id`, `language_id`, `name`) VALUES (87, 'zh', '南卡罗来纳州');
INSERT INTO `state_translation` (`state_id`, `language_id`, `name`) VALUES (88, 'zh', '南达科他州');
INSERT INTO `state_translation` (`state_id`, `language_id`, `name`) VALUES (89, 'zh', '圣加仑');
INSERT INTO `state_translation` (`state_id`, `language_id`, `name`) VALUES (90, 'zh', '斯德哥尔摩');
INSERT INTO `state_translation` (`state_id`, `language_id`, `name`) VALUES (91, 'zh', '施蒂利亞州');
INSERT INTO `state_translation` (`state_id`, `language_id`, `name`) VALUES (92, 'zh', 'Sudeste');
INSERT INTO `state_translation` (`state_id`, `language_id`, `name`) VALUES (93, 'zh', 'Sul');
INSERT INTO `state_translation` (`state_id`, `language_id`, `name`) VALUES (94, 'zh', '田纳西州');
INSERT INTO `state_translation` (`state_id`, `language_id`, `name`) VALUES (95, 'zh', '德州');
INSERT INTO `state_translation` (`state_id`, `language_id`, `name`) VALUES (96, 'zh', '图林根');
INSERT INTO `state_translation` (`state_id`, `language_id`, `name`) VALUES (97, 'zh', '犹他州');
INSERT INTO `state_translation` (`state_id`, `language_id`, `name`) VALUES (98, 'zh', '维也纳');
INSERT INTO `state_translation` (`state_id`, `language_id`, `name`) VALUES (99, 'zh', '弗吉尼亚');
INSERT INTO `state_translation` (`state_id`, `language_id`, `name`) VALUES (100, 'zh', '华盛顿');
INSERT INTO `state_translation` (`state_id`, `language_id`, `name`) VALUES (101, 'zh', '西弗吉尼亚');
INSERT INTO `state_translation` (`state_id`, `language_id`, `name`) VALUES (102, 'zh', '威斯康星州');
INSERT INTO `state_translation` (`state_id`, `language_id`, `name`) VALUES (103, 'zh', '仰光地区');
INSERT INTO `state_translation` (`state_id`, `language_id`, `name`) VALUES (104, 'zh', 'Zuid Holland');
INSERT INTO `state_translation` (`state_id`, `language_id`, `name`) VALUES (105, 'zh', '苏黎世');
INSERT INTO `state_translation` (`state_id`, `language_id`, `name`) VALUES (106, 'zh', '安徽省');
INSERT INTO `state_translation` (`state_id`, `language_id`, `name`) VALUES (107, 'zh', '北京');
INSERT INTO `state_translation` (`state_id`, `language_id`, `name`) VALUES (108, 'zh', '重庆市');
INSERT INTO `state_translation` (`state_id`, `language_id`, `name`) VALUES (109, 'zh', '福建');
INSERT INTO `state_translation` (`state_id`, `language_id`, `name`) VALUES (110, 'zh', '甘肃');
INSERT INTO `state_translation` (`state_id`, `language_id`, `name`) VALUES (111, 'zh', '粤');
INSERT INTO `state_translation` (`state_id`, `language_id`, `name`) VALUES (112, 'zh', '广西');
INSERT INTO `state_translation` (`state_id`, `language_id`, `name`) VALUES (113, 'zh', '贵州省');
INSERT INTO `state_translation` (`state_id`, `language_id`, `name`) VALUES (114, 'zh', '海南');
INSERT INTO `state_translation` (`state_id`, `language_id`, `name`) VALUES (115, 'zh', '河北省');
INSERT INTO `state_translation` (`state_id`, `language_id`, `name`) VALUES (116, 'zh', '黑龙江省');
INSERT INTO `state_translation` (`state_id`, `language_id`, `name`) VALUES (117, 'zh', '河南');
INSERT INTO `state_translation` (`state_id`, `language_id`, `name`) VALUES (118, 'zh', '湖北');
INSERT INTO `state_translation` (`state_id`, `language_id`, `name`) VALUES (119, 'zh', '湖南');
INSERT INTO `state_translation` (`state_id`, `language_id`, `name`) VALUES (120, 'zh', '内蒙古');
INSERT INTO `state_translation` (`state_id`, `language_id`, `name`) VALUES (121, 'zh', '江苏省');
INSERT INTO `state_translation` (`state_id`, `language_id`, `name`) VALUES (122, 'zh', '江西省');
INSERT INTO `state_translation` (`state_id`, `language_id`, `name`) VALUES (123, 'zh', '吉林省');
INSERT INTO `state_translation` (`state_id`, `language_id`, `name`) VALUES (124, 'zh', '辽宁省');
INSERT INTO `state_translation` (`state_id`, `language_id`, `name`) VALUES (125, 'zh', '多');
INSERT INTO `state_translation` (`state_id`, `language_id`, `name`) VALUES (126, 'zh', '宁夏');
INSERT INTO `state_translation` (`state_id`, `language_id`, `name`) VALUES (127, 'zh', '青海');
INSERT INTO `state_translation` (`state_id`, `language_id`, `name`) VALUES (128, 'zh', '陕西省');
INSERT INTO `state_translation` (`state_id`, `language_id`, `name`) VALUES (129, 'zh', '山东省');
INSERT INTO `state_translation` (`state_id`, `language_id`, `name`) VALUES (130, 'zh', '上海');
INSERT INTO `state_translation` (`state_id`, `language_id`, `name`) VALUES (131, 'zh', '山西省');
INSERT INTO `state_translation` (`state_id`, `language_id`, `name`) VALUES (132, 'zh', '四川省');
INSERT INTO `state_translation` (`state_id`, `language_id`, `name`) VALUES (133, 'zh', '天津');
INSERT INTO `state_translation` (`state_id`, `language_id`, `name`) VALUES (134, 'zh', '西藏');
INSERT INTO `state_translation` (`state_id`, `language_id`, `name`) VALUES (135, 'zh', '新疆');
INSERT INTO `state_translation` (`state_id`, `language_id`, `name`) VALUES (136, 'zh', '云南');
INSERT INTO `state_translation` (`state_id`, `language_id`, `name`) VALUES (137, 'zh', '浙江省');
INSERT INTO `state_translation` (`state_id`, `language_id`, `name`) VALUES (138, 'zh', '托斯卡纳');
INSERT INTO `state_translation` (`state_id`, `language_id`, `name`) VALUES (139, 'zh', '艾米利亚-罗马涅');
INSERT INTO `state_translation` (`state_id`, `language_id`, `name`) VALUES (140, 'zh', '威尼托');
INSERT INTO `state_translation` (`state_id`, `language_id`, `name`) VALUES (141, 'zh', '特伦蒂诺');
INSERT INTO `state_translation` (`state_id`, `language_id`, `name`) VALUES (142, 'zh', '维罗纳');
INSERT INTO `state_translation` (`state_id`, `language_id`, `name`) VALUES (143, 'zh', '坎帕尼亚');
INSERT INTO `state_translation` (`state_id`, `language_id`, `name`) VALUES (144, 'zh', '皮德蒙');
INSERT INTO `state_translation` (`state_id`, `language_id`, `name`) VALUES (145, 'zh', '拉齐奥');
INSERT INTO `state_translation` (`state_id`, `language_id`, `name`) VALUES (146, 'zh', '威尼斯');
INSERT INTO `state_translation` (`state_id`, `language_id`, `name`) VALUES (147, 'zh', '利古里亚');
INSERT INTO `state_translation` (`state_id`, `language_id`, `name`) VALUES (148, 'zh', 'Foggia');
INSERT INTO `state_translation` (`state_id`, `language_id`, `name`) VALUES (149, 'zh', '卡塔尼亚');
INSERT INTO `state_translation` (`state_id`, `language_id`, `name`) VALUES (150, 'zh', '撒丁岛');
INSERT INTO `state_translation` (`state_id`, `language_id`, `name`) VALUES (151, 'zh', 'Nebraska');
INSERT INTO `state_translation` (`state_id`, `language_id`, `name`) VALUES (152, 'zh', '爱荷华');
INSERT INTO `state_translation` (`state_id`, `language_id`, `name`) VALUES (153, 'zh', '香港');
INSERT INTO `state_translation` (`state_id`, `language_id`, `name`) VALUES (154, 'zh', '里斯本');
INSERT INTO `state_translation` (`state_id`, `language_id`, `name`) VALUES (155, 'zh', 'Asturias');
INSERT INTO `state_translation` (`state_id`, `language_id`, `name`) VALUES (99999, 'zh', 'No state');

INSERT INTO `state_translation` (`state_id`, `language_id`, `name`) VALUES (1, 'es', 'Alabama');
INSERT INTO `state_translation` (`state_id`, `language_id`, `name`) VALUES (2, 'es', 'Alaska');
INSERT INTO `state_translation` (`state_id`, `language_id`, `name`) VALUES (3, 'es', 'Alberta');
INSERT INTO `state_translation` (`state_id`, `language_id`, `name`) VALUES (4, 'es', 'Arizona');
INSERT INTO `state_translation` (`state_id`, `language_id`, `name`) VALUES (5, 'es', 'Arkansas');
INSERT INTO `state_translation` (`state_id`, `language_id`, `name`) VALUES (6, 'es', 'Baden-Württemberg');
INSERT INTO `state_translation` (`state_id`, `language_id`, `name`) VALUES (7, 'es', 'Bahamas');
INSERT INTO `state_translation` (`state_id`, `language_id`, `name`) VALUES (8, 'es', 'Bangkok');
INSERT INTO `state_translation` (`state_id`, `language_id`, `name`) VALUES (9, 'es', 'Basilea Campiña');
INSERT INTO `state_translation` (`state_id`, `language_id`, `name`) VALUES (10, 'es', 'Bavaria');
INSERT INTO `state_translation` (`state_id`, `language_id`, `name`) VALUES (11, 'es', 'Berlín');
INSERT INTO `state_translation` (`state_id`, `language_id`, `name`) VALUES (12, 'es', 'Berna');
INSERT INTO `state_translation` (`state_id`, `language_id`, `name`) VALUES (13, 'es', 'Brandenburgo');
INSERT INTO `state_translation` (`state_id`, `language_id`, `name`) VALUES (14, 'es', 'Bremen');
INSERT INTO `state_translation` (`state_id`, `language_id`, `name`) VALUES (15, 'es', 'Budapest');
INSERT INTO `state_translation` (`state_id`, `language_id`, `name`) VALUES (16, 'es', 'California');
INSERT INTO `state_translation` (`state_id`, `language_id`, `name`) VALUES (17, 'es', 'Área central');
INSERT INTO `state_translation` (`state_id`, `language_id`, `name`) VALUES (18, 'es', 'Centro Oeste');
INSERT INTO `state_translation` (`state_id`, `language_id`, `name`) VALUES (19, 'es', 'Colorado');
INSERT INTO `state_translation` (`state_id`, `language_id`, `name`) VALUES (20, 'es', 'Connecticut');
INSERT INTO `state_translation` (`state_id`, `language_id`, `name`) VALUES (21, 'es', 'Delaware');
INSERT INTO `state_translation` (`state_id`, `language_id`, `name`) VALUES (22, 'es', 'Distrito de Columbia');
INSERT INTO `state_translation` (`state_id`, `language_id`, `name`) VALUES (23, 'es', 'East Midlands');
INSERT INTO `state_translation` (`state_id`, `language_id`, `name`) VALUES (24, 'es', 'Florida');
INSERT INTO `state_translation` (`state_id`, `language_id`, `name`) VALUES (25, 'es', 'Ginebra');
INSERT INTO `state_translation` (`state_id`, `language_id`, `name`) VALUES (26, 'es', 'Georgia');
INSERT INTO `state_translation` (`state_id`, `language_id`, `name`) VALUES (27, 'es', 'Alemania (ámbito nacional)');
INSERT INTO `state_translation` (`state_id`, `language_id`, `name`) VALUES (28, 'es', 'Hamburgo');
INSERT INTO `state_translation` (`state_id`, `language_id`, `name`) VALUES (29, 'es', 'Hawái');
INSERT INTO `state_translation` (`state_id`, `language_id`, `name`) VALUES (30, 'es', 'Hesse');
INSERT INTO `state_translation` (`state_id`, `language_id`, `name`) VALUES (31, 'es', 'Ho Chi Minh');
INSERT INTO `state_translation` (`state_id`, `language_id`, `name`) VALUES (32, 'es', 'Idaho');
INSERT INTO `state_translation` (`state_id`, `language_id`, `name`) VALUES (33, 'es', 'Isla de Francia');
INSERT INTO `state_translation` (`state_id`, `language_id`, `name`) VALUES (34, 'es', 'Illinois');
INSERT INTO `state_translation` (`state_id`, `language_id`, `name`) VALUES (35, 'es', 'Indiana');
INSERT INTO `state_translation` (`state_id`, `language_id`, `name`) VALUES (36, 'es', 'Indonesia (ámbito nacional)');
INSERT INTO `state_translation` (`state_id`, `language_id`, `name`) VALUES (37, 'es', 'Estambul');
INSERT INTO `state_translation` (`state_id`, `language_id`, `name`) VALUES (38, 'es', 'Jurong East');
INSERT INTO `state_translation` (`state_id`, `language_id`, `name`) VALUES (39, 'es', 'Kansas');
INSERT INTO `state_translation` (`state_id`, `language_id`, `name`) VALUES (40, 'es', 'Kentucky');
INSERT INTO `state_translation` (`state_id`, `language_id`, `name`) VALUES (41, 'es', 'Kuala Lumpur');
INSERT INTO `state_translation` (`state_id`, `language_id`, `name`) VALUES (42, 'es', 'Lombardía');
INSERT INTO `state_translation` (`state_id`, `language_id`, `name`) VALUES (43, 'es', 'Louisiana');
INSERT INTO `state_translation` (`state_id`, `language_id`, `name`) VALUES (44, 'es', 'Baja Sajonia');
INSERT INTO `state_translation` (`state_id`, `language_id`, `name`) VALUES (45, 'es', 'Madrid');
INSERT INTO `state_translation` (`state_id`, `language_id`, `name`) VALUES (46, 'es', 'Maine');
INSERT INTO `state_translation` (`state_id`, `language_id`, `name`) VALUES (47, 'es', 'Maryland');
INSERT INTO `state_translation` (`state_id`, `language_id`, `name`) VALUES (48, 'es', 'Massachusetts');
INSERT INTO `state_translation` (`state_id`, `language_id`, `name`) VALUES (49, 'es', 'Mecklenburgo-Pomerania Occidental');
INSERT INTO `state_translation` (`state_id`, `language_id`, `name`) VALUES (50, 'es', 'Michigan');
INSERT INTO `state_translation` (`state_id`, `language_id`, `name`) VALUES (51, 'es', 'Minesota');
INSERT INTO `state_translation` (`state_id`, `language_id`, `name`) VALUES (52, 'es', 'Misisipi');
INSERT INTO `state_translation` (`state_id`, `language_id`, `name`) VALUES (53, 'es', 'Misuri');
INSERT INTO `state_translation` (`state_id`, `language_id`, `name`) VALUES (54, 'es', 'Montana');
INSERT INTO `state_translation` (`state_id`, `language_id`, `name`) VALUES (55, 'es', 'Àmbito nacional');
INSERT INTO `state_translation` (`state_id`, `language_id`, `name`) VALUES (56, 'es', 'Nevada');
INSERT INTO `state_translation` (`state_id`, `language_id`, `name`) VALUES (57, 'es', 'New Brunswick');
INSERT INTO `state_translation` (`state_id`, `language_id`, `name`) VALUES (58, 'es', 'Nueva Jersey');
INSERT INTO `state_translation` (`state_id`, `language_id`, `name`) VALUES (59, 'es', 'Nuevo México');
INSERT INTO `state_translation` (`state_id`, `language_id`, `name`) VALUES (60, 'es', 'Nueva Gales del Sur');
INSERT INTO `state_translation` (`state_id`, `language_id`, `name`) VALUES (61, 'es', 'Nueva York');
INSERT INTO `state_translation` (`state_id`, `language_id`, `name`) VALUES (62, 'es', 'Nordeste');
INSERT INTO `state_translation` (`state_id`, `language_id`, `name`) VALUES (63, 'es', 'Norte (Brasil)');
INSERT INTO `state_translation` (`state_id`, `language_id`, `name`) VALUES (64, 'es', 'Carolina del Norte');
INSERT INTO `state_translation` (`state_id`, `language_id`, `name`) VALUES (65, 'es', 'Dakota del Norte');
INSERT INTO `state_translation` (`state_id`, `language_id`, `name`) VALUES (66, 'es', 'Renania del Norte-Westfalia');
INSERT INTO `state_translation` (`state_id`, `language_id`, `name`) VALUES (67, 'es', 'Noroeste');
INSERT INTO `state_translation` (`state_id`, `language_id`, `name`) VALUES (68, 'es', 'Noruega (ámbito nacional)');
INSERT INTO `state_translation` (`state_id`, `language_id`, `name`) VALUES (69, 'es', 'Nueva Escocia');
INSERT INTO `state_translation` (`state_id`, `language_id`, `name`) VALUES (70, 'es', 'Ohio');
INSERT INTO `state_translation` (`state_id`, `language_id`, `name`) VALUES (71, 'es', 'Oklahoma');
INSERT INTO `state_translation` (`state_id`, `language_id`, `name`) VALUES (72, 'es', 'Ontario');
INSERT INTO `state_translation` (`state_id`, `language_id`, `name`) VALUES (73, 'es', 'Oregón');
INSERT INTO `state_translation` (`state_id`, `language_id`, `name`) VALUES (74, 'es', 'Oslo');
INSERT INTO `state_translation` (`state_id`, `language_id`, `name`) VALUES (75, 'es', 'Panamá');
INSERT INTO `state_translation` (`state_id`, `language_id`, `name`) VALUES (76, 'es', 'Pensilvania');
INSERT INTO `state_translation` (`state_id`, `language_id`, `name`) VALUES (77, 'es', 'Puerto Rico');
INSERT INTO `state_translation` (`state_id`, `language_id`, `name`) VALUES (78, 'es', 'Apulia');
INSERT INTO `state_translation` (`state_id`, `language_id`, `name`) VALUES (79, 'es', 'Renania-Palatinado');
INSERT INTO `state_translation` (`state_id`, `language_id`, `name`) VALUES (80, 'es', 'Rhode Island');
INSERT INTO `state_translation` (`state_id`, `language_id`, `name`) VALUES (81, 'es', 'Sarre');
INSERT INTO `state_translation` (`state_id`, `language_id`, `name`) VALUES (82, 'es', 'Salisbury');
INSERT INTO `state_translation` (`state_id`, `language_id`, `name`) VALUES (83, 'es', 'Sajonia');
INSERT INTO `state_translation` (`state_id`, `language_id`, `name`) VALUES (84, 'es', 'Sajonia-Anhalt');
INSERT INTO `state_translation` (`state_id`, `language_id`, `name`) VALUES (85, 'es', 'Schleswig-Holstein');
INSERT INTO `state_translation` (`state_id`, `language_id`, `name`) VALUES (86, 'es', 'Selangor');
INSERT INTO `state_translation` (`state_id`, `language_id`, `name`) VALUES (87, 'es', 'Carolina del Sur');
INSERT INTO `state_translation` (`state_id`, `language_id`, `name`) VALUES (88, 'es', 'Dakota del Sur');
INSERT INTO `state_translation` (`state_id`, `language_id`, `name`) VALUES (89, 'es', 'San Galo');
INSERT INTO `state_translation` (`state_id`, `language_id`, `name`) VALUES (90, 'es', 'Estocolmo');
INSERT INTO `state_translation` (`state_id`, `language_id`, `name`) VALUES (91, 'es', 'Estiria');
INSERT INTO `state_translation` (`state_id`, `language_id`, `name`) VALUES (92, 'es', 'Sudeste');
INSERT INTO `state_translation` (`state_id`, `language_id`, `name`) VALUES (93, 'es', 'Sul');
INSERT INTO `state_translation` (`state_id`, `language_id`, `name`) VALUES (94, 'es', 'Tennessee');
INSERT INTO `state_translation` (`state_id`, `language_id`, `name`) VALUES (95, 'es', 'Texas');
INSERT INTO `state_translation` (`state_id`, `language_id`, `name`) VALUES (96, 'es', 'Turingia');
INSERT INTO `state_translation` (`state_id`, `language_id`, `name`) VALUES (97, 'es', 'Utah');
INSERT INTO `state_translation` (`state_id`, `language_id`, `name`) VALUES (98, 'es', 'Viena');
INSERT INTO `state_translation` (`state_id`, `language_id`, `name`) VALUES (99, 'es', 'Virginia');
INSERT INTO `state_translation` (`state_id`, `language_id`, `name`) VALUES (100, 'es', 'Washington');
INSERT INTO `state_translation` (`state_id`, `language_id`, `name`) VALUES (101, 'es', 'Virginia Occidental');
INSERT INTO `state_translation` (`state_id`, `language_id`, `name`) VALUES (102, 'es', 'Wisconsin');
INSERT INTO `state_translation` (`state_id`, `language_id`, `name`) VALUES (103, 'es', 'Región de Rangún');
INSERT INTO `state_translation` (`state_id`, `language_id`, `name`) VALUES (104, 'es', 'Holanda Meridional');
INSERT INTO `state_translation` (`state_id`, `language_id`, `name`) VALUES (105, 'es', 'Zúrich');
INSERT INTO `state_translation` (`state_id`, `language_id`, `name`) VALUES (106, 'es', 'Anhui');
INSERT INTO `state_translation` (`state_id`, `language_id`, `name`) VALUES (107, 'es', 'Pekín');
INSERT INTO `state_translation` (`state_id`, `language_id`, `name`) VALUES (108, 'es', 'Chongqing');
INSERT INTO `state_translation` (`state_id`, `language_id`, `name`) VALUES (109, 'es', 'Fujian');
INSERT INTO `state_translation` (`state_id`, `language_id`, `name`) VALUES (110, 'es', 'Gansu');
INSERT INTO `state_translation` (`state_id`, `language_id`, `name`) VALUES (111, 'es', 'Guangdong');
INSERT INTO `state_translation` (`state_id`, `language_id`, `name`) VALUES (112, 'es', 'Guangxi');
INSERT INTO `state_translation` (`state_id`, `language_id`, `name`) VALUES (113, 'es', 'Guizhou');
INSERT INTO `state_translation` (`state_id`, `language_id`, `name`) VALUES (114, 'es', 'Hainan');
INSERT INTO `state_translation` (`state_id`, `language_id`, `name`) VALUES (115, 'es', 'Hebei');
INSERT INTO `state_translation` (`state_id`, `language_id`, `name`) VALUES (116, 'es', 'Heilongjiang');
INSERT INTO `state_translation` (`state_id`, `language_id`, `name`) VALUES (117, 'es', 'Henan');
INSERT INTO `state_translation` (`state_id`, `language_id`, `name`) VALUES (118, 'es', 'Hubei');
INSERT INTO `state_translation` (`state_id`, `language_id`, `name`) VALUES (119, 'es', 'Hunan');
INSERT INTO `state_translation` (`state_id`, `language_id`, `name`) VALUES (120, 'es', 'Mongolia Interior');
INSERT INTO `state_translation` (`state_id`, `language_id`, `name`) VALUES (121, 'es', 'Jiangsu');
INSERT INTO `state_translation` (`state_id`, `language_id`, `name`) VALUES (122, 'es', 'Jiangxi');
INSERT INTO `state_translation` (`state_id`, `language_id`, `name`) VALUES (123, 'es', 'Jilin');
INSERT INTO `state_translation` (`state_id`, `language_id`, `name`) VALUES (124, 'es', 'Liaoning');
INSERT INTO `state_translation` (`state_id`, `language_id`, `name`) VALUES (125, 'es', 'Multi');
INSERT INTO `state_translation` (`state_id`, `language_id`, `name`) VALUES (126, 'es', 'Ningxia');
INSERT INTO `state_translation` (`state_id`, `language_id`, `name`) VALUES (127, 'es', 'Qinghai');
INSERT INTO `state_translation` (`state_id`, `language_id`, `name`) VALUES (128, 'es', 'Shaanxi');
INSERT INTO `state_translation` (`state_id`, `language_id`, `name`) VALUES (129, 'es', 'Shandong');
INSERT INTO `state_translation` (`state_id`, `language_id`, `name`) VALUES (130, 'es', 'Shanghái');
INSERT INTO `state_translation` (`state_id`, `language_id`, `name`) VALUES (131, 'es', 'Shanxi');
INSERT INTO `state_translation` (`state_id`, `language_id`, `name`) VALUES (132, 'es', 'Sichuan');
INSERT INTO `state_translation` (`state_id`, `language_id`, `name`) VALUES (133, 'es', 'Tianjin');
INSERT INTO `state_translation` (`state_id`, `language_id`, `name`) VALUES (134, 'es', 'Tibet');
INSERT INTO `state_translation` (`state_id`, `language_id`, `name`) VALUES (135, 'es', 'Xinjiang');
INSERT INTO `state_translation` (`state_id`, `language_id`, `name`) VALUES (136, 'es', 'Yunnan');
INSERT INTO `state_translation` (`state_id`, `language_id`, `name`) VALUES (137, 'es', 'Zhejiang');
INSERT INTO `state_translation` (`state_id`, `language_id`, `name`) VALUES (138, 'es', 'Toscana');
INSERT INTO `state_translation` (`state_id`, `language_id`, `name`) VALUES (139, 'es', 'Emilia-Romaña');
INSERT INTO `state_translation` (`state_id`, `language_id`, `name`) VALUES (140, 'es', 'Veneto');
INSERT INTO `state_translation` (`state_id`, `language_id`, `name`) VALUES (141, 'es', 'Trentino');
INSERT INTO `state_translation` (`state_id`, `language_id`, `name`) VALUES (142, 'es', 'Verona');
INSERT INTO `state_translation` (`state_id`, `language_id`, `name`) VALUES (143, 'es', 'Campania');
INSERT INTO `state_translation` (`state_id`, `language_id`, `name`) VALUES (144, 'es', 'Piamonte');
INSERT INTO `state_translation` (`state_id`, `language_id`, `name`) VALUES (145, 'es', 'Lazio');
INSERT INTO `state_translation` (`state_id`, `language_id`, `name`) VALUES (146, 'es', 'Venecia');
INSERT INTO `state_translation` (`state_id`, `language_id`, `name`) VALUES (147, 'es', 'Liguria');
INSERT INTO `state_translation` (`state_id`, `language_id`, `name`) VALUES (148, 'es', 'Foggia');
INSERT INTO `state_translation` (`state_id`, `language_id`, `name`) VALUES (149, 'es', 'Catania');
INSERT INTO `state_translation` (`state_id`, `language_id`, `name`) VALUES (150, 'es', 'Cerdeña');
INSERT INTO `state_translation` (`state_id`, `language_id`, `name`) VALUES (151, 'es', 'Nebraska');
INSERT INTO `state_translation` (`state_id`, `language_id`, `name`) VALUES (152, 'es', 'Iowa');
INSERT INTO `state_translation` (`state_id`, `language_id`, `name`) VALUES (153, 'es', 'Hong Kong');
INSERT INTO `state_translation` (`state_id`, `language_id`, `name`) VALUES (154, 'es', 'Lisboa');
INSERT INTO `state_translation` (`state_id`, `language_id`, `name`) VALUES (155, 'es', 'Asturias');
INSERT INTO `state_translation` (`state_id`, `language_id`, `name`) VALUES (99999, 'es', 'No state');

INSERT INTO `state_translation` (`state_id`, `language_id`, `name`) VALUES (1, 'fr', 'Alabama');
INSERT INTO `state_translation` (`state_id`, `language_id`, `name`) VALUES (2, 'fr', 'Alaska');
INSERT INTO `state_translation` (`state_id`, `language_id`, `name`) VALUES (3, 'fr', 'Alberta');
INSERT INTO `state_translation` (`state_id`, `language_id`, `name`) VALUES (4, 'fr', 'Arizona');
INSERT INTO `state_translation` (`state_id`, `language_id`, `name`) VALUES (5, 'fr', 'Arkansas');
INSERT INTO `state_translation` (`state_id`, `language_id`, `name`) VALUES (6, 'fr', 'Baden-Württemberg');
INSERT INTO `state_translation` (`state_id`, `language_id`, `name`) VALUES (7, 'fr', 'Bahamas');
INSERT INTO `state_translation` (`state_id`, `language_id`, `name`) VALUES (8, 'fr', 'Bangkok');
INSERT INTO `state_translation` (`state_id`, `language_id`, `name`) VALUES (9, 'fr', 'Pays de Bâle');
INSERT INTO `state_translation` (`state_id`, `language_id`, `name`) VALUES (10, 'fr', 'Bavière');
INSERT INTO `state_translation` (`state_id`, `language_id`, `name`) VALUES (11, 'fr', 'Berlin');
INSERT INTO `state_translation` (`state_id`, `language_id`, `name`) VALUES (12, 'fr', 'Berne');
INSERT INTO `state_translation` (`state_id`, `language_id`, `name`) VALUES (13, 'fr', 'Brandebourg');
INSERT INTO `state_translation` (`state_id`, `language_id`, `name`) VALUES (14, 'fr', 'Brême');
INSERT INTO `state_translation` (`state_id`, `language_id`, `name`) VALUES (15, 'fr', 'Budapest');
INSERT INTO `state_translation` (`state_id`, `language_id`, `name`) VALUES (16, 'fr', 'Californie');
INSERT INTO `state_translation` (`state_id`, `language_id`, `name`) VALUES (17, 'fr', 'Région centrale');
INSERT INTO `state_translation` (`state_id`, `language_id`, `name`) VALUES (18, 'fr', 'Centro Oeste');
INSERT INTO `state_translation` (`state_id`, `language_id`, `name`) VALUES (19, 'fr', 'Colorado');
INSERT INTO `state_translation` (`state_id`, `language_id`, `name`) VALUES (20, 'fr', 'Connecticut');
INSERT INTO `state_translation` (`state_id`, `language_id`, `name`) VALUES (21, 'fr', 'Delaware');
INSERT INTO `state_translation` (`state_id`, `language_id`, `name`) VALUES (22, 'fr', 'District de Columbia');
INSERT INTO `state_translation` (`state_id`, `language_id`, `name`) VALUES (23, 'fr', 'Midlands de l´Est');
INSERT INTO `state_translation` (`state_id`, `language_id`, `name`) VALUES (24, 'fr', 'Floride');
INSERT INTO `state_translation` (`state_id`, `language_id`, `name`) VALUES (25, 'fr', 'Genève');
INSERT INTO `state_translation` (`state_id`, `language_id`, `name`) VALUES (26, 'fr', 'Géorgie');
INSERT INTO `state_translation` (`state_id`, `language_id`, `name`) VALUES (27, 'fr', 'Allemagne dans tout le pays');
INSERT INTO `state_translation` (`state_id`, `language_id`, `name`) VALUES (28, 'fr', 'Hambourg');
INSERT INTO `state_translation` (`state_id`, `language_id`, `name`) VALUES (29, 'fr', 'Hawaii');
INSERT INTO `state_translation` (`state_id`, `language_id`, `name`) VALUES (30, 'fr', 'Hesse');
INSERT INTO `state_translation` (`state_id`, `language_id`, `name`) VALUES (31, 'fr', 'Ho Chi Minh');
INSERT INTO `state_translation` (`state_id`, `language_id`, `name`) VALUES (32, 'fr', 'Idaho');
INSERT INTO `state_translation` (`state_id`, `language_id`, `name`) VALUES (33, 'fr', 'Ile-de-France');
INSERT INTO `state_translation` (`state_id`, `language_id`, `name`) VALUES (34, 'fr', 'Illinois');
INSERT INTO `state_translation` (`state_id`, `language_id`, `name`) VALUES (35, 'fr', 'Indiana');
INSERT INTO `state_translation` (`state_id`, `language_id`, `name`) VALUES (36, 'fr', 'Indonésie Tout le pays');
INSERT INTO `state_translation` (`state_id`, `language_id`, `name`) VALUES (37, 'fr', 'İstanbul');
INSERT INTO `state_translation` (`state_id`, `language_id`, `name`) VALUES (38, 'fr', 'Jurong Est');
INSERT INTO `state_translation` (`state_id`, `language_id`, `name`) VALUES (39, 'fr', 'Kansas');
INSERT INTO `state_translation` (`state_id`, `language_id`, `name`) VALUES (40, 'fr', 'Kentucky');
INSERT INTO `state_translation` (`state_id`, `language_id`, `name`) VALUES (41, 'fr', 'Kuala Lumpur');
INSERT INTO `state_translation` (`state_id`, `language_id`, `name`) VALUES (42, 'fr', 'Lombardie');
INSERT INTO `state_translation` (`state_id`, `language_id`, `name`) VALUES (43, 'fr', 'Louisiane');
INSERT INTO `state_translation` (`state_id`, `language_id`, `name`) VALUES (44, 'fr', 'Basse-Saxe');
INSERT INTO `state_translation` (`state_id`, `language_id`, `name`) VALUES (45, 'fr', 'Madrid');
INSERT INTO `state_translation` (`state_id`, `language_id`, `name`) VALUES (46, 'fr', 'Maine');
INSERT INTO `state_translation` (`state_id`, `language_id`, `name`) VALUES (47, 'fr', 'Maryland');
INSERT INTO `state_translation` (`state_id`, `language_id`, `name`) VALUES (48, 'fr', 'Massachusetts');
INSERT INTO `state_translation` (`state_id`, `language_id`, `name`) VALUES (49, 'fr', 'Mecklembourg-Poméranie occidentale');
INSERT INTO `state_translation` (`state_id`, `language_id`, `name`) VALUES (50, 'fr', 'Michigan');
INSERT INTO `state_translation` (`state_id`, `language_id`, `name`) VALUES (51, 'fr', 'Minnesota');
INSERT INTO `state_translation` (`state_id`, `language_id`, `name`) VALUES (52, 'fr', 'Mississippi');
INSERT INTO `state_translation` (`state_id`, `language_id`, `name`) VALUES (53, 'fr', 'Missouri');
INSERT INTO `state_translation` (`state_id`, `language_id`, `name`) VALUES (54, 'fr', 'Montana');
INSERT INTO `state_translation` (`state_id`, `language_id`, `name`) VALUES (55, 'fr', 'dans tout le pays');
INSERT INTO `state_translation` (`state_id`, `language_id`, `name`) VALUES (56, 'fr', 'Nevada');
INSERT INTO `state_translation` (`state_id`, `language_id`, `name`) VALUES (57, 'fr', 'Nouveau-Brunswick');
INSERT INTO `state_translation` (`state_id`, `language_id`, `name`) VALUES (58, 'fr', 'New Jersey');
INSERT INTO `state_translation` (`state_id`, `language_id`, `name`) VALUES (59, 'fr', 'New Mexico');
INSERT INTO `state_translation` (`state_id`, `language_id`, `name`) VALUES (60, 'fr', 'Nouvelle Galles du Sud');
INSERT INTO `state_translation` (`state_id`, `language_id`, `name`) VALUES (61, 'fr', 'New York');
INSERT INTO `state_translation` (`state_id`, `language_id`, `name`) VALUES (62, 'fr', 'Nordeste');
INSERT INTO `state_translation` (`state_id`, `language_id`, `name`) VALUES (63, 'fr', 'Norte (Brésil)');
INSERT INTO `state_translation` (`state_id`, `language_id`, `name`) VALUES (64, 'fr', 'Caroline du Nord');
INSERT INTO `state_translation` (`state_id`, `language_id`, `name`) VALUES (65, 'fr', 'Dakota du nord');
INSERT INTO `state_translation` (`state_id`, `language_id`, `name`) VALUES (66, 'fr', 'Rhénanie du Nord-Westphalie');
INSERT INTO `state_translation` (`state_id`, `language_id`, `name`) VALUES (67, 'fr', 'Nord Ouest');
INSERT INTO `state_translation` (`state_id`, `language_id`, `name`) VALUES (68, 'fr', 'Norvège dans tout le pays');
INSERT INTO `state_translation` (`state_id`, `language_id`, `name`) VALUES (69, 'fr', 'Nouvelle-Écosse');
INSERT INTO `state_translation` (`state_id`, `language_id`, `name`) VALUES (70, 'fr', 'Ohio');
INSERT INTO `state_translation` (`state_id`, `language_id`, `name`) VALUES (71, 'fr', 'Oklahoma');
INSERT INTO `state_translation` (`state_id`, `language_id`, `name`) VALUES (72, 'fr', 'Ontario');
INSERT INTO `state_translation` (`state_id`, `language_id`, `name`) VALUES (73, 'fr', 'Oregon');
INSERT INTO `state_translation` (`state_id`, `language_id`, `name`) VALUES (74, 'fr', 'Oslo');
INSERT INTO `state_translation` (`state_id`, `language_id`, `name`) VALUES (75, 'fr', 'Panama');
INSERT INTO `state_translation` (`state_id`, `language_id`, `name`) VALUES (76, 'fr', 'Pennsylvanie');
INSERT INTO `state_translation` (`state_id`, `language_id`, `name`) VALUES (77, 'fr', 'Porto Rico');
INSERT INTO `state_translation` (`state_id`, `language_id`, `name`) VALUES (78, 'fr', 'Pouilles');
INSERT INTO `state_translation` (`state_id`, `language_id`, `name`) VALUES (79, 'fr', 'Rhénanie-Palatinat');
INSERT INTO `state_translation` (`state_id`, `language_id`, `name`) VALUES (80, 'fr', 'Rhode Island');
INSERT INTO `state_translation` (`state_id`, `language_id`, `name`) VALUES (81, 'fr', 'Sarre');
INSERT INTO `state_translation` (`state_id`, `language_id`, `name`) VALUES (82, 'fr', 'Salisbury');
INSERT INTO `state_translation` (`state_id`, `language_id`, `name`) VALUES (83, 'fr', 'Saxe');
INSERT INTO `state_translation` (`state_id`, `language_id`, `name`) VALUES (84, 'fr', 'Saxe-Anhalt');
INSERT INTO `state_translation` (`state_id`, `language_id`, `name`) VALUES (85, 'fr', 'Schleswig-Holstein');
INSERT INTO `state_translation` (`state_id`, `language_id`, `name`) VALUES (86, 'fr', 'Selangor');
INSERT INTO `state_translation` (`state_id`, `language_id`, `name`) VALUES (87, 'fr', 'Caroline du Sud');
INSERT INTO `state_translation` (`state_id`, `language_id`, `name`) VALUES (88, 'fr', 'Dakota du Sud');
INSERT INTO `state_translation` (`state_id`, `language_id`, `name`) VALUES (89, 'fr', 'Saint-Gall');
INSERT INTO `state_translation` (`state_id`, `language_id`, `name`) VALUES (90, 'fr', 'Stockholm');
INSERT INTO `state_translation` (`state_id`, `language_id`, `name`) VALUES (91, 'fr', 'Styrie');
INSERT INTO `state_translation` (`state_id`, `language_id`, `name`) VALUES (92, 'fr', 'Sudeste');
INSERT INTO `state_translation` (`state_id`, `language_id`, `name`) VALUES (93, 'fr', 'Sul');
INSERT INTO `state_translation` (`state_id`, `language_id`, `name`) VALUES (94, 'fr', 'Tennessee');
INSERT INTO `state_translation` (`state_id`, `language_id`, `name`) VALUES (95, 'fr', 'Texas');
INSERT INTO `state_translation` (`state_id`, `language_id`, `name`) VALUES (96, 'fr', 'Thuringe');
INSERT INTO `state_translation` (`state_id`, `language_id`, `name`) VALUES (97, 'fr', 'Utah');
INSERT INTO `state_translation` (`state_id`, `language_id`, `name`) VALUES (98, 'fr', 'Vienne');
INSERT INTO `state_translation` (`state_id`, `language_id`, `name`) VALUES (99, 'fr', 'Virginie');
INSERT INTO `state_translation` (`state_id`, `language_id`, `name`) VALUES (100, 'fr', 'Washington');
INSERT INTO `state_translation` (`state_id`, `language_id`, `name`) VALUES (101, 'fr', 'Virginie-Occidentale');
INSERT INTO `state_translation` (`state_id`, `language_id`, `name`) VALUES (102, 'fr', 'Wisconsin');
INSERT INTO `state_translation` (`state_id`, `language_id`, `name`) VALUES (103, 'fr', 'Région de Yangon');
INSERT INTO `state_translation` (`state_id`, `language_id`, `name`) VALUES (104, 'fr', 'Zuid Holland');
INSERT INTO `state_translation` (`state_id`, `language_id`, `name`) VALUES (105, 'fr', 'Zurich');
INSERT INTO `state_translation` (`state_id`, `language_id`, `name`) VALUES (106, 'fr', 'Anhui');
INSERT INTO `state_translation` (`state_id`, `language_id`, `name`) VALUES (107, 'fr', 'Pékin');
INSERT INTO `state_translation` (`state_id`, `language_id`, `name`) VALUES (108, 'fr', 'Chongqing');
INSERT INTO `state_translation` (`state_id`, `language_id`, `name`) VALUES (109, 'fr', 'Fujian');
INSERT INTO `state_translation` (`state_id`, `language_id`, `name`) VALUES (110, 'fr', 'Gansu');
INSERT INTO `state_translation` (`state_id`, `language_id`, `name`) VALUES (111, 'fr', 'Guangdong');
INSERT INTO `state_translation` (`state_id`, `language_id`, `name`) VALUES (112, 'fr', 'Guangxi');
INSERT INTO `state_translation` (`state_id`, `language_id`, `name`) VALUES (113, 'fr', 'Guizhou');
INSERT INTO `state_translation` (`state_id`, `language_id`, `name`) VALUES (114, 'fr', 'Hainan');
INSERT INTO `state_translation` (`state_id`, `language_id`, `name`) VALUES (115, 'fr', 'Hebei');
INSERT INTO `state_translation` (`state_id`, `language_id`, `name`) VALUES (116, 'fr', 'Heilongjiang');
INSERT INTO `state_translation` (`state_id`, `language_id`, `name`) VALUES (117, 'fr', 'Henan');
INSERT INTO `state_translation` (`state_id`, `language_id`, `name`) VALUES (118, 'fr', 'Hubei');
INSERT INTO `state_translation` (`state_id`, `language_id`, `name`) VALUES (119, 'fr', 'Hunan');
INSERT INTO `state_translation` (`state_id`, `language_id`, `name`) VALUES (120, 'fr', 'Mongolie intérieure');
INSERT INTO `state_translation` (`state_id`, `language_id`, `name`) VALUES (121, 'fr', 'Jiangsu');
INSERT INTO `state_translation` (`state_id`, `language_id`, `name`) VALUES (122, 'fr', 'Jiangxi');
INSERT INTO `state_translation` (`state_id`, `language_id`, `name`) VALUES (123, 'fr', 'Jilin');
INSERT INTO `state_translation` (`state_id`, `language_id`, `name`) VALUES (124, 'fr', 'Liaoning');
INSERT INTO `state_translation` (`state_id`, `language_id`, `name`) VALUES (125, 'fr', 'Multi');
INSERT INTO `state_translation` (`state_id`, `language_id`, `name`) VALUES (126, 'fr', 'Ningxia');
INSERT INTO `state_translation` (`state_id`, `language_id`, `name`) VALUES (127, 'fr', 'Qinghai');
INSERT INTO `state_translation` (`state_id`, `language_id`, `name`) VALUES (128, 'fr', 'Shaanxi');
INSERT INTO `state_translation` (`state_id`, `language_id`, `name`) VALUES (129, 'fr', 'Shandong');
INSERT INTO `state_translation` (`state_id`, `language_id`, `name`) VALUES (130, 'fr', 'Shanghaï');
INSERT INTO `state_translation` (`state_id`, `language_id`, `name`) VALUES (131, 'fr', 'Shanxi');
INSERT INTO `state_translation` (`state_id`, `language_id`, `name`) VALUES (132, 'fr', 'Sichuan');
INSERT INTO `state_translation` (`state_id`, `language_id`, `name`) VALUES (133, 'fr', 'Tianjin');
INSERT INTO `state_translation` (`state_id`, `language_id`, `name`) VALUES (134, 'fr', 'Tibet');
INSERT INTO `state_translation` (`state_id`, `language_id`, `name`) VALUES (135, 'fr', 'Xinjiang');
INSERT INTO `state_translation` (`state_id`, `language_id`, `name`) VALUES (136, 'fr', 'Yunnan');
INSERT INTO `state_translation` (`state_id`, `language_id`, `name`) VALUES (137, 'fr', 'Zhejiang');
INSERT INTO `state_translation` (`state_id`, `language_id`, `name`) VALUES (138, 'fr', 'Toscane');
INSERT INTO `state_translation` (`state_id`, `language_id`, `name`) VALUES (139, 'fr', 'Émilie-Romagne');
INSERT INTO `state_translation` (`state_id`, `language_id`, `name`) VALUES (140, 'fr', 'Vénétie');
INSERT INTO `state_translation` (`state_id`, `language_id`, `name`) VALUES (141, 'fr', 'Trentin');
INSERT INTO `state_translation` (`state_id`, `language_id`, `name`) VALUES (142, 'fr', 'Vérone');
INSERT INTO `state_translation` (`state_id`, `language_id`, `name`) VALUES (143, 'fr', 'Campanie');
INSERT INTO `state_translation` (`state_id`, `language_id`, `name`) VALUES (144, 'fr', 'Piémont');
INSERT INTO `state_translation` (`state_id`, `language_id`, `name`) VALUES (145, 'fr', 'Latium');
INSERT INTO `state_translation` (`state_id`, `language_id`, `name`) VALUES (146, 'fr', 'Venise');
INSERT INTO `state_translation` (`state_id`, `language_id`, `name`) VALUES (147, 'fr', 'Ligurie');
INSERT INTO `state_translation` (`state_id`, `language_id`, `name`) VALUES (148, 'fr', 'Foggia');
INSERT INTO `state_translation` (`state_id`, `language_id`, `name`) VALUES (149, 'fr', 'Catane');
INSERT INTO `state_translation` (`state_id`, `language_id`, `name`) VALUES (150, 'fr', 'Sardaigne');
INSERT INTO `state_translation` (`state_id`, `language_id`, `name`) VALUES (151, 'fr', 'Nebraska');
INSERT INTO `state_translation` (`state_id`, `language_id`, `name`) VALUES (152, 'fr', 'Iowa');
INSERT INTO `state_translation` (`state_id`, `language_id`, `name`) VALUES (153, 'fr', 'Hong Kong');
INSERT INTO `state_translation` (`state_id`, `language_id`, `name`) VALUES (154, 'fr', 'Lisbonne');
INSERT INTO `state_translation` (`state_id`, `language_id`, `name`) VALUES (155, 'fr', 'Asturies');
INSERT INTO `state_translation` (`state_id`, `language_id`, `name`) VALUES (99999, 'fr', 'Aucun état');

INSERT INTO `state_translation` (`state_id`,`language_id`,`name`) VALUES (156,'de','Hessen');
INSERT INTO `state_translation` (`state_id`,`language_id`,`name`) VALUES (156,'en','Hessen');
INSERT INTO `state_translation` (`state_id`,`language_id`,`name`) VALUES (156,'es','Hessen');
INSERT INTO `state_translation` (`state_id`,`language_id`,`name`) VALUES (156,'zh','Hessen');
INSERT INTO `state_translation` (`state_id`,`language_id`,`name`) VALUES (156,'fr','Hesse');
INSERT INTO `state_translation` (`state_id`,`language_id`,`name`) VALUES (157,'de','A Coruña');
INSERT INTO `state_translation` (`state_id`,`language_id`,`name`) VALUES (157,'en','A Coruña');
INSERT INTO `state_translation` (`state_id`,`language_id`,`name`) VALUES (157,'es','A Coruña');
INSERT INTO `state_translation` (`state_id`,`language_id`,`name`) VALUES (157,'zh','阿科鲁尼亚');
INSERT INTO `state_translation` (`state_id`,`language_id`,`name`) VALUES (157,'fr','la Corogne');
INSERT INTO `state_translation` (`state_id`,`language_id`,`name`) VALUES (158,'de','Albacete');
INSERT INTO `state_translation` (`state_id`,`language_id`,`name`) VALUES (158,'en','Albacete');
INSERT INTO `state_translation` (`state_id`,`language_id`,`name`) VALUES (158,'es','Albacete');
INSERT INTO `state_translation` (`state_id`,`language_id`,`name`) VALUES (158,'zh','阿尔巴塞特');
INSERT INTO `state_translation` (`state_id`,`language_id`,`name`) VALUES (158,'fr','Albacete');
INSERT INTO `state_translation` (`state_id`,`language_id`,`name`) VALUES (159,'de','Teruel');
INSERT INTO `state_translation` (`state_id`,`language_id`,`name`) VALUES (159,'en','Teruel');
INSERT INTO `state_translation` (`state_id`,`language_id`,`name`) VALUES (159,'es','Teruel');
INSERT INTO `state_translation` (`state_id`,`language_id`,`name`) VALUES (159,'zh','特鲁埃尔    ');
INSERT INTO `state_translation` (`state_id`,`language_id`,`name`) VALUES (159,'fr','Teruel');
INSERT INTO `state_translation` (`state_id`,`language_id`,`name`) VALUES (160,'de','Algeciras');
INSERT INTO `state_translation` (`state_id`,`language_id`,`name`) VALUES (160,'en','Algeciras');
INSERT INTO `state_translation` (`state_id`,`language_id`,`name`) VALUES (160,'es','Algeciras');
INSERT INTO `state_translation` (`state_id`,`language_id`,`name`) VALUES (160,'zh','阿尔赫西拉斯');
INSERT INTO `state_translation` (`state_id`,`language_id`,`name`) VALUES (160,'fr','Algésiras');
INSERT INTO `state_translation` (`state_id`,`language_id`,`name`) VALUES (161,'de','Alicante');
INSERT INTO `state_translation` (`state_id`,`language_id`,`name`) VALUES (161,'en','Alicante');
INSERT INTO `state_translation` (`state_id`,`language_id`,`name`) VALUES (161,'es','Alicante');
INSERT INTO `state_translation` (`state_id`,`language_id`,`name`) VALUES (161,'zh','阿利坎特');
INSERT INTO `state_translation` (`state_id`,`language_id`,`name`) VALUES (161,'fr','Alicante');
INSERT INTO `state_translation` (`state_id`,`language_id`,`name`) VALUES (162,'de','Almería');
INSERT INTO `state_translation` (`state_id`,`language_id`,`name`) VALUES (162,'en','Almería');
INSERT INTO `state_translation` (`state_id`,`language_id`,`name`) VALUES (162,'es','Almería');
INSERT INTO `state_translation` (`state_id`,`language_id`,`name`) VALUES (162,'zh','阿尔梅里亚');
INSERT INTO `state_translation` (`state_id`,`language_id`,`name`) VALUES (162,'fr','Almeria');
INSERT INTO `state_translation` (`state_id`,`language_id`,`name`) VALUES (163,'de','Amman');
INSERT INTO `state_translation` (`state_id`,`language_id`,`name`) VALUES (163,'en','Amman');
INSERT INTO `state_translation` (`state_id`,`language_id`,`name`) VALUES (163,'es','Amman');
INSERT INTO `state_translation` (`state_id`,`language_id`,`name`) VALUES (163,'zh','安曼');
INSERT INTO `state_translation` (`state_id`,`language_id`,`name`) VALUES (163,'fr','Amman');
INSERT INTO `state_translation` (`state_id`,`language_id`,`name`) VALUES (164,'de','Guipúzcoa');
INSERT INTO `state_translation` (`state_id`,`language_id`,`name`) VALUES (164,'en','Guipúzcoa');
INSERT INTO `state_translation` (`state_id`,`language_id`,`name`) VALUES (164,'es','Guipúzcoa');
INSERT INTO `state_translation` (`state_id`,`language_id`,`name`) VALUES (164,'zh','吉普斯科阿');
INSERT INTO `state_translation` (`state_id`,`language_id`,`name`) VALUES (164,'fr','Guipúzcoa');
INSERT INTO `state_translation` (`state_id`,`language_id`,`name`) VALUES (165,'de','Burgos');
INSERT INTO `state_translation` (`state_id`,`language_id`,`name`) VALUES (165,'en','Burgos');
INSERT INTO `state_translation` (`state_id`,`language_id`,`name`) VALUES (165,'es','Burgos');
INSERT INTO `state_translation` (`state_id`,`language_id`,`name`) VALUES (165,'zh','布尔戈斯');
INSERT INTO `state_translation` (`state_id`,`language_id`,`name`) VALUES (165,'fr','Burgos');
INSERT INTO `state_translation` (`state_id`,`language_id`,`name`) VALUES (166,'de','Lanzarote');
INSERT INTO `state_translation` (`state_id`,`language_id`,`name`) VALUES (166,'en','Lanzarote');
INSERT INTO `state_translation` (`state_id`,`language_id`,`name`) VALUES (166,'es','Lanzarote');
INSERT INTO `state_translation` (`state_id`,`language_id`,`name`) VALUES (166,'zh','兰萨罗特岛');
INSERT INTO `state_translation` (`state_id`,`language_id`,`name`) VALUES (166,'fr','Lanzarote');
INSERT INTO `state_translation` (`state_id`,`language_id`,`name`) VALUES (167,'de','Ávila');
INSERT INTO `state_translation` (`state_id`,`language_id`,`name`) VALUES (167,'en','Ávila');
INSERT INTO `state_translation` (`state_id`,`language_id`,`name`) VALUES (167,'es','Ávila');
INSERT INTO `state_translation` (`state_id`,`language_id`,`name`) VALUES (167,'zh','阿维拉');
INSERT INTO `state_translation` (`state_id`,`language_id`,`name`) VALUES (167,'fr','Ávila');
INSERT INTO `state_translation` (`state_id`,`language_id`,`name`) VALUES (168,'de','Badajoz');
INSERT INTO `state_translation` (`state_id`,`language_id`,`name`) VALUES (168,'en','Badajoz');
INSERT INTO `state_translation` (`state_id`,`language_id`,`name`) VALUES (168,'es','Badajoz');
INSERT INTO `state_translation` (`state_id`,`language_id`,`name`) VALUES (168,'zh','巴达霍斯');
INSERT INTO `state_translation` (`state_id`,`language_id`,`name`) VALUES (168,'fr','Badajoz');
INSERT INTO `state_translation` (`state_id`,`language_id`,`name`) VALUES (169,'de','Bangkok');
INSERT INTO `state_translation` (`state_id`,`language_id`,`name`) VALUES (169,'en','Bangkok');
INSERT INTO `state_translation` (`state_id`,`language_id`,`name`) VALUES (169,'es','Bangkok');
INSERT INTO `state_translation` (`state_id`,`language_id`,`name`) VALUES (169,'zh','曼谷');
INSERT INTO `state_translation` (`state_id`,`language_id`,`name`) VALUES (169,'fr','Bangkok');
INSERT INTO `state_translation` (`state_id`,`language_id`,`name`) VALUES (170,'de','Barcelona ');
INSERT INTO `state_translation` (`state_id`,`language_id`,`name`) VALUES (170,'en','Barcelona ');
INSERT INTO `state_translation` (`state_id`,`language_id`,`name`) VALUES (170,'es','Barcelona ');
INSERT INTO `state_translation` (`state_id`,`language_id`,`name`) VALUES (170,'zh','巴塞罗那 ');
INSERT INTO `state_translation` (`state_id`,`language_id`,`name`) VALUES (170,'fr','Barcelone ');
INSERT INTO `state_translation` (`state_id`,`language_id`,`name`) VALUES (171,'de','Alicante');
INSERT INTO `state_translation` (`state_id`,`language_id`,`name`) VALUES (171,'en','Alicante');
INSERT INTO `state_translation` (`state_id`,`language_id`,`name`) VALUES (171,'es','Alicante');
INSERT INTO `state_translation` (`state_id`,`language_id`,`name`) VALUES (171,'zh','阿利坎特');
INSERT INTO `state_translation` (`state_id`,`language_id`,`name`) VALUES (171,'fr','Alicante');
INSERT INTO `state_translation` (`state_id`,`language_id`,`name`) VALUES (172,'de','Burgos');
INSERT INTO `state_translation` (`state_id`,`language_id`,`name`) VALUES (172,'en','Burgos');
INSERT INTO `state_translation` (`state_id`,`language_id`,`name`) VALUES (172,'es','Burgos');
INSERT INTO `state_translation` (`state_id`,`language_id`,`name`) VALUES (172,'zh','布尔戈斯');
INSERT INTO `state_translation` (`state_id`,`language_id`,`name`) VALUES (172,'fr','Burgos');
INSERT INTO `state_translation` (`state_id`,`language_id`,`name`) VALUES (173,'de','Cáceres');
INSERT INTO `state_translation` (`state_id`,`language_id`,`name`) VALUES (173,'en','Cáceres');
INSERT INTO `state_translation` (`state_id`,`language_id`,`name`) VALUES (173,'es','Cáceres');
INSERT INTO `state_translation` (`state_id`,`language_id`,`name`) VALUES (173,'zh','卡塞雷斯');
INSERT INTO `state_translation` (`state_id`,`language_id`,`name`) VALUES (173,'fr','Caceres');
INSERT INTO `state_translation` (`state_id`,`language_id`,`name`) VALUES (174,'de','Cádiz');
INSERT INTO `state_translation` (`state_id`,`language_id`,`name`) VALUES (174,'en','Cádiz');
INSERT INTO `state_translation` (`state_id`,`language_id`,`name`) VALUES (174,'es','Cádiz');
INSERT INTO `state_translation` (`state_id`,`language_id`,`name`) VALUES (174,'zh','加的斯');
INSERT INTO `state_translation` (`state_id`,`language_id`,`name`) VALUES (174,'fr','Cadix');
INSERT INTO `state_translation` (`state_id`,`language_id`,`name`) VALUES (175,'de','La Rioja');
INSERT INTO `state_translation` (`state_id`,`language_id`,`name`) VALUES (175,'en','La Rioja');
INSERT INTO `state_translation` (`state_id`,`language_id`,`name`) VALUES (175,'es','La Rioja');
INSERT INTO `state_translation` (`state_id`,`language_id`,`name`) VALUES (175,'zh','拉里奥哈');
INSERT INTO `state_translation` (`state_id`,`language_id`,`name`) VALUES (175,'fr','La Rioja');
INSERT INTO `state_translation` (`state_id`,`language_id`,`name`) VALUES (176,'de','Zaragoza');
INSERT INTO `state_translation` (`state_id`,`language_id`,`name`) VALUES (176,'en','Zaragoza');
INSERT INTO `state_translation` (`state_id`,`language_id`,`name`) VALUES (176,'es','Zaragoza');
INSERT INTO `state_translation` (`state_id`,`language_id`,`name`) VALUES (176,'zh','萨拉戈萨');
INSERT INTO `state_translation` (`state_id`,`language_id`,`name`) VALUES (176,'fr','Saragosse');
INSERT INTO `state_translation` (`state_id`,`language_id`,`name`) VALUES (177,'de','Salamanca');
INSERT INTO `state_translation` (`state_id`,`language_id`,`name`) VALUES (177,'en','Salamanca');
INSERT INTO `state_translation` (`state_id`,`language_id`,`name`) VALUES (177,'es','Salamanca');
INSERT INTO `state_translation` (`state_id`,`language_id`,`name`) VALUES (177,'zh','萨拉曼卡');
INSERT INTO `state_translation` (`state_id`,`language_id`,`name`) VALUES (177,'fr','Salamanque');
INSERT INTO `state_translation` (`state_id`,`language_id`,`name`) VALUES (178,'de','Murcia');
INSERT INTO `state_translation` (`state_id`,`language_id`,`name`) VALUES (178,'en','Murcia');
INSERT INTO `state_translation` (`state_id`,`language_id`,`name`) VALUES (178,'es','Murcia');
INSERT INTO `state_translation` (`state_id`,`language_id`,`name`) VALUES (178,'zh','穆尔西亚');
INSERT INTO `state_translation` (`state_id`,`language_id`,`name`) VALUES (178,'fr','Murcie');
INSERT INTO `state_translation` (`state_id`,`language_id`,`name`) VALUES (179,'de','Castellón');
INSERT INTO `state_translation` (`state_id`,`language_id`,`name`) VALUES (179,'en','Castellón');
INSERT INTO `state_translation` (`state_id`,`language_id`,`name`) VALUES (179,'es','Castellón');
INSERT INTO `state_translation` (`state_id`,`language_id`,`name`) VALUES (179,'zh','卡斯特利翁');
INSERT INTO `state_translation` (`state_id`,`language_id`,`name`) VALUES (179,'fr','Castellon');
INSERT INTO `state_translation` (`state_id`,`language_id`,`name`) VALUES (180,'de','Castelo Branco');
INSERT INTO `state_translation` (`state_id`,`language_id`,`name`) VALUES (180,'en','Castelo Branco');
INSERT INTO `state_translation` (`state_id`,`language_id`,`name`) VALUES (180,'es','Castelo Branco');
INSERT INTO `state_translation` (`state_id`,`language_id`,`name`) VALUES (180,'zh','布兰科堡');
INSERT INTO `state_translation` (`state_id`,`language_id`,`name`) VALUES (180,'fr','Castelo Branco');
INSERT INTO `state_translation` (`state_id`,`language_id`,`name`) VALUES (181,'de','Barcelona ');
INSERT INTO `state_translation` (`state_id`,`language_id`,`name`) VALUES (181,'en','Barcelona ');
INSERT INTO `state_translation` (`state_id`,`language_id`,`name`) VALUES (181,'es','Barcelona ');
INSERT INTO `state_translation` (`state_id`,`language_id`,`name`) VALUES (181,'zh','巴塞罗那 ');
INSERT INTO `state_translation` (`state_id`,`language_id`,`name`) VALUES (181,'fr','Barcelone ');
INSERT INTO `state_translation` (`state_id`,`language_id`,`name`) VALUES (182,'de','Ceuta');
INSERT INTO `state_translation` (`state_id`,`language_id`,`name`) VALUES (182,'en','Ceuta');
INSERT INTO `state_translation` (`state_id`,`language_id`,`name`) VALUES (182,'es','Ceuta');
INSERT INTO `state_translation` (`state_id`,`language_id`,`name`) VALUES (182,'zh','休达');
INSERT INTO `state_translation` (`state_id`,`language_id`,`name`) VALUES (182,'fr','Ceuta');
INSERT INTO `state_translation` (`state_id`,`language_id`,`name`) VALUES (183,'de','Ciudad Real');
INSERT INTO `state_translation` (`state_id`,`language_id`,`name`) VALUES (183,'en','Ciudad Real');
INSERT INTO `state_translation` (`state_id`,`language_id`,`name`) VALUES (183,'es','Ciudad Real');
INSERT INTO `state_translation` (`state_id`,`language_id`,`name`) VALUES (183,'zh','雷阿尔城');
INSERT INTO `state_translation` (`state_id`,`language_id`,`name`) VALUES (183,'fr','Ciudad Real');
INSERT INTO `state_translation` (`state_id`,`language_id`,`name`) VALUES (184,'de','Coimbra');
INSERT INTO `state_translation` (`state_id`,`language_id`,`name`) VALUES (184,'en','Coimbra');
INSERT INTO `state_translation` (`state_id`,`language_id`,`name`) VALUES (184,'es','Coimbra');
INSERT INTO `state_translation` (`state_id`,`language_id`,`name`) VALUES (184,'zh','科英布拉');
INSERT INTO `state_translation` (`state_id`,`language_id`,`name`) VALUES (184,'fr','Coimbra');
INSERT INTO `state_translation` (`state_id`,`language_id`,`name`) VALUES (185,'de','Córdoba');
INSERT INTO `state_translation` (`state_id`,`language_id`,`name`) VALUES (185,'en','Córdoba');
INSERT INTO `state_translation` (`state_id`,`language_id`,`name`) VALUES (185,'es','Córdoba');
INSERT INTO `state_translation` (`state_id`,`language_id`,`name`) VALUES (185,'zh','科尔多瓦');
INSERT INTO `state_translation` (`state_id`,`language_id`,`name`) VALUES (185,'fr','Cordoue');
INSERT INTO `state_translation` (`state_id`,`language_id`,`name`) VALUES (186,'de','Cuenca');
INSERT INTO `state_translation` (`state_id`,`language_id`,`name`) VALUES (186,'en','Cuenca');
INSERT INTO `state_translation` (`state_id`,`language_id`,`name`) VALUES (186,'es','Cuenca');
INSERT INTO `state_translation` (`state_id`,`language_id`,`name`) VALUES (186,'zh','昆卡');
INSERT INTO `state_translation` (`state_id`,`language_id`,`name`) VALUES (186,'fr','Cuenca');
INSERT INTO `state_translation` (`state_id`,`language_id`,`name`) VALUES (187,'de','País Vasco');
INSERT INTO `state_translation` (`state_id`,`language_id`,`name`) VALUES (187,'en','País Vasco');
INSERT INTO `state_translation` (`state_id`,`language_id`,`name`) VALUES (187,'es','País Vasco');
INSERT INTO `state_translation` (`state_id`,`language_id`,`name`) VALUES (187,'zh','瓦斯科省');
INSERT INTO `state_translation` (`state_id`,`language_id`,`name`) VALUES (187,'fr','Pays Vasco');
INSERT INTO `state_translation` (`state_id`,`language_id`,`name`) VALUES (188,'de','Ad Dawhah');
INSERT INTO `state_translation` (`state_id`,`language_id`,`name`) VALUES (188,'en','Ad Dawhah');
INSERT INTO `state_translation` (`state_id`,`language_id`,`name`) VALUES (188,'es','Ad Dawhah');
INSERT INTO `state_translation` (`state_id`,`language_id`,`name`) VALUES (188,'zh','阿德-道哈');
INSERT INTO `state_translation` (`state_id`,`language_id`,`name`) VALUES (188,'fr','Ad Dawhah');
INSERT INTO `state_translation` (`state_id`,`language_id`,`name`) VALUES (189,'de','Dubai');
INSERT INTO `state_translation` (`state_id`,`language_id`,`name`) VALUES (189,'en','Dubai');
INSERT INTO `state_translation` (`state_id`,`language_id`,`name`) VALUES (189,'es','Dubai');
INSERT INTO `state_translation` (`state_id`,`language_id`,`name`) VALUES (189,'zh','迪拜 ');
INSERT INTO `state_translation` (`state_id`,`language_id`,`name`) VALUES (189,'fr','Dubai');
INSERT INTO `state_translation` (`state_id`,`language_id`,`name`) VALUES (190,'de','Guipuzcoa');
INSERT INTO `state_translation` (`state_id`,`language_id`,`name`) VALUES (190,'en','Guipuzcoa');
INSERT INTO `state_translation` (`state_id`,`language_id`,`name`) VALUES (190,'es','Guipúzcoa');
INSERT INTO `state_translation` (`state_id`,`language_id`,`name`) VALUES (190,'zh','吉普斯夸');
INSERT INTO `state_translation` (`state_id`,`language_id`,`name`) VALUES (190,'fr','Guipuzcoa');
INSERT INTO `state_translation` (`state_id`,`language_id`,`name`) VALUES (191,'de','Ferrol');
INSERT INTO `state_translation` (`state_id`,`language_id`,`name`) VALUES (191,'en','Ferrol');
INSERT INTO `state_translation` (`state_id`,`language_id`,`name`) VALUES (191,'es','Ferrol');
INSERT INTO `state_translation` (`state_id`,`language_id`,`name`) VALUES (191,'zh','费罗尔');
INSERT INTO `state_translation` (`state_id`,`language_id`,`name`) VALUES (191,'fr','Ferrol');
INSERT INTO `state_translation` (`state_id`,`language_id`,`name`) VALUES (192,'de','Região Autónoma da Madeira');
INSERT INTO `state_translation` (`state_id`,`language_id`,`name`) VALUES (192,'en','Região Autónoma da Madeira');
INSERT INTO `state_translation` (`state_id`,`language_id`,`name`) VALUES (192,'es','Región Autónoma de Madeira');
INSERT INTO `state_translation` (`state_id`,`language_id`,`name`) VALUES (192,'zh','马德拉自治区');
INSERT INTO `state_translation` (`state_id`,`language_id`,`name`) VALUES (192,'fr','Région autonome de Madère');
INSERT INTO `state_translation` (`state_id`,`language_id`,`name`) VALUES (193,'de','Asturien');
INSERT INTO `state_translation` (`state_id`,`language_id`,`name`) VALUES (193,'en','Asturias');
INSERT INTO `state_translation` (`state_id`,`language_id`,`name`) VALUES (193,'es','Asturias');
INSERT INTO `state_translation` (`state_id`,`language_id`,`name`) VALUES (193,'zh','阿斯图里亚斯');
INSERT INTO `state_translation` (`state_id`,`language_id`,`name`) VALUES (193,'fr','Asturies');
INSERT INTO `state_translation` (`state_id`,`language_id`,`name`) VALUES (194,'de','Girona');
INSERT INTO `state_translation` (`state_id`,`language_id`,`name`) VALUES (194,'en','Girona');
INSERT INTO `state_translation` (`state_id`,`language_id`,`name`) VALUES (194,'es','Girona');
INSERT INTO `state_translation` (`state_id`,`language_id`,`name`) VALUES (194,'zh','赫罗纳');
INSERT INTO `state_translation` (`state_id`,`language_id`,`name`) VALUES (194,'fr','Gérone');
INSERT INTO `state_translation` (`state_id`,`language_id`,`name`) VALUES (195,'de','Granada');
INSERT INTO `state_translation` (`state_id`,`language_id`,`name`) VALUES (195,'en','Granada');
INSERT INTO `state_translation` (`state_id`,`language_id`,`name`) VALUES (195,'es','Granada');
INSERT INTO `state_translation` (`state_id`,`language_id`,`name`) VALUES (195,'zh','格拉纳达');
INSERT INTO `state_translation` (`state_id`,`language_id`,`name`) VALUES (195,'fr','Grenade');
INSERT INTO `state_translation` (`state_id`,`language_id`,`name`) VALUES (196,'de','Guadalajara');
INSERT INTO `state_translation` (`state_id`,`language_id`,`name`) VALUES (196,'en','Guadalajara');
INSERT INTO `state_translation` (`state_id`,`language_id`,`name`) VALUES (196,'es','Guadalajara');
INSERT INTO `state_translation` (`state_id`,`language_id`,`name`) VALUES (196,'zh','瓜达拉哈拉');
INSERT INTO `state_translation` (`state_id`,`language_id`,`name`) VALUES (196,'fr','Guadalajara');
INSERT INTO `state_translation` (`state_id`,`language_id`,`name`) VALUES (197,'de','Hanoi');
INSERT INTO `state_translation` (`state_id`,`language_id`,`name`) VALUES (197,'en','Hanoi');
INSERT INTO `state_translation` (`state_id`,`language_id`,`name`) VALUES (197,'es','Hanoi');
INSERT INTO `state_translation` (`state_id`,`language_id`,`name`) VALUES (197,'zh','河内');
INSERT INTO `state_translation` (`state_id`,`language_id`,`name`) VALUES (197,'fr','Hanoï');
INSERT INTO `state_translation` (`state_id`,`language_id`,`name`) VALUES (198,'de','Hongkong');
INSERT INTO `state_translation` (`state_id`,`language_id`,`name`) VALUES (198,'en','Hong Kong');
INSERT INTO `state_translation` (`state_id`,`language_id`,`name`) VALUES (198,'es','Hong Kong');
INSERT INTO `state_translation` (`state_id`,`language_id`,`name`) VALUES (198,'zh','香港');
INSERT INTO `state_translation` (`state_id`,`language_id`,`name`) VALUES (198,'fr','Hong Kong');
INSERT INTO `state_translation` (`state_id`,`language_id`,`name`) VALUES (199,'de','Huelva');
INSERT INTO `state_translation` (`state_id`,`language_id`,`name`) VALUES (199,'en','Huelva');
INSERT INTO `state_translation` (`state_id`,`language_id`,`name`) VALUES (199,'es','Huelva');
INSERT INTO `state_translation` (`state_id`,`language_id`,`name`) VALUES (199,'zh','韦尔瓦');
INSERT INTO `state_translation` (`state_id`,`language_id`,`name`) VALUES (199,'fr','Huelva');
INSERT INTO `state_translation` (`state_id`,`language_id`,`name`) VALUES (200,'de','Huesca');
INSERT INTO `state_translation` (`state_id`,`language_id`,`name`) VALUES (200,'en','Huesca');
INSERT INTO `state_translation` (`state_id`,`language_id`,`name`) VALUES (200,'es','Huesca');
INSERT INTO `state_translation` (`state_id`,`language_id`,`name`) VALUES (200,'zh','韦斯卡');
INSERT INTO `state_translation` (`state_id`,`language_id`,`name`) VALUES (200,'fr','Huesca');
INSERT INTO `state_translation` (`state_id`,`language_id`,`name`) VALUES (201,'de','Islas Baleares');
INSERT INTO `state_translation` (`state_id`,`language_id`,`name`) VALUES (201,'en','Islas Baleares');
INSERT INTO `state_translation` (`state_id`,`language_id`,`name`) VALUES (201,'es','Islas Baleares');
INSERT INTO `state_translation` (`state_id`,`language_id`,`name`) VALUES (201,'zh','巴利阿里群岛');
INSERT INTO `state_translation` (`state_id`,`language_id`,`name`) VALUES (201,'fr','Îles Baléares');
INSERT INTO `state_translation` (`state_id`,`language_id`,`name`) VALUES (202,'de','Jaén');
INSERT INTO `state_translation` (`state_id`,`language_id`,`name`) VALUES (202,'en','Jaén');
INSERT INTO `state_translation` (`state_id`,`language_id`,`name`) VALUES (202,'es','Jaén');
INSERT INTO `state_translation` (`state_id`,`language_id`,`name`) VALUES (202,'zh','哈恩');
INSERT INTO `state_translation` (`state_id`,`language_id`,`name`) VALUES (202,'fr','Jaén');
INSERT INTO `state_translation` (`state_id`,`language_id`,`name`) VALUES (203,'de','Süd-Jakarta');
INSERT INTO `state_translation` (`state_id`,`language_id`,`name`) VALUES (203,'en','South Jakarta');
INSERT INTO `state_translation` (`state_id`,`language_id`,`name`) VALUES (203,'es','Yakarta del Sur');
INSERT INTO `state_translation` (`state_id`,`language_id`,`name`) VALUES (203,'zh','雅加达南部');
INSERT INTO `state_translation` (`state_id`,`language_id`,`name`) VALUES (203,'fr','Jakarta sud');
INSERT INTO `state_translation` (`state_id`,`language_id`,`name`) VALUES (204,'de','Al Gharbīyah');
INSERT INTO `state_translation` (`state_id`,`language_id`,`name`) VALUES (204,'en','Al Gharbīyah');
INSERT INTO `state_translation` (`state_id`,`language_id`,`name`) VALUES (204,'es','Al Gharbīyah');
INSERT INTO `state_translation` (`state_id`,`language_id`,`name`) VALUES (204,'zh','加尔比亚');
INSERT INTO `state_translation` (`state_id`,`language_id`,`name`) VALUES (204,'fr','Al Gharbīyah');
INSERT INTO `state_translation` (`state_id`,`language_id`,`name`) VALUES (205,'de','Kuwait');
INSERT INTO `state_translation` (`state_id`,`language_id`,`name`) VALUES (205,'en','Kuwait');
INSERT INTO `state_translation` (`state_id`,`language_id`,`name`) VALUES (205,'es','Kuwait');
INSERT INTO `state_translation` (`state_id`,`language_id`,`name`) VALUES (205,'zh','科威特');
INSERT INTO `state_translation` (`state_id`,`language_id`,`name`) VALUES (205,'fr','Koweit');
INSERT INTO `state_translation` (`state_id`,`language_id`,`name`) VALUES (206,'de','Santa Cruz de Tenerife');
INSERT INTO `state_translation` (`state_id`,`language_id`,`name`) VALUES (206,'en','Santa Cruz de Tenerife');
INSERT INTO `state_translation` (`state_id`,`language_id`,`name`) VALUES (206,'es','Santa Cruz de Tenerife');
INSERT INTO `state_translation` (`state_id`,`language_id`,`name`) VALUES (206,'zh','圣克鲁斯-德特内里费');
INSERT INTO `state_translation` (`state_id`,`language_id`,`name`) VALUES (206,'fr','Santa Cruz de Ténérife');
INSERT INTO `state_translation` (`state_id`,`language_id`,`name`) VALUES (207,'de','Santander');
INSERT INTO `state_translation` (`state_id`,`language_id`,`name`) VALUES (207,'en','Santander');
INSERT INTO `state_translation` (`state_id`,`language_id`,`name`) VALUES (207,'es','Santander');
INSERT INTO `state_translation` (`state_id`,`language_id`,`name`) VALUES (207,'zh','桑坦德');
INSERT INTO `state_translation` (`state_id`,`language_id`,`name`) VALUES (207,'fr','Santander');
INSERT INTO `state_translation` (`state_id`,`language_id`,`name`) VALUES (208,'de','Las Palmas');
INSERT INTO `state_translation` (`state_id`,`language_id`,`name`) VALUES (208,'en','Las Palmas');
INSERT INTO `state_translation` (`state_id`,`language_id`,`name`) VALUES (208,'es','Las Palmas');
INSERT INTO `state_translation` (`state_id`,`language_id`,`name`) VALUES (208,'zh','拉斯帕尔马斯');
INSERT INTO `state_translation` (`state_id`,`language_id`,`name`) VALUES (208,'fr','Las Palmas');
INSERT INTO `state_translation` (`state_id`,`language_id`,`name`) VALUES (209,'de','León');
INSERT INTO `state_translation` (`state_id`,`language_id`,`name`) VALUES (209,'en','León');
INSERT INTO `state_translation` (`state_id`,`language_id`,`name`) VALUES (209,'es','León');
INSERT INTO `state_translation` (`state_id`,`language_id`,`name`) VALUES (209,'zh','莱昂');
INSERT INTO `state_translation` (`state_id`,`language_id`,`name`) VALUES (209,'fr','León');
INSERT INTO `state_translation` (`state_id`,`language_id`,`name`) VALUES (210,'de','Lleida');
INSERT INTO `state_translation` (`state_id`,`language_id`,`name`) VALUES (210,'en','Lleida');
INSERT INTO `state_translation` (`state_id`,`language_id`,`name`) VALUES (210,'es','Lleida');
INSERT INTO `state_translation` (`state_id`,`language_id`,`name`) VALUES (210,'zh','莱里达');
INSERT INTO `state_translation` (`state_id`,`language_id`,`name`) VALUES (210,'fr','Lérida');
INSERT INTO `state_translation` (`state_id`,`language_id`,`name`) VALUES (211,'de','La Rioja');
INSERT INTO `state_translation` (`state_id`,`language_id`,`name`) VALUES (211,'en','La Rioja');
INSERT INTO `state_translation` (`state_id`,`language_id`,`name`) VALUES (211,'es','La Rioja');
INSERT INTO `state_translation` (`state_id`,`language_id`,`name`) VALUES (211,'zh','拉里奥哈');
INSERT INTO `state_translation` (`state_id`,`language_id`,`name`) VALUES (211,'fr','La Rioja');
INSERT INTO `state_translation` (`state_id`,`language_id`,`name`) VALUES (212,'de','Algarve');
INSERT INTO `state_translation` (`state_id`,`language_id`,`name`) VALUES (212,'en','Algarve');
INSERT INTO `state_translation` (`state_id`,`language_id`,`name`) VALUES (212,'es','Algarve');
INSERT INTO `state_translation` (`state_id`,`language_id`,`name`) VALUES (212,'zh','阿尔加维');
INSERT INTO `state_translation` (`state_id`,`language_id`,`name`) VALUES (212,'fr','Algarve');
INSERT INTO `state_translation` (`state_id`,`language_id`,`name`) VALUES (213,'de','Lugo');
INSERT INTO `state_translation` (`state_id`,`language_id`,`name`) VALUES (213,'en','Lugo');
INSERT INTO `state_translation` (`state_id`,`language_id`,`name`) VALUES (213,'es','Lugo');
INSERT INTO `state_translation` (`state_id`,`language_id`,`name`) VALUES (213,'zh','卢戈');
INSERT INTO `state_translation` (`state_id`,`language_id`,`name`) VALUES (213,'fr','Lugo');
INSERT INTO `state_translation` (`state_id`,`language_id`,`name`) VALUES (214,'de','Islas Baleares');
INSERT INTO `state_translation` (`state_id`,`language_id`,`name`) VALUES (214,'en','Islas Baleares');
INSERT INTO `state_translation` (`state_id`,`language_id`,`name`) VALUES (214,'es','Islas Baleares');
INSERT INTO `state_translation` (`state_id`,`language_id`,`name`) VALUES (214,'zh','巴利阿里群岛');
INSERT INTO `state_translation` (`state_id`,`language_id`,`name`) VALUES (214,'fr','Îles Baléares');
INSERT INTO `state_translation` (`state_id`,`language_id`,`name`) VALUES (215,'de','Málaga');
INSERT INTO `state_translation` (`state_id`,`language_id`,`name`) VALUES (215,'en','Málaga');
INSERT INTO `state_translation` (`state_id`,`language_id`,`name`) VALUES (215,'es','Málaga');
INSERT INTO `state_translation` (`state_id`,`language_id`,`name`) VALUES (215,'zh','马拉加');
INSERT INTO `state_translation` (`state_id`,`language_id`,`name`) VALUES (215,'fr','Málaga');
INSERT INTO `state_translation` (`state_id`,`language_id`,`name`) VALUES (216,'de','Al Manamah');
INSERT INTO `state_translation` (`state_id`,`language_id`,`name`) VALUES (216,'en','Al Manamah');
INSERT INTO `state_translation` (`state_id`,`language_id`,`name`) VALUES (216,'es','Al Manamah');
INSERT INTO `state_translation` (`state_id`,`language_id`,`name`) VALUES (216,'zh','Al Manamah');
INSERT INTO `state_translation` (`state_id`,`language_id`,`name`) VALUES (216,'fr','Al Manamah');
INSERT INTO `state_translation` (`state_id`,`language_id`,`name`) VALUES (217,'de','Barcelona');
INSERT INTO `state_translation` (`state_id`,`language_id`,`name`) VALUES (217,'en','Barcelona');
INSERT INTO `state_translation` (`state_id`,`language_id`,`name`) VALUES (217,'es','Barcelona');
INSERT INTO `state_translation` (`state_id`,`language_id`,`name`) VALUES (217,'zh','巴塞罗那');
INSERT INTO `state_translation` (`state_id`,`language_id`,`name`) VALUES (217,'fr','Barcelone');
INSERT INTO `state_translation` (`state_id`,`language_id`,`name`) VALUES (218,'de','Melilla');
INSERT INTO `state_translation` (`state_id`,`language_id`,`name`) VALUES (218,'en','Melilla');
INSERT INTO `state_translation` (`state_id`,`language_id`,`name`) VALUES (218,'es','Melilla');
INSERT INTO `state_translation` (`state_id`,`language_id`,`name`) VALUES (218,'zh','梅里亚');
INSERT INTO `state_translation` (`state_id`,`language_id`,`name`) VALUES (218,'fr','Melilla');
INSERT INTO `state_translation` (`state_id`,`language_id`,`name`) VALUES (219,'de','Murcia');
INSERT INTO `state_translation` (`state_id`,`language_id`,`name`) VALUES (219,'en','Murcia');
INSERT INTO `state_translation` (`state_id`,`language_id`,`name`) VALUES (219,'es','Murcia');
INSERT INTO `state_translation` (`state_id`,`language_id`,`name`) VALUES (219,'zh','穆尔西亚');
INSERT INTO `state_translation` (`state_id`,`language_id`,`name`) VALUES (219,'fr','Murcie');
INSERT INTO `state_translation` (`state_id`,`language_id`,`name`) VALUES (220,'de','Ourense');
INSERT INTO `state_translation` (`state_id`,`language_id`,`name`) VALUES (220,'en','Ourense');
INSERT INTO `state_translation` (`state_id`,`language_id`,`name`) VALUES (220,'es','Ourense');
INSERT INTO `state_translation` (`state_id`,`language_id`,`name`) VALUES (220,'zh','奥伦塞');
INSERT INTO `state_translation` (`state_id`,`language_id`,`name`) VALUES (220,'fr','Ourense');
INSERT INTO `state_translation` (`state_id`,`language_id`,`name`) VALUES (221,'de','Palencia');
INSERT INTO `state_translation` (`state_id`,`language_id`,`name`) VALUES (221,'en','Palencia');
INSERT INTO `state_translation` (`state_id`,`language_id`,`name`) VALUES (221,'es','Palencia');
INSERT INTO `state_translation` (`state_id`,`language_id`,`name`) VALUES (221,'zh','帕伦西亚');
INSERT INTO `state_translation` (`state_id`,`language_id`,`name`) VALUES (221,'fr','Palencia');
INSERT INTO `state_translation` (`state_id`,`language_id`,`name`) VALUES (222,'de','Islas Baleares');
INSERT INTO `state_translation` (`state_id`,`language_id`,`name`) VALUES (222,'en','Islas Baleares');
INSERT INTO `state_translation` (`state_id`,`language_id`,`name`) VALUES (222,'es','Islas Baleares');
INSERT INTO `state_translation` (`state_id`,`language_id`,`name`) VALUES (222,'zh','巴利阿里群岛');
INSERT INTO `state_translation` (`state_id`,`language_id`,`name`) VALUES (222,'fr','Îles Baléares');
INSERT INTO `state_translation` (`state_id`,`language_id`,`name`) VALUES (223,'de','Navarra');
INSERT INTO `state_translation` (`state_id`,`language_id`,`name`) VALUES (223,'en','Navarra');
INSERT INTO `state_translation` (`state_id`,`language_id`,`name`) VALUES (223,'es','Navarra');
INSERT INTO `state_translation` (`state_id`,`language_id`,`name`) VALUES (223,'zh','纳瓦拉');
INSERT INTO `state_translation` (`state_id`,`language_id`,`name`) VALUES (223,'fr','Navarra');
INSERT INTO `state_translation` (`state_id`,`language_id`,`name`) VALUES (224,'de','Valencia');
INSERT INTO `state_translation` (`state_id`,`language_id`,`name`) VALUES (224,'en','Valencia');
INSERT INTO `state_translation` (`state_id`,`language_id`,`name`) VALUES (224,'es','Valencia');
INSERT INTO `state_translation` (`state_id`,`language_id`,`name`) VALUES (224,'zh','巴伦西亚');
INSERT INTO `state_translation` (`state_id`,`language_id`,`name`) VALUES (224,'fr','Valence');
INSERT INTO `state_translation` (`state_id`,`language_id`,`name`) VALUES (225,'de','Fuerteventura');
INSERT INTO `state_translation` (`state_id`,`language_id`,`name`) VALUES (225,'en','Fuerteventura');
INSERT INTO `state_translation` (`state_id`,`language_id`,`name`) VALUES (225,'es','Fuerteventura');
INSERT INTO `state_translation` (`state_id`,`language_id`,`name`) VALUES (225,'zh','富埃特文图拉');
INSERT INTO `state_translation` (`state_id`,`language_id`,`name`) VALUES (225,'fr','Fuerteventura');
INSERT INTO `state_translation` (`state_id`,`language_id`,`name`) VALUES (226,'de','Phnom Penh');
INSERT INTO `state_translation` (`state_id`,`language_id`,`name`) VALUES (226,'en','Phnom Penh');
INSERT INTO `state_translation` (`state_id`,`language_id`,`name`) VALUES (226,'es','Phnom Penh');
INSERT INTO `state_translation` (`state_id`,`language_id`,`name`) VALUES (226,'zh','金边市');
INSERT INTO `state_translation` (`state_id`,`language_id`,`name`) VALUES (226,'fr','Phnom Penh');
INSERT INTO `state_translation` (`state_id`,`language_id`,`name`) VALUES (227,'de','León');
INSERT INTO `state_translation` (`state_id`,`language_id`,`name`) VALUES (227,'en','León');
INSERT INTO `state_translation` (`state_id`,`language_id`,`name`) VALUES (227,'es','León');
INSERT INTO `state_translation` (`state_id`,`language_id`,`name`) VALUES (227,'zh','莱昂');
INSERT INTO `state_translation` (`state_id`,`language_id`,`name`) VALUES (227,'fr','León');
INSERT INTO `state_translation` (`state_id`,`language_id`,`name`) VALUES (228,'de','Região Autónoma dos Açores');
INSERT INTO `state_translation` (`state_id`,`language_id`,`name`) VALUES (228,'en','Região Autónoma dos Açores');
INSERT INTO `state_translation` (`state_id`,`language_id`,`name`) VALUES (228,'es','Región Autónoma de las Azores');
INSERT INTO `state_translation` (`state_id`,`language_id`,`name`) VALUES (228,'zh','阿索尔自治区');
INSERT INTO `state_translation` (`state_id`,`language_id`,`name`) VALUES (228,'fr','Região Autónoma dos Açores');
INSERT INTO `state_translation` (`state_id`,`language_id`,`name`) VALUES (229,'de','Pontevedra');
INSERT INTO `state_translation` (`state_id`,`language_id`,`name`) VALUES (229,'en','Pontevedra');
INSERT INTO `state_translation` (`state_id`,`language_id`,`name`) VALUES (229,'es','Pontevedra');
INSERT INTO `state_translation` (`state_id`,`language_id`,`name`) VALUES (229,'zh','庞特韦德拉');
INSERT INTO `state_translation` (`state_id`,`language_id`,`name`) VALUES (229,'fr','Pontevedra');
INSERT INTO `state_translation` (`state_id`,`language_id`,`name`) VALUES (230,'de','Porto');
INSERT INTO `state_translation` (`state_id`,`language_id`,`name`) VALUES (230,'en','Porto');
INSERT INTO `state_translation` (`state_id`,`language_id`,`name`) VALUES (230,'es','Porto');
INSERT INTO `state_translation` (`state_id`,`language_id`,`name`) VALUES (230,'zh','波尔图');
INSERT INTO `state_translation` (`state_id`,`language_id`,`name`) VALUES (230,'fr','Porto');
INSERT INTO `state_translation` (`state_id`,`language_id`,`name`) VALUES (231,'de','Riyadh');
INSERT INTO `state_translation` (`state_id`,`language_id`,`name`) VALUES (231,'en','Riyadh');
INSERT INTO `state_translation` (`state_id`,`language_id`,`name`) VALUES (231,'es','Riyadh');
INSERT INTO `state_translation` (`state_id`,`language_id`,`name`) VALUES (231,'zh','利雅得');
INSERT INTO `state_translation` (`state_id`,`language_id`,`name`) VALUES (231,'fr','Riyad');
INSERT INTO `state_translation` (`state_id`,`language_id`,`name`) VALUES (232,'de','Santa Cruz de Tenerife');
INSERT INTO `state_translation` (`state_id`,`language_id`,`name`) VALUES (232,'en','Santa Cruz de Tenerife');
INSERT INTO `state_translation` (`state_id`,`language_id`,`name`) VALUES (232,'es','Santa Cruz de Tenerife');
INSERT INTO `state_translation` (`state_id`,`language_id`,`name`) VALUES (232,'zh','圣克鲁斯-德特内里费');
INSERT INTO `state_translation` (`state_id`,`language_id`,`name`) VALUES (232,'fr','Santa Cruz de Ténérife');
INSERT INTO `state_translation` (`state_id`,`language_id`,`name`) VALUES (233,'de','Málaga');
INSERT INTO `state_translation` (`state_id`,`language_id`,`name`) VALUES (233,'en','Málaga');
INSERT INTO `state_translation` (`state_id`,`language_id`,`name`) VALUES (233,'es','Málaga');
INSERT INTO `state_translation` (`state_id`,`language_id`,`name`) VALUES (233,'zh','马拉加');
INSERT INTO `state_translation` (`state_id`,`language_id`,`name`) VALUES (233,'fr','Malaga');
INSERT INTO `state_translation` (`state_id`,`language_id`,`name`) VALUES (234,'de','Guipuzcoa');
INSERT INTO `state_translation` (`state_id`,`language_id`,`name`) VALUES (234,'en','Guipuzcoa');
INSERT INTO `state_translation` (`state_id`,`language_id`,`name`) VALUES (234,'es','Guipúzcoa');
INSERT INTO `state_translation` (`state_id`,`language_id`,`name`) VALUES (234,'zh','吉普斯夸');
INSERT INTO `state_translation` (`state_id`,`language_id`,`name`) VALUES (234,'fr','Guipuzcoa');
INSERT INTO `state_translation` (`state_id`,`language_id`,`name`) VALUES (235,'de','La Palma');
INSERT INTO `state_translation` (`state_id`,`language_id`,`name`) VALUES (235,'en','La Palma');
INSERT INTO `state_translation` (`state_id`,`language_id`,`name`) VALUES (235,'es','La Palma');
INSERT INTO `state_translation` (`state_id`,`language_id`,`name`) VALUES (235,'zh','拉帕尔马');
INSERT INTO `state_translation` (`state_id`,`language_id`,`name`) VALUES (235,'fr','La Palma');
INSERT INTO `state_translation` (`state_id`,`language_id`,`name`) VALUES (236,'de','Santander');
INSERT INTO `state_translation` (`state_id`,`language_id`,`name`) VALUES (236,'en','Santander');
INSERT INTO `state_translation` (`state_id`,`language_id`,`name`) VALUES (236,'es','Santander');
INSERT INTO `state_translation` (`state_id`,`language_id`,`name`) VALUES (236,'zh','桑坦德');
INSERT INTO `state_translation` (`state_id`,`language_id`,`name`) VALUES (236,'fr','Santander');
INSERT INTO `state_translation` (`state_id`,`language_id`,`name`) VALUES (237,'de','Santarem');
INSERT INTO `state_translation` (`state_id`,`language_id`,`name`) VALUES (237,'en','Santarem');
INSERT INTO `state_translation` (`state_id`,`language_id`,`name`) VALUES (237,'es','Santarem');
INSERT INTO `state_translation` (`state_id`,`language_id`,`name`) VALUES (237,'zh','圣塔伦');
INSERT INTO `state_translation` (`state_id`,`language_id`,`name`) VALUES (237,'fr','Santarem');
INSERT INTO `state_translation` (`state_id`,`language_id`,`name`) VALUES (238,'de','A Coruña');
INSERT INTO `state_translation` (`state_id`,`language_id`,`name`) VALUES (238,'en','A Coruña');
INSERT INTO `state_translation` (`state_id`,`language_id`,`name`) VALUES (238,'es','A Coruña');
INSERT INTO `state_translation` (`state_id`,`language_id`,`name`) VALUES (238,'zh','阿科鲁尼亚');
INSERT INTO `state_translation` (`state_id`,`language_id`,`name`) VALUES (238,'fr','La Corogne');
INSERT INTO `state_translation` (`state_id`,`language_id`,`name`) VALUES (239,'de','Segovia');
INSERT INTO `state_translation` (`state_id`,`language_id`,`name`) VALUES (239,'en','Segovia');
INSERT INTO `state_translation` (`state_id`,`language_id`,`name`) VALUES (239,'es','Segovia');
INSERT INTO `state_translation` (`state_id`,`language_id`,`name`) VALUES (239,'zh','塞戈维亚');
INSERT INTO `state_translation` (`state_id`,`language_id`,`name`) VALUES (239,'fr','Segovia');
INSERT INTO `state_translation` (`state_id`,`language_id`,`name`) VALUES (240,'de','Setubal');
INSERT INTO `state_translation` (`state_id`,`language_id`,`name`) VALUES (240,'en','Setubal');
INSERT INTO `state_translation` (`state_id`,`language_id`,`name`) VALUES (240,'es','Setubal');
INSERT INTO `state_translation` (`state_id`,`language_id`,`name`) VALUES (240,'zh','塞图巴尔');
INSERT INTO `state_translation` (`state_id`,`language_id`,`name`) VALUES (240,'fr','Setubal');
INSERT INTO `state_translation` (`state_id`,`language_id`,`name`) VALUES (241,'de','Sevilla');
INSERT INTO `state_translation` (`state_id`,`language_id`,`name`) VALUES (241,'en','Seville');
INSERT INTO `state_translation` (`state_id`,`language_id`,`name`) VALUES (241,'es','Sevilla');
INSERT INTO `state_translation` (`state_id`,`language_id`,`name`) VALUES (241,'zh','塞维利亚');
INSERT INTO `state_translation` (`state_id`,`language_id`,`name`) VALUES (241,'fr','Séville');
INSERT INTO `state_translation` (`state_id`,`language_id`,`name`) VALUES (242,'de','Singapur');
INSERT INTO `state_translation` (`state_id`,`language_id`,`name`) VALUES (242,'en','Singapore');
INSERT INTO `state_translation` (`state_id`,`language_id`,`name`) VALUES (242,'es','Singapur');
INSERT INTO `state_translation` (`state_id`,`language_id`,`name`) VALUES (242,'zh','新加坡');
INSERT INTO `state_translation` (`state_id`,`language_id`,`name`) VALUES (242,'fr','Singapour');
INSERT INTO `state_translation` (`state_id`,`language_id`,`name`) VALUES (243,'de','Soria');
INSERT INTO `state_translation` (`state_id`,`language_id`,`name`) VALUES (243,'en','Soria');
INSERT INTO `state_translation` (`state_id`,`language_id`,`name`) VALUES (243,'es','Soria');
INSERT INTO `state_translation` (`state_id`,`language_id`,`name`) VALUES (243,'zh','索里亚');
INSERT INTO `state_translation` (`state_id`,`language_id`,`name`) VALUES (243,'fr','Soria');
INSERT INTO `state_translation` (`state_id`,`language_id`,`name`) VALUES (244,'de','Taipeh ');
INSERT INTO `state_translation` (`state_id`,`language_id`,`name`) VALUES (244,'en','Taipei ');
INSERT INTO `state_translation` (`state_id`,`language_id`,`name`) VALUES (244,'es','Taipei ');
INSERT INTO `state_translation` (`state_id`,`language_id`,`name`) VALUES (244,'zh','悉尼 ');
INSERT INTO `state_translation` (`state_id`,`language_id`,`name`) VALUES (244,'fr','Taipei ');
INSERT INTO `state_translation` (`state_id`,`language_id`,`name`) VALUES (245,'de','Toledo');
INSERT INTO `state_translation` (`state_id`,`language_id`,`name`) VALUES (245,'en','Toledo');
INSERT INTO `state_translation` (`state_id`,`language_id`,`name`) VALUES (245,'es','Toledo');
INSERT INTO `state_translation` (`state_id`,`language_id`,`name`) VALUES (245,'zh','托莱多');
INSERT INTO `state_translation` (`state_id`,`language_id`,`name`) VALUES (245,'fr','Tolède');
INSERT INTO `state_translation` (`state_id`,`language_id`,`name`) VALUES (246,'de','Tarragona');
INSERT INTO `state_translation` (`state_id`,`language_id`,`name`) VALUES (246,'en','Tarragona');
INSERT INTO `state_translation` (`state_id`,`language_id`,`name`) VALUES (246,'es','Tarragone');
INSERT INTO `state_translation` (`state_id`,`language_id`,`name`) VALUES (246,'zh','塔拉戈纳');
INSERT INTO `state_translation` (`state_id`,`language_id`,`name`) VALUES (246,'fr','Tarragona');
INSERT INTO `state_translation` (`state_id`,`language_id`,`name`) VALUES (247,'de','Valencia');
INSERT INTO `state_translation` (`state_id`,`language_id`,`name`) VALUES (247,'en','Valencia');
INSERT INTO `state_translation` (`state_id`,`language_id`,`name`) VALUES (247,'es','Valencia');
INSERT INTO `state_translation` (`state_id`,`language_id`,`name`) VALUES (247,'zh','巴伦西亚');
INSERT INTO `state_translation` (`state_id`,`language_id`,`name`) VALUES (247,'fr','Valence');
INSERT INTO `state_translation` (`state_id`,`language_id`,`name`) VALUES (248,'de','Teruel');
INSERT INTO `state_translation` (`state_id`,`language_id`,`name`) VALUES (248,'en','Teruel');
INSERT INTO `state_translation` (`state_id`,`language_id`,`name`) VALUES (248,'es','Teruel');
INSERT INTO `state_translation` (`state_id`,`language_id`,`name`) VALUES (248,'zh','特鲁埃尔');
INSERT INTO `state_translation` (`state_id`,`language_id`,`name`) VALUES (248,'fr','Teruel');
INSERT INTO `state_translation` (`state_id`,`language_id`,`name`) VALUES (249,'de','Toledo');
INSERT INTO `state_translation` (`state_id`,`language_id`,`name`) VALUES (249,'en','Toledo');
INSERT INTO `state_translation` (`state_id`,`language_id`,`name`) VALUES (249,'es','Toledo');
INSERT INTO `state_translation` (`state_id`,`language_id`,`name`) VALUES (249,'zh','托莱多');
INSERT INTO `state_translation` (`state_id`,`language_id`,`name`) VALUES (249,'fr','Tolède');
INSERT INTO `state_translation` (`state_id`,`language_id`,`name`) VALUES (250,'de','Santander');
INSERT INTO `state_translation` (`state_id`,`language_id`,`name`) VALUES (250,'en','Santander');
INSERT INTO `state_translation` (`state_id`,`language_id`,`name`) VALUES (250,'es','Santander');
INSERT INTO `state_translation` (`state_id`,`language_id`,`name`) VALUES (250,'zh','桑坦德');
INSERT INTO `state_translation` (`state_id`,`language_id`,`name`) VALUES (250,'fr','Santander');
INSERT INTO `state_translation` (`state_id`,`language_id`,`name`) VALUES (251,'de','Tarragona');
INSERT INTO `state_translation` (`state_id`,`language_id`,`name`) VALUES (251,'en','Tarragona');
INSERT INTO `state_translation` (`state_id`,`language_id`,`name`) VALUES (251,'es','Tarragona');
INSERT INTO `state_translation` (`state_id`,`language_id`,`name`) VALUES (251,'zh','塔拉戈纳');
INSERT INTO `state_translation` (`state_id`,`language_id`,`name`) VALUES (251,'fr','Tarragone');
INSERT INTO `state_translation` (`state_id`,`language_id`,`name`) VALUES (252,'de','Navarra');
INSERT INTO `state_translation` (`state_id`,`language_id`,`name`) VALUES (252,'en','Navarra');
INSERT INTO `state_translation` (`state_id`,`language_id`,`name`) VALUES (252,'es','Navarra');
INSERT INTO `state_translation` (`state_id`,`language_id`,`name`) VALUES (252,'zh','纳瓦拉');
INSERT INTO `state_translation` (`state_id`,`language_id`,`name`) VALUES (252,'fr','Navarre');
INSERT INTO `state_translation` (`state_id`,`language_id`,`name`) VALUES (253,'de','Lleida');
INSERT INTO `state_translation` (`state_id`,`language_id`,`name`) VALUES (253,'en','Lleida');
INSERT INTO `state_translation` (`state_id`,`language_id`,`name`) VALUES (253,'es','Lleida');
INSERT INTO `state_translation` (`state_id`,`language_id`,`name`) VALUES (253,'zh','莱里达');
INSERT INTO `state_translation` (`state_id`,`language_id`,`name`) VALUES (253,'fr','Lérida');
INSERT INTO `state_translation` (`state_id`,`language_id`,`name`) VALUES (254,'de','Vigo');
INSERT INTO `state_translation` (`state_id`,`language_id`,`name`) VALUES (254,'en','Vigo');
INSERT INTO `state_translation` (`state_id`,`language_id`,`name`) VALUES (254,'es','Vigo');
INSERT INTO `state_translation` (`state_id`,`language_id`,`name`) VALUES (254,'zh','维哥');
INSERT INTO `state_translation` (`state_id`,`language_id`,`name`) VALUES (254,'fr','Vigo');
INSERT INTO `state_translation` (`state_id`,`language_id`,`name`) VALUES (255,'de','Barcelona');
INSERT INTO `state_translation` (`state_id`,`language_id`,`name`) VALUES (255,'en','Barcelona');
INSERT INTO `state_translation` (`state_id`,`language_id`,`name`) VALUES (255,'es','Barcelona');
INSERT INTO `state_translation` (`state_id`,`language_id`,`name`) VALUES (255,'zh','巴塞罗那');
INSERT INTO `state_translation` (`state_id`,`language_id`,`name`) VALUES (255,'fr','Barcelone');
INSERT INTO `state_translation` (`state_id`,`language_id`,`name`) VALUES (256,'de','Barcelona ');
INSERT INTO `state_translation` (`state_id`,`language_id`,`name`) VALUES (256,'en','Barcelona ');
INSERT INTO `state_translation` (`state_id`,`language_id`,`name`) VALUES (256,'es','Barcelona ');
INSERT INTO `state_translation` (`state_id`,`language_id`,`name`) VALUES (256,'zh','巴塞罗那 ');
INSERT INTO `state_translation` (`state_id`,`language_id`,`name`) VALUES (256,'fr','Barcelone ');
INSERT INTO `state_translation` (`state_id`,`language_id`,`name`) VALUES (257,'de','Burgos');
INSERT INTO `state_translation` (`state_id`,`language_id`,`name`) VALUES (257,'en','Burgos');
INSERT INTO `state_translation` (`state_id`,`language_id`,`name`) VALUES (257,'es','Burgos');
INSERT INTO `state_translation` (`state_id`,`language_id`,`name`) VALUES (257,'zh','布尔戈斯');
INSERT INTO `state_translation` (`state_id`,`language_id`,`name`) VALUES (257,'fr','Burgos');
INSERT INTO `state_translation` (`state_id`,`language_id`,`name`) VALUES (258,'de','Álava');
INSERT INTO `state_translation` (`state_id`,`language_id`,`name`) VALUES (258,'en','Álava');
INSERT INTO `state_translation` (`state_id`,`language_id`,`name`) VALUES (258,'es','Álava');
INSERT INTO `state_translation` (`state_id`,`language_id`,`name`) VALUES (258,'zh','阿拉瓦');
INSERT INTO `state_translation` (`state_id`,`language_id`,`name`) VALUES (258,'fr','Allava');
INSERT INTO `state_translation` (`state_id`,`language_id`,`name`) VALUES (259,'de','Zamora');
INSERT INTO `state_translation` (`state_id`,`language_id`,`name`) VALUES (259,'en','Zamora');
INSERT INTO `state_translation` (`state_id`,`language_id`,`name`) VALUES (259,'es','Zamora');
INSERT INTO `state_translation` (`state_id`,`language_id`,`name`) VALUES (259,'zh','萨莫拉');
INSERT INTO `state_translation` (`state_id`,`language_id`,`name`) VALUES (259,'fr','Zamora');
INSERT INTO `state_translation` (`state_id`,`language_id`,`name`) VALUES (260,'de','Zaragoza');
INSERT INTO `state_translation` (`state_id`,`language_id`,`name`) VALUES (260,'en','Zaragoza');
INSERT INTO `state_translation` (`state_id`,`language_id`,`name`) VALUES (260,'es','Zaragoza');
INSERT INTO `state_translation` (`state_id`,`language_id`,`name`) VALUES (260,'zh','萨拉戈萨');
INSERT INTO `state_translation` (`state_id`,`language_id`,`name`) VALUES (260,'fr','Saragosse');
INSERT INTO `state_translation` (`state_id`,`language_id`,`name`) VALUES (261,'de','Valladolid');
INSERT INTO `state_translation` (`state_id`,`language_id`,`name`) VALUES (261,'en','Valladolid');
INSERT INTO `state_translation` (`state_id`,`language_id`,`name`) VALUES (261,'es','Valladolid');
INSERT INTO `state_translation` (`state_id`,`language_id`,`name`) VALUES (261,'zh','巴拉多利德');
INSERT INTO `state_translation` (`state_id`,`language_id`,`name`) VALUES (261,'fr','Valladolid');
INSERT INTO `state_translation` (`state_id`,`language_id`,`name`) VALUES (262,'de','Alsace');
INSERT INTO `state_translation` (`state_id`,`language_id`,`name`) VALUES (262,'en','Alsace');
INSERT INTO `state_translation` (`state_id`,`language_id`,`name`) VALUES (262,'zh','Alsace');
INSERT INTO `state_translation` (`state_id`,`language_id`,`name`) VALUES (262,'es','Alsace');
INSERT INTO `state_translation` (`state_id`,`language_id`,`name`) VALUES (262,'fr','Alsace');
INSERT INTO `state_translation` (`state_id`,`language_id`,`name`) VALUES (263,'de','Aquitaine');
INSERT INTO `state_translation` (`state_id`,`language_id`,`name`) VALUES (263,'en','Aquitaine');
INSERT INTO `state_translation` (`state_id`,`language_id`,`name`) VALUES (263,'zh','Aquitaine');
INSERT INTO `state_translation` (`state_id`,`language_id`,`name`) VALUES (263,'es','Aquitaine');
INSERT INTO `state_translation` (`state_id`,`language_id`,`name`) VALUES (263,'fr','Aquitaine');
INSERT INTO `state_translation` (`state_id`,`language_id`,`name`) VALUES (264,'de','Auvergne');
INSERT INTO `state_translation` (`state_id`,`language_id`,`name`) VALUES (264,'en','Auvergne');
INSERT INTO `state_translation` (`state_id`,`language_id`,`name`) VALUES (264,'zh','Auvergne');
INSERT INTO `state_translation` (`state_id`,`language_id`,`name`) VALUES (264,'es','Auvergne');
INSERT INTO `state_translation` (`state_id`,`language_id`,`name`) VALUES (264,'fr','Auvergne');
INSERT INTO `state_translation` (`state_id`,`language_id`,`name`) VALUES (265,'de','Brittany');
INSERT INTO `state_translation` (`state_id`,`language_id`,`name`) VALUES (265,'en','Brittany');
INSERT INTO `state_translation` (`state_id`,`language_id`,`name`) VALUES (265,'zh','Brittany');
INSERT INTO `state_translation` (`state_id`,`language_id`,`name`) VALUES (265,'es','Brittany');
INSERT INTO `state_translation` (`state_id`,`language_id`,`name`) VALUES (265,'fr','Bretagne');
INSERT INTO `state_translation` (`state_id`,`language_id`,`name`) VALUES (266,'de','Burdundy');
INSERT INTO `state_translation` (`state_id`,`language_id`,`name`) VALUES (266,'en','Burdundy');
INSERT INTO `state_translation` (`state_id`,`language_id`,`name`) VALUES (266,'zh','Burdundy');
INSERT INTO `state_translation` (`state_id`,`language_id`,`name`) VALUES (266,'es','Burdundy');
INSERT INTO `state_translation` (`state_id`,`language_id`,`name`) VALUES (266,'fr','Bourgogne');
INSERT INTO `state_translation` (`state_id`,`language_id`,`name`) VALUES (267,'de','Central');
INSERT INTO `state_translation` (`state_id`,`language_id`,`name`) VALUES (267,'en','Central');
INSERT INTO `state_translation` (`state_id`,`language_id`,`name`) VALUES (267,'zh','Central');
INSERT INTO `state_translation` (`state_id`,`language_id`,`name`) VALUES (267,'es','Central');
INSERT INTO `state_translation` (`state_id`,`language_id`,`name`) VALUES (267,'fr','Central');
INSERT INTO `state_translation` (`state_id`,`language_id`,`name`) VALUES (268,'de','Champagne-Ardenne');
INSERT INTO `state_translation` (`state_id`,`language_id`,`name`) VALUES (268,'en','Champagne-Ardenne');
INSERT INTO `state_translation` (`state_id`,`language_id`,`name`) VALUES (268,'zh','Champagne-Ardenne');
INSERT INTO `state_translation` (`state_id`,`language_id`,`name`) VALUES (268,'es','Champagne-Ardenne');
INSERT INTO `state_translation` (`state_id`,`language_id`,`name`) VALUES (268,'fr','Champagne-Ardenne');
INSERT INTO `state_translation` (`state_id`,`language_id`,`name`) VALUES (269,'de','Franche-Comté');
INSERT INTO `state_translation` (`state_id`,`language_id`,`name`) VALUES (269,'en','Franche-Comté');
INSERT INTO `state_translation` (`state_id`,`language_id`,`name`) VALUES (269,'zh','Franche-Comté');
INSERT INTO `state_translation` (`state_id`,`language_id`,`name`) VALUES (269,'es','Franche-Comté');
INSERT INTO `state_translation` (`state_id`,`language_id`,`name`) VALUES (269,'fr','Franche-Comté');
INSERT INTO `state_translation` (`state_id`,`language_id`,`name`) VALUES (270,'de','Haute-Normandie');
INSERT INTO `state_translation` (`state_id`,`language_id`,`name`) VALUES (270,'en','Haute-Normandie');
INSERT INTO `state_translation` (`state_id`,`language_id`,`name`) VALUES (270,'zh','Haute-Normandie');
INSERT INTO `state_translation` (`state_id`,`language_id`,`name`) VALUES (270,'es','Haute-Normandie');
INSERT INTO `state_translation` (`state_id`,`language_id`,`name`) VALUES (270,'fr','Haute-Normandie');
INSERT INTO `state_translation` (`state_id`,`language_id`,`name`) VALUES (271,'de','Ile-de-France');
INSERT INTO `state_translation` (`state_id`,`language_id`,`name`) VALUES (271,'en','Ile-de-France');
INSERT INTO `state_translation` (`state_id`,`language_id`,`name`) VALUES (271,'zh','Ile-de-France');
INSERT INTO `state_translation` (`state_id`,`language_id`,`name`) VALUES (271,'es','Ile-de-France');
INSERT INTO `state_translation` (`state_id`,`language_id`,`name`) VALUES (271,'fr','Ile-de-France');
INSERT INTO `state_translation` (`state_id`,`language_id`,`name`) VALUES (272,'de','Languedoc-Roussillon');
INSERT INTO `state_translation` (`state_id`,`language_id`,`name`) VALUES (272,'en','Languedoc-Roussillon');
INSERT INTO `state_translation` (`state_id`,`language_id`,`name`) VALUES (272,'zh','Languedoc-Roussillon');
INSERT INTO `state_translation` (`state_id`,`language_id`,`name`) VALUES (272,'es','Languedoc-Roussillon');
INSERT INTO `state_translation` (`state_id`,`language_id`,`name`) VALUES (272,'fr','Languedoc-Roussillon');
INSERT INTO `state_translation` (`state_id`,`language_id`,`name`) VALUES (273,'de','Limousin');
INSERT INTO `state_translation` (`state_id`,`language_id`,`name`) VALUES (273,'en','Limousin');
INSERT INTO `state_translation` (`state_id`,`language_id`,`name`) VALUES (273,'zh','Limousin');
INSERT INTO `state_translation` (`state_id`,`language_id`,`name`) VALUES (273,'es','Limousin');
INSERT INTO `state_translation` (`state_id`,`language_id`,`name`) VALUES (273,'fr','Limousin');
INSERT INTO `state_translation` (`state_id`,`language_id`,`name`) VALUES (274,'de','Loire Valley');
INSERT INTO `state_translation` (`state_id`,`language_id`,`name`) VALUES (274,'en','Loire Valley');
INSERT INTO `state_translation` (`state_id`,`language_id`,`name`) VALUES (274,'zh','Loire Valley');
INSERT INTO `state_translation` (`state_id`,`language_id`,`name`) VALUES (274,'es','Loire Valley');
INSERT INTO `state_translation` (`state_id`,`language_id`,`name`) VALUES (274,'fr','Vallée de la Loire');
INSERT INTO `state_translation` (`state_id`,`language_id`,`name`) VALUES (275,'de','Lorraine');
INSERT INTO `state_translation` (`state_id`,`language_id`,`name`) VALUES (275,'en','Lorraine');
INSERT INTO `state_translation` (`state_id`,`language_id`,`name`) VALUES (275,'zh','Lorraine');
INSERT INTO `state_translation` (`state_id`,`language_id`,`name`) VALUES (275,'es','Lorraine');
INSERT INTO `state_translation` (`state_id`,`language_id`,`name`) VALUES (275,'fr','Lorraine');
INSERT INTO `state_translation` (`state_id`,`language_id`,`name`) VALUES (276,'de','Martinique');
INSERT INTO `state_translation` (`state_id`,`language_id`,`name`) VALUES (276,'en','Martinique');
INSERT INTO `state_translation` (`state_id`,`language_id`,`name`) VALUES (276,'zh','Martinique');
INSERT INTO `state_translation` (`state_id`,`language_id`,`name`) VALUES (276,'es','Martinique');
INSERT INTO `state_translation` (`state_id`,`language_id`,`name`) VALUES (276,'fr','Martinique');
INSERT INTO `state_translation` (`state_id`,`language_id`,`name`) VALUES (277,'de','Midi-Pyrénées');
INSERT INTO `state_translation` (`state_id`,`language_id`,`name`) VALUES (277,'en','Midi-Pyrénées');
INSERT INTO `state_translation` (`state_id`,`language_id`,`name`) VALUES (277,'zh','Midi-Pyrénées');
INSERT INTO `state_translation` (`state_id`,`language_id`,`name`) VALUES (277,'es','Midi-Pyrénées');
INSERT INTO `state_translation` (`state_id`,`language_id`,`name`) VALUES (277,'fr','Midi-Pyrénées');
INSERT INTO `state_translation` (`state_id`,`language_id`,`name`) VALUES (278,'de','Monaco');
INSERT INTO `state_translation` (`state_id`,`language_id`,`name`) VALUES (278,'en','Monaco');
INSERT INTO `state_translation` (`state_id`,`language_id`,`name`) VALUES (278,'zh','Monaco');
INSERT INTO `state_translation` (`state_id`,`language_id`,`name`) VALUES (278,'es','Monaco');
INSERT INTO `state_translation` (`state_id`,`language_id`,`name`) VALUES (278,'fr','Monaco');
INSERT INTO `state_translation` (`state_id`,`language_id`,`name`) VALUES (279,'de','Nord-Pas-de-Calais');
INSERT INTO `state_translation` (`state_id`,`language_id`,`name`) VALUES (279,'en','Nord-Pas-de-Calais');
INSERT INTO `state_translation` (`state_id`,`language_id`,`name`) VALUES (279,'zh','Nord-Pas-de-Calais');
INSERT INTO `state_translation` (`state_id`,`language_id`,`name`) VALUES (279,'es','Nord-Pas-de-Calais');
INSERT INTO `state_translation` (`state_id`,`language_id`,`name`) VALUES (279,'fr','Nord-Pas-de-Calais');
INSERT INTO `state_translation` (`state_id`,`language_id`,`name`) VALUES (280,'de','Picardy');
INSERT INTO `state_translation` (`state_id`,`language_id`,`name`) VALUES (280,'en','Picardy');
INSERT INTO `state_translation` (`state_id`,`language_id`,`name`) VALUES (280,'zh','Picardy');
INSERT INTO `state_translation` (`state_id`,`language_id`,`name`) VALUES (280,'es','Picardy');
INSERT INTO `state_translation` (`state_id`,`language_id`,`name`) VALUES (280,'fr','Picardie');
INSERT INTO `state_translation` (`state_id`,`language_id`,`name`) VALUES (281,'de','Poitou-Charentes');
INSERT INTO `state_translation` (`state_id`,`language_id`,`name`) VALUES (281,'en','Poitou-Charentes');
INSERT INTO `state_translation` (`state_id`,`language_id`,`name`) VALUES (281,'zh','Poitou-Charentes');
INSERT INTO `state_translation` (`state_id`,`language_id`,`name`) VALUES (281,'es','Poitou-Charentes');
INSERT INTO `state_translation` (`state_id`,`language_id`,`name`) VALUES (281,'fr','Poitou-Charentes');
INSERT INTO `state_translation` (`state_id`,`language_id`,`name`) VALUES (282,'de','Provence-Alpes-Côte-dAzur');
INSERT INTO `state_translation` (`state_id`,`language_id`,`name`) VALUES (282,'en','Provence-Alpes-Côte-dAzur');
INSERT INTO `state_translation` (`state_id`,`language_id`,`name`) VALUES (282,'zh','Provence-Alpes-Côte-dAzur');
INSERT INTO `state_translation` (`state_id`,`language_id`,`name`) VALUES (282,'es','Provence-Alpes-Côte-dAzur');
INSERT INTO `state_translation` (`state_id`,`language_id`,`name`) VALUES (282,'fr','Provence-Alpes-Côte-dAzur');
INSERT INTO `state_translation` (`state_id`,`language_id`,`name`) VALUES (283,'de','Rhône-Alpes');
INSERT INTO `state_translation` (`state_id`,`language_id`,`name`) VALUES (283,'en','Rhône-Alpes');
INSERT INTO `state_translation` (`state_id`,`language_id`,`name`) VALUES (283,'zh','Rhône-Alpes');
INSERT INTO `state_translation` (`state_id`,`language_id`,`name`) VALUES (283,'es','Rhône-Alpes');
INSERT INTO `state_translation` (`state_id`,`language_id`,`name`) VALUES (283,'fr','Rhône-Alpes');
INSERT INTO `state_translation` (`state_id`,`language_id`,`name`) VALUES (284,'en','Maharashtra');
INSERT INTO `state_translation` (`state_id`,`language_id`,`name`) VALUES (284,'zh','马哈拉施特拉邦');
INSERT INTO `state_translation` (`state_id`,`language_id`,`name`) VALUES (284,'es','Maharashtra');
INSERT INTO `state_translation` (`state_id`,`language_id`,`name`) VALUES (284,'de','Maharashtra');
INSERT INTO `state_translation` (`state_id`,`language_id`,`name`) VALUES (284,'fr','Maharashtra');
INSERT INTO `state_translation` (`state_id`,`language_id`,`name`) VALUES (285,'en','Quebec');
INSERT INTO `state_translation` (`state_id`,`language_id`,`name`) VALUES (285,'de','Québec');
INSERT INTO `state_translation` (`state_id`,`language_id`,`name`) VALUES (285,'es','Quebec');
INSERT INTO `state_translation` (`state_id`,`language_id`,`name`) VALUES (285,'zh','魁北克');
INSERT INTO `state_translation` (`state_id`,`language_id`,`name`) VALUES (285,'fr','Québec');
INSERT INTO `state_translation` (`state_id`,`language_id`,`name`) VALUES (286,'en','Newfoundland');
INSERT INTO `state_translation` (`state_id`,`language_id`,`name`) VALUES (286,'de','Neufundland');
INSERT INTO `state_translation` (`state_id`,`language_id`,`name`) VALUES (286,'es','Terranova');
INSERT INTO `state_translation` (`state_id`,`language_id`,`name`) VALUES (286,'zh','纽芬兰');
INSERT INTO `state_translation` (`state_id`,`language_id`,`name`) VALUES (286,'fr','Terre-Neuve');
INSERT INTO `state_translation` (`state_id`,`language_id`,`name`) VALUES (287,'en','British Columbia');
INSERT INTO `state_translation` (`state_id`,`language_id`,`name`) VALUES (287,'de','British Columbia');
INSERT INTO `state_translation` (`state_id`,`language_id`,`name`) VALUES (287,'es','Columbia Británica');
INSERT INTO `state_translation` (`state_id`,`language_id`,`name`) VALUES (287,'zh','不列颠哥伦比亚省');
INSERT INTO `state_translation` (`state_id`,`language_id`,`name`) VALUES (287,'fr','Colombie britannique');
INSERT INTO `state_translation` (`state_id`,`language_id`,`name`) VALUES (288,'en','Saskatchewan');
INSERT INTO `state_translation` (`state_id`,`language_id`,`name`) VALUES (288,'de','Saskatchewan');
INSERT INTO `state_translation` (`state_id`,`language_id`,`name`) VALUES (288,'es','Saskatchewan');
INSERT INTO `state_translation` (`state_id`,`language_id`,`name`) VALUES (288,'zh','萨斯喀彻温省');
INSERT INTO `state_translation` (`state_id`,`language_id`,`name`) VALUES (288,'fr','Saskatchewan');
INSERT INTO `state_translation` (`state_id`,`language_id`,`name`) VALUES (289,'en','Manitoba');
INSERT INTO `state_translation` (`state_id`,`language_id`,`name`) VALUES (289,'de','Manitoba');
INSERT INTO `state_translation` (`state_id`,`language_id`,`name`) VALUES (289,'es','Manitoba');
INSERT INTO `state_translation` (`state_id`,`language_id`,`name`) VALUES (289,'zh','马尼托巴省');
INSERT INTO `state_translation` (`state_id`,`language_id`,`name`) VALUES (289,'fr','Manitoba');
INSERT INTO `state_translation` (`state_id`,`language_id`,`name`) VALUES (290,'en','Nationwide');
INSERT INTO `state_translation` (`state_id`,`language_id`,`name`) VALUES (290,'de','Landesweit');
INSERT INTO `state_translation` (`state_id`,`language_id`,`name`) VALUES (290,'es','A escala nacional');
INSERT INTO `state_translation` (`state_id`,`language_id`,`name`) VALUES (290,'zh','全国');
INSERT INTO `state_translation` (`state_id`,`language_id`,`name`) VALUES (290,'fr','À l\'échelle nationale');

COMMIT;


-- -----------------------------------------------------
-- Data for table `city`
-- -----------------------------------------------------
START TRANSACTION;

INSERT INTO `city` (`id`,`country_id`,`state_id`) VALUES (1,25,95);
INSERT INTO `city` (`id`,`country_id`,`state_id`) VALUES (2,25,59);
INSERT INTO `city` (`id`,`country_id`,`state_id`) VALUES (3,25,99);
INSERT INTO `city` (`id`,`country_id`,`state_id`) VALUES (4,25,76);
INSERT INTO `city` (`id`,`country_id`,`state_id`) VALUES (5,25,26);
INSERT INTO `city` (`id`,`country_id`,`state_id`) VALUES (6,25,16);
INSERT INTO `city` (`id`,`country_id`,`state_id`) VALUES (7,25,2);
INSERT INTO `city` (`id`,`country_id`,`state_id`) VALUES (8,25,99);
INSERT INTO `city` (`id`,`country_id`,`state_id`) VALUES (9,25,26);
INSERT INTO `city` (`id`,`country_id`,`state_id`) VALUES (10,25,50);
INSERT INTO `city` (`id`,`country_id`,`state_id`) VALUES (11,7,10);
INSERT INTO `city` (`id`,`country_id`,`state_id`) VALUES (12,25,95);
INSERT INTO `city` (`id`,`country_id`,`state_id`) VALUES (13,25,16);
INSERT INTO `city` (`id`,`country_id`,`state_id`) VALUES (14,22,8);
INSERT INTO `city` (`id`,`country_id`,`state_id`) VALUES (15,25,43);
INSERT INTO `city` (`id`,`country_id`,`state_id`) VALUES (16,7,10);
INSERT INTO `city` (`id`,`country_id`,`state_id`) VALUES (17,25,54);
INSERT INTO `city` (`id`,`country_id`,`state_id`) VALUES (18,25,100);
INSERT INTO `city` (`id`,`country_id`,`state_id`) VALUES (19,4,92);
INSERT INTO `city` (`id`,`country_id`,`state_id`) VALUES (20,7,11);
INSERT INTO `city` (`id`,`country_id`,`state_id`) VALUES (21,25,1);
INSERT INTO `city` (`id`,`country_id`,`state_id`) VALUES (22,25,61);
INSERT INTO `city` (`id`,`country_id`,`state_id`) VALUES (23,7,66);
INSERT INTO `city` (`id`,`country_id`,`state_id`) VALUES (24,25,1);
INSERT INTO `city` (`id`,`country_id`,`state_id`) VALUES (25,7,66);
INSERT INTO `city` (`id`,`country_id`,`state_id`) VALUES (26,25,32);
INSERT INTO `city` (`id`,`country_id`,`state_id`) VALUES (27,25,94);
INSERT INTO `city` (`id`,`country_id`,`state_id`) VALUES (28,25,24);
INSERT INTO `city` (`id`,`country_id`,`state_id`) VALUES (29,7,13);
INSERT INTO `city` (`id`,`country_id`,`state_id`) VALUES (30,4,18);
INSERT INTO `city` (`id`,`country_id`,`state_id`) VALUES (31,7,14);
INSERT INTO `city` (`id`,`country_id`,`state_id`) VALUES (32,25,46);
INSERT INTO `city` (`id`,`country_id`,`state_id`) VALUES (33,25,70);
INSERT INTO `city` (`id`,`country_id`,`state_id`) VALUES (34,25,71);
INSERT INTO `city` (`id`,`country_id`,`state_id`) VALUES (35,7,6);
INSERT INTO `city` (`id`,`country_id`,`state_id`) VALUES (36,8,15);
INSERT INTO `city` (`id`,`country_id`,`state_id`) VALUES (37,25,61);
INSERT INTO `city` (`id`,`country_id`,`state_id`) VALUES (38,25,16);
INSERT INTO `city` (`id`,`country_id`,`state_id`) VALUES (39,5,3);
INSERT INTO `city` (`id`,`country_id`,`state_id`) VALUES (40,16,26);
INSERT INTO `city` (`id`,`country_id`,`state_id`) VALUES (41,13,104);
INSERT INTO `city` (`id`,`country_id`,`state_id`) VALUES (42,25,16);
INSERT INTO `city` (`id`,`country_id`,`state_id`) VALUES (43,25,101);
INSERT INTO `city` (`id`,`country_id`,`state_id`) VALUES (44,25,64);
INSERT INTO `city` (`id`,`country_id`,`state_id`) VALUES (45,25,94);
INSERT INTO `city` (`id`,`country_id`,`state_id`) VALUES (46,25,61);
INSERT INTO `city` (`id`,`country_id`,`state_id`) VALUES (47,7,83);
INSERT INTO `city` (`id`,`country_id`,`state_id`) VALUES (48,25,99);
INSERT INTO `city` (`id`,`country_id`,`state_id`) VALUES (49,25,34);
INSERT INTO `city` (`id`,`country_id`,`state_id`) VALUES (50,25,70);
INSERT INTO `city` (`id`,`country_id`,`state_id`) VALUES (51,15,75);
INSERT INTO `city` (`id`,`country_id`,`state_id`) VALUES (52,25,70);
INSERT INTO `city` (`id`,`country_id`,`state_id`) VALUES (53,25,47);
INSERT INTO `city` (`id`,`country_id`,`state_id`) VALUES (54,10,42);
INSERT INTO `city` (`id`,`country_id`,`state_id`) VALUES (55,25,19);
INSERT INTO `city` (`id`,`country_id`,`state_id`) VALUES (56,25,87);
INSERT INTO `city` (`id`,`country_id`,`state_id`) VALUES (57,25,70);
INSERT INTO `city` (`id`,`country_id`,`state_id`) VALUES (58,25,95);
INSERT INTO `city` (`id`,`country_id`,`state_id`) VALUES (59,25,95);
INSERT INTO `city` (`id`,`country_id`,`state_id`) VALUES (60,25,97);
INSERT INTO `city` (`id`,`country_id`,`state_id`) VALUES (61,25,58);
INSERT INTO `city` (`id`,`country_id`,`state_id`) VALUES (62,25,95);
INSERT INTO `city` (`id`,`country_id`,`state_id`) VALUES (63,7,30);
INSERT INTO `city` (`id`,`country_id`,`state_id`) VALUES (64,5,69);
INSERT INTO `city` (`id`,`country_id`,`state_id`) VALUES (65,7,10);
INSERT INTO `city` (`id`,`country_id`,`state_id`) VALUES (66,25,19);
INSERT INTO `city` (`id`,`country_id`,`state_id`) VALUES (67,25,50);
INSERT INTO `city` (`id`,`country_id`,`state_id`) VALUES (68,7,66);
INSERT INTO `city` (`id`,`country_id`,`state_id`) VALUES (69,25,34);
INSERT INTO `city` (`id`,`country_id`,`state_id`) VALUES (70,7,83);
INSERT INTO `city` (`id`,`country_id`,`state_id`) VALUES (71,25,26);
INSERT INTO `city` (`id`,`country_id`,`state_id`) VALUES (72,7,66);
INSERT INTO `city` (`id`,`country_id`,`state_id`) VALUES (73,25,16);
INSERT INTO `city` (`id`,`country_id`,`state_id`) VALUES (74,25,95);
INSERT INTO `city` (`id`,`country_id`,`state_id`) VALUES (75,7,96);
INSERT INTO `city` (`id`,`country_id`,`state_id`) VALUES (76,7,66);
INSERT INTO `city` (`id`,`country_id`,`state_id`) VALUES (77,7,6);
INSERT INTO `city` (`id`,`country_id`,`state_id`) VALUES (78,25,73);
INSERT INTO `city` (`id`,`country_id`,`state_id`) VALUES (79,25,35);
INSERT INTO `city` (`id`,`country_id`,`state_id`) VALUES (80,25,100);
INSERT INTO `city` (`id`,`country_id`,`state_id`) VALUES (81,25,65);
INSERT INTO `city` (`id`,`country_id`,`state_id`) VALUES (82,7,10);
INSERT INTO `city` (`id`,`country_id`,`state_id`) VALUES (83,7,6);
INSERT INTO `city` (`id`,`country_id`,`state_id`) VALUES (84,7,6);
INSERT INTO `city` (`id`,`country_id`,`state_id`) VALUES (85,10,78);
INSERT INTO `city` (`id`,`country_id`,`state_id`) VALUES (86,7,6);
INSERT INTO `city` (`id`,`country_id`,`state_id`) VALUES (87,25,19);
INSERT INTO `city` (`id`,`country_id`,`state_id`) VALUES (88,4,63);
INSERT INTO `city` (`id`,`country_id`,`state_id`) VALUES (89,7,30);
INSERT INTO `city` (`id`,`country_id`,`state_id`) VALUES (90,7,6);
INSERT INTO `city` (`id`,`country_id`,`state_id`) VALUES (91,25,16);
INSERT INTO `city` (`id`,`country_id`,`state_id`) VALUES (92,25,95);
INSERT INTO `city` (`id`,`country_id`,`state_id`) VALUES (93,25,24);
INSERT INTO `city` (`id`,`country_id`,`state_id`) VALUES (94,25,24);
INSERT INTO `city` (`id`,`country_id`,`state_id`) VALUES (95,25,95);
INSERT INTO `city` (`id`,`country_id`,`state_id`) VALUES (96,7,10);
INSERT INTO `city` (`id`,`country_id`,`state_id`) VALUES (97,7,30);
INSERT INTO `city` (`id`,`country_id`,`state_id`) VALUES (98,25,24);
INSERT INTO `city` (`id`,`country_id`,`state_id`) VALUES (99,25,94);
INSERT INTO `city` (`id`,`country_id`,`state_id`) VALUES (100,7,30);
INSERT INTO `city` (`id`,`country_id`,`state_id`) VALUES (101,7,6);
INSERT INTO `city` (`id`,`country_id`,`state_id`) VALUES (102,7,30);
INSERT INTO `city` (`id`,`country_id`,`state_id`) VALUES (103,7,10);
INSERT INTO `city` (`id`,`country_id`,`state_id`) VALUES (104,25,16);
INSERT INTO `city` (`id`,`country_id`,`state_id`) VALUES (105,25,50);
INSERT INTO `city` (`id`,`country_id`,`state_id`) VALUES (106,2,91);
INSERT INTO `city` (`id`,`country_id`,`state_id`) VALUES (107,25,64);
INSERT INTO `city` (`id`,`country_id`,`state_id`) VALUES (108,25,87);
INSERT INTO `city` (`id`,`country_id`,`state_id`) VALUES (109,25,19);
INSERT INTO `city` (`id`,`country_id`,`state_id`) VALUES (110,4,93);
INSERT INTO `city` (`id`,`country_id`,`state_id`) VALUES (111,4,93);
INSERT INTO `city` (`id`,`country_id`,`state_id`) VALUES (112,4,92);
INSERT INTO `city` (`id`,`country_id`,`state_id`) VALUES (113,25,19);
INSERT INTO `city` (`id`,`country_id`,`state_id`) VALUES (114,7,10);
INSERT INTO `city` (`id`,`country_id`,`state_id`) VALUES (115,7,28);
INSERT INTO `city` (`id`,`country_id`,`state_id`) VALUES (116,7,66);
INSERT INTO `city` (`id`,`country_id`,`state_id`) VALUES (117,7,44);
INSERT INTO `city` (`id`,`country_id`,`state_id`) VALUES (118,25,43);
INSERT INTO `city` (`id`,`country_id`,`state_id`) VALUES (119,25,16);
INSERT INTO `city` (`id`,`country_id`,`state_id`) VALUES (120,7,6);
INSERT INTO `city` (`id`,`country_id`,`state_id`) VALUES (121,7,10);
INSERT INTO `city` (`id`,`country_id`,`state_id`) VALUES (122,26,31);
INSERT INTO `city` (`id`,`country_id`,`state_id`) VALUES (123,25,29);
INSERT INTO `city` (`id`,`country_id`,`state_id`) VALUES (124,25,1);
INSERT INTO `city` (`id`,`country_id`,`state_id`) VALUES (125,25,52);
INSERT INTO `city` (`id`,`country_id`,`state_id`) VALUES (126,25,95);
INSERT INTO `city` (`id`,`country_id`,`state_id`) VALUES (127,25,1);
INSERT INTO `city` (`id`,`country_id`,`state_id`) VALUES (128,7,66);
INSERT INTO `city` (`id`,`country_id`,`state_id`) VALUES (129,25,35);
INSERT INTO `city` (`id`,`country_id`,`state_id`) VALUES (130,25,16);
INSERT INTO `city` (`id`,`country_id`,`state_id`) VALUES (131,7,44);
INSERT INTO `city` (`id`,`country_id`,`state_id`) VALUES (132,23,37);
INSERT INTO `city` (`id`,`country_id`,`state_id`) VALUES (133,25,52);
INSERT INTO `city` (`id`,`country_id`,`state_id`) VALUES (134,25,24);
INSERT INTO `city` (`id`,`country_id`,`state_id`) VALUES (135,9,36);
INSERT INTO `city` (`id`,`country_id`,`state_id`) VALUES (136,4,62);
INSERT INTO `city` (`id`,`country_id`,`state_id`) VALUES (137,25,2);
INSERT INTO `city` (`id`,`country_id`,`state_id`) VALUES (138,25,53);
INSERT INTO `city` (`id`,`country_id`,`state_id`) VALUES (139,7,6);
INSERT INTO `city` (`id`,`country_id`,`state_id`) VALUES (140,7,30);
INSERT INTO `city` (`id`,`country_id`,`state_id`) VALUES (141,25,26);
INSERT INTO `city` (`id`,`country_id`,`state_id`) VALUES (142,25,24);
INSERT INTO `city` (`id`,`country_id`,`state_id`) VALUES (143,7,85);
INSERT INTO `city` (`id`,`country_id`,`state_id`) VALUES (144,25,76);
INSERT INTO `city` (`id`,`country_id`,`state_id`) VALUES (145,25,100);
INSERT INTO `city` (`id`,`country_id`,`state_id`) VALUES (146,25,94);
INSERT INTO `city` (`id`,`country_id`,`state_id`) VALUES (147,7,66);
INSERT INTO `city` (`id`,`country_id`,`state_id`) VALUES (148,13,104);
INSERT INTO `city` (`id`,`country_id`,`state_id`) VALUES (149,11,41);
INSERT INTO `city` (`id`,`country_id`,`state_id`) VALUES (150,25,4);
INSERT INTO `city` (`id`,`country_id`,`state_id`) VALUES (151,7,44);
INSERT INTO `city` (`id`,`country_id`,`state_id`) VALUES (152,25,56);
INSERT INTO `city` (`id`,`country_id`,`state_id`) VALUES (153,7,6);
INSERT INTO `city` (`id`,`country_id`,`state_id`) VALUES (154,7,83);
INSERT INTO `city` (`id`,`country_id`,`state_id`) VALUES (155,25,39);
INSERT INTO `city` (`id`,`country_id`,`state_id`) VALUES (156,24,23);
INSERT INTO `city` (`id`,`country_id`,`state_id`) VALUES (157,25,40);
INSERT INTO `city` (`id`,`country_id`,`state_id`) VALUES (158,25,80);
INSERT INTO `city` (`id`,`country_id`,`state_id`) VALUES (159,25,47);
INSERT INTO `city` (`id`,`country_id`,`state_id`) VALUES (160,25,34);
INSERT INTO `city` (`id`,`country_id`,`state_id`) VALUES (161,25,5);
INSERT INTO `city` (`id`,`country_id`,`state_id`) VALUES (162,25,50);
INSERT INTO `city` (`id`,`country_id`,`state_id`) VALUES (163,25,97);
INSERT INTO `city` (`id`,`country_id`,`state_id`) VALUES (164,25,34);
INSERT INTO `city` (`id`,`country_id`,`state_id`) VALUES (165,25,61);
INSERT INTO `city` (`id`,`country_id`,`state_id`) VALUES (166,25,99);
INSERT INTO `city` (`id`,`country_id`,`state_id`) VALUES (167,25,16);
INSERT INTO `city` (`id`,`country_id`,`state_id`) VALUES (168,25,40);
INSERT INTO `city` (`id`,`country_id`,`state_id`) VALUES (169,25,95);
INSERT INTO `city` (`id`,`country_id`,`state_id`) VALUES (170,4,63);
INSERT INTO `city` (`id`,`country_id`,`state_id`) VALUES (171,4,62);
INSERT INTO `city` (`id`,`country_id`,`state_id`) VALUES (172,25,26);
INSERT INTO `city` (`id`,`country_id`,`state_id`) VALUES (173,25,102);
INSERT INTO `city` (`id`,`country_id`,`state_id`) VALUES (174,7,84);
INSERT INTO `city` (`id`,`country_id`,`state_id`) VALUES (175,4,63);
INSERT INTO `city` (`id`,`country_id`,`state_id`) VALUES (176,24,67);
INSERT INTO `city` (`id`,`country_id`,`state_id`) VALUES (177,7,6);
INSERT INTO `city` (`id`,`country_id`,`state_id`) VALUES (178,25,26);
INSERT INTO `city` (`id`,`country_id`,`state_id`) VALUES (179,7,83);
INSERT INTO `city` (`id`,`country_id`,`state_id`) VALUES (180,25,94);
INSERT INTO `city` (`id`,`country_id`,`state_id`) VALUES (181,25,24);
INSERT INTO `city` (`id`,`country_id`,`state_id`) VALUES (182,25,94);
INSERT INTO `city` (`id`,`country_id`,`state_id`) VALUES (183,25,95);
INSERT INTO `city` (`id`,`country_id`,`state_id`) VALUES (184,25,51);
INSERT INTO `city` (`id`,`country_id`,`state_id`) VALUES (185,5,57);
INSERT INTO `city` (`id`,`country_id`,`state_id`) VALUES (186,17,17);
INSERT INTO `city` (`id`,`country_id`,`state_id`) VALUES (187,19,45);
INSERT INTO `city` (`id`,`country_id`,`state_id`) VALUES (188,7,10);
INSERT INTO `city` (`id`,`country_id`,`state_id`) VALUES (190,7,66);
INSERT INTO `city` (`id`,`country_id`,`state_id`) VALUES (191,25,87);
INSERT INTO `city` (`id`,`country_id`,`state_id`) VALUES (192,25,94);
INSERT INTO `city` (`id`,`country_id`,`state_id`) VALUES (193,3,7);
INSERT INTO `city` (`id`,`country_id`,`state_id`) VALUES (194,8,55);
INSERT INTO `city` (`id`,`country_id`,`state_id`) VALUES (195,7,6);
INSERT INTO `city` (`id`,`country_id`,`state_id`) VALUES (196,7,66);
INSERT INTO `city` (`id`,`country_id`,`state_id`) VALUES (197,25,20);
INSERT INTO `city` (`id`,`country_id`,`state_id`) VALUES (198,25,43);
INSERT INTO `city` (`id`,`country_id`,`state_id`) VALUES (199,25,61);
INSERT INTO `city` (`id`,`country_id`,`state_id`) VALUES (200,25,99);
INSERT INTO `city` (`id`,`country_id`,`state_id`) VALUES (201,25,70);
INSERT INTO `city` (`id`,`country_id`,`state_id`) VALUES (202,7,66);
INSERT INTO `city` (`id`,`country_id`,`state_id`) VALUES (203,7,10);
INSERT INTO `city` (`id`,`country_id`,`state_id`) VALUES (204,25,71);
INSERT INTO `city` (`id`,`country_id`,`state_id`) VALUES (205,25,24);
INSERT INTO `city` (`id`,`country_id`,`state_id`) VALUES (206,14,74);
INSERT INTO `city` (`id`,`country_id`,`state_id`) VALUES (207,25,24);
INSERT INTO `city` (`id`,`country_id`,`state_id`) VALUES (208,25,34);
INSERT INTO `city` (`id`,`country_id`,`state_id`) VALUES (209,11,86);
INSERT INTO `city` (`id`,`country_id`,`state_id`) VALUES (210,25,76);
INSERT INTO `city` (`id`,`country_id`,`state_id`) VALUES (211,25,4);
INSERT INTO `city` (`id`,`country_id`,`state_id`) VALUES (212,4,92);
INSERT INTO `city` (`id`,`country_id`,`state_id`) VALUES (213,25,76);
INSERT INTO `city` (`id`,`country_id`,`state_id`) VALUES (214,21,25);
INSERT INTO `city` (`id`,`country_id`,`state_id`) VALUES (215,25,24);
INSERT INTO `city` (`id`,`country_id`,`state_id`) VALUES (216,25,73);
INSERT INTO `city` (`id`,`country_id`,`state_id`) VALUES (217,4,93);
INSERT INTO `city` (`id`,`country_id`,`state_id`) VALUES (218,6,33);
INSERT INTO `city` (`id`,`country_id`,`state_id`) VALUES (219,25,64);
INSERT INTO `city` (`id`,`country_id`,`state_id`) VALUES (220,4,62);
INSERT INTO `city` (`id`,`country_id`,`state_id`) VALUES (221,7,10);
INSERT INTO `city` (`id`,`country_id`,`state_id`) VALUES (222,7,6);
INSERT INTO `city` (`id`,`country_id`,`state_id`) VALUES (223,25,52);
INSERT INTO `city` (`id`,`country_id`,`state_id`) VALUES (224,25,99);
INSERT INTO `city` (`id`,`country_id`,`state_id`) VALUES (225,25,24);
INSERT INTO `city` (`id`,`country_id`,`state_id`) VALUES (226,25,99);
INSERT INTO `city` (`id`,`country_id`,`state_id`) VALUES (227,25,61);
INSERT INTO `city` (`id`,`country_id`,`state_id`) VALUES (228,7,49);
INSERT INTO `city` (`id`,`country_id`,`state_id`) VALUES (229,7,6);
INSERT INTO `city` (`id`,`country_id`,`state_id`) VALUES (230,21,105);
INSERT INTO `city` (`id`,`country_id`,`state_id`) VALUES (231,7,81);
INSERT INTO `city` (`id`,`country_id`,`state_id`) VALUES (232,25,97);
INSERT INTO `city` (`id`,`country_id`,`state_id`) VALUES (233,25,95);
INSERT INTO `city` (`id`,`country_id`,`state_id`) VALUES (234,25,16);
INSERT INTO `city` (`id`,`country_id`,`state_id`) VALUES (235,25,16);
INSERT INTO `city` (`id`,`country_id`,`state_id`) VALUES (236,25,16);
INSERT INTO `city` (`id`,`country_id`,`state_id`) VALUES (237,25,26);
INSERT INTO `city` (`id`,`country_id`,`state_id`) VALUES (238,5,72);
INSERT INTO `city` (`id`,`country_id`,`state_id`) VALUES (239,25,100);
INSERT INTO `city` (`id`,`country_id`,`state_id`) VALUES (240,25,43);
INSERT INTO `city` (`id`,`country_id`,`state_id`) VALUES (241,18,38);
INSERT INTO `city` (`id`,`country_id`,`state_id`) VALUES (242,7,6);
INSERT INTO `city` (`id`,`country_id`,`state_id`) VALUES (243,25,88);
INSERT INTO `city` (`id`,`country_id`,`state_id`) VALUES (244,25,56);
INSERT INTO `city` (`id`,`country_id`,`state_id`) VALUES (245,25,100);
INSERT INTO `city` (`id`,`country_id`,`state_id`) VALUES (246,25,53);
INSERT INTO `city` (`id`,`country_id`,`state_id`) VALUES (247,21,89);
INSERT INTO `city` (`id`,`country_id`,`state_id`) VALUES (248,25,53);
INSERT INTO `city` (`id`,`country_id`,`state_id`) VALUES (249,20,90);
INSERT INTO `city` (`id`,`country_id`,`state_id`) VALUES (250,7,44);
INSERT INTO `city` (`id`,`country_id`,`state_id`) VALUES (251,7,6);
INSERT INTO `city` (`id`,`country_id`,`state_id`) VALUES (252,1,60);
INSERT INTO `city` (`id`,`country_id`,`state_id`) VALUES (253,25,61);
INSERT INTO `city` (`id`,`country_id`,`state_id`) VALUES (254,25,100);
INSERT INTO `city` (`id`,`country_id`,`state_id`) VALUES (255,25,24);
INSERT INTO `city` (`id`,`country_id`,`state_id`) VALUES (256,25,24);
INSERT INTO `city` (`id`,`country_id`,`state_id`) VALUES (257,25,24);
INSERT INTO `city` (`id`,`country_id`,`state_id`) VALUES (258,25,95);
INSERT INTO `city` (`id`,`country_id`,`state_id`) VALUES (259,25,95);
INSERT INTO `city` (`id`,`country_id`,`state_id`) VALUES (260,5,72);
INSERT INTO `city` (`id`,`country_id`,`state_id`) VALUES (261,7,66);
INSERT INTO `city` (`id`,`country_id`,`state_id`) VALUES (262,25,4);
INSERT INTO `city` (`id`,`country_id`,`state_id`) VALUES (263,25,71);
INSERT INTO `city` (`id`,`country_id`,`state_id`) VALUES (264,25,95);
INSERT INTO `city` (`id`,`country_id`,`state_id`) VALUES (265,7,6);
INSERT INTO `city` (`id`,`country_id`,`state_id`) VALUES (266,25,24);
INSERT INTO `city` (`id`,`country_id`,`state_id`) VALUES (267,25,20);
INSERT INTO `city` (`id`,`country_id`,`state_id`) VALUES (268,25,52);
INSERT INTO `city` (`id`,`country_id`,`state_id`) VALUES (269,2,82);
INSERT INTO `city` (`id`,`country_id`,`state_id`) VALUES (270,25,22);
INSERT INTO `city` (`id`,`country_id`,`state_id`) VALUES (271,25,102);
INSERT INTO `city` (`id`,`country_id`,`state_id`) VALUES (272,25,61);
INSERT INTO `city` (`id`,`country_id`,`state_id`) VALUES (273,25,50);
INSERT INTO `city` (`id`,`country_id`,`state_id`) VALUES (274,25,16);
INSERT INTO `city` (`id`,`country_id`,`state_id`) VALUES (275,25,61);
INSERT INTO `city` (`id`,`country_id`,`state_id`) VALUES (276,25,70);
INSERT INTO `city` (`id`,`country_id`,`state_id`) VALUES (277,25,48);
INSERT INTO `city` (`id`,`country_id`,`state_id`) VALUES (278,25,39);
INSERT INTO `city` (`id`,`country_id`,`state_id`) VALUES (279,2,98);
INSERT INTO `city` (`id`,`country_id`,`state_id`) VALUES (280,25,21);
INSERT INTO `city` (`id`,`country_id`,`state_id`) VALUES (281,25,61);
INSERT INTO `city` (`id`,`country_id`,`state_id`) VALUES (282,12,103);
INSERT INTO `city` (`id`,`country_id`,`state_id`) VALUES (283,25,76);
INSERT INTO `city` (`id`,`country_id`,`state_id`) VALUES (284,21,12);
INSERT INTO `city` (`id`,`country_id`,`state_id`) VALUES (285,21,9);
INSERT INTO `city` (`id`,`country_id`,`state_id`) VALUES (286,7,10);
INSERT INTO `city` (`id`,`country_id`,`state_id`) VALUES (287,27,128);
INSERT INTO `city` (`id`,`country_id`,`state_id`) VALUES (288,27,107);
INSERT INTO `city` (`id`,`country_id`,`state_id`) VALUES (289,27,123);
INSERT INTO `city` (`id`,`country_id`,`state_id`) VALUES (290,27,119);
INSERT INTO `city` (`id`,`country_id`,`state_id`) VALUES (291,27,121);
INSERT INTO `city` (`id`,`country_id`,`state_id`) VALUES (292,27,132);
INSERT INTO `city` (`id`,`country_id`,`state_id`) VALUES (293,27,108);
INSERT INTO `city` (`id`,`country_id`,`state_id`) VALUES (294,27,124);
INSERT INTO `city` (`id`,`country_id`,`state_id`) VALUES (295,27,132);
INSERT INTO `city` (`id`,`country_id`,`state_id`) VALUES (296,27,129);
INSERT INTO `city` (`id`,`country_id`,`state_id`) VALUES (297,27,111);
INSERT INTO `city` (`id`,`country_id`,`state_id`) VALUES (298,27,118);
INSERT INTO `city` (`id`,`country_id`,`state_id`) VALUES (299,27,118);
INSERT INTO `city` (`id`,`country_id`,`state_id`) VALUES (300,27,111);
INSERT INTO `city` (`id`,`country_id`,`state_id`) VALUES (301,27,106);
INSERT INTO `city` (`id`,`country_id`,`state_id`) VALUES (302,27,109);
INSERT INTO `city` (`id`,`country_id`,`state_id`) VALUES (303,27,122);
INSERT INTO `city` (`id`,`country_id`,`state_id`) VALUES (304,27,111);
INSERT INTO `city` (`id`,`country_id`,`state_id`) VALUES (305,27,113);
INSERT INTO `city` (`id`,`country_id`,`state_id`) VALUES (306,27,116);
INSERT INTO `city` (`id`,`country_id`,`state_id`) VALUES (307,27,114);
INSERT INTO `city` (`id`,`country_id`,`state_id`) VALUES (308,27,115);
INSERT INTO `city` (`id`,`country_id`,`state_id`) VALUES (309,27,137);
INSERT INTO `city` (`id`,`country_id`,`state_id`) VALUES (310,27,128);
INSERT INTO `city` (`id`,`country_id`,`state_id`) VALUES (311,27,117);
INSERT INTO `city` (`id`,`country_id`,`state_id`) VALUES (312,27,106);
INSERT INTO `city` (`id`,`country_id`,`state_id`) VALUES (313,27,120);
INSERT INTO `city` (`id`,`country_id`,`state_id`) VALUES (314,27,111);
INSERT INTO `city` (`id`,`country_id`,`state_id`) VALUES (315,27,117);
INSERT INTO `city` (`id`,`country_id`,`state_id`) VALUES (316,27,137);
INSERT INTO `city` (`id`,`country_id`,`state_id`) VALUES (317,27,129);
INSERT INTO `city` (`id`,`country_id`,`state_id`) VALUES (318,27,122);
INSERT INTO `city` (`id`,`country_id`,`state_id`) VALUES (319,27,118);
INSERT INTO `city` (`id`,`country_id`,`state_id`) VALUES (320,27,137);
INSERT INTO `city` (`id`,`country_id`,`state_id`) VALUES (321,27,129);
INSERT INTO `city` (`id`,`country_id`,`state_id`) VALUES (322,27,124);
INSERT INTO `city` (`id`,`country_id`,`state_id`) VALUES (323,27,122);
INSERT INTO `city` (`id`,`country_id`,`state_id`) VALUES (324,27,136);
INSERT INTO `city` (`id`,`country_id`,`state_id`) VALUES (325,27,121);
INSERT INTO `city` (`id`,`country_id`,`state_id`) VALUES (326,27,115);
INSERT INTO `city` (`id`,`country_id`,`state_id`) VALUES (327,27,110);
INSERT INTO `city` (`id`,`country_id`,`state_id`) VALUES (328,27,132);
INSERT INTO `city` (`id`,`country_id`,`state_id`) VALUES (329,27,134);
INSERT INTO `city` (`id`,`country_id`,`state_id`) VALUES (330,27,112);
INSERT INTO `city` (`id`,`country_id`,`state_id`) VALUES (331,27,117);
INSERT INTO `city` (`id`,`country_id`,`state_id`) VALUES (332,27,132);
INSERT INTO `city` (`id`,`country_id`,`state_id`) VALUES (333,27,132);
INSERT INTO `city` (`id`,`country_id`,`state_id`) VALUES (334,27,125);
INSERT INTO `city` (`id`,`country_id`,`state_id`) VALUES (335,27,122);
INSERT INTO `city` (`id`,`country_id`,`state_id`) VALUES (336,27,132);
INSERT INTO `city` (`id`,`country_id`,`state_id`) VALUES (337,27,121);
INSERT INTO `city` (`id`,`country_id`,`state_id`) VALUES (338,27,112);
INSERT INTO `city` (`id`,`country_id`,`state_id`) VALUES (339,27,121);
INSERT INTO `city` (`id`,`country_id`,`state_id`) VALUES (340,27,117);
INSERT INTO `city` (`id`,`country_id`,`state_id`) VALUES (341,27,137);
INSERT INTO `city` (`id`,`country_id`,`state_id`) VALUES (342,27,132);
INSERT INTO `city` (`id`,`country_id`,`state_id`) VALUES (343,27,130);
INSERT INTO `city` (`id`,`country_id`,`state_id`) VALUES (344,27,117);
INSERT INTO `city` (`id`,`country_id`,`state_id`) VALUES (345,27,129);
INSERT INTO `city` (`id`,`country_id`,`state_id`) VALUES (346,27,114);
INSERT INTO `city` (`id`,`country_id`,`state_id`) VALUES (347,27,130);
INSERT INTO `city` (`id`,`country_id`,`state_id`) VALUES (348,27,122);
INSERT INTO `city` (`id`,`country_id`,`state_id`) VALUES (349,27,111);
INSERT INTO `city` (`id`,`country_id`,`state_id`) VALUES (350,27,137);
INSERT INTO `city` (`id`,`country_id`,`state_id`) VALUES (351,27,124);
INSERT INTO `city` (`id`,`country_id`,`state_id`) VALUES (352,27,111);
INSERT INTO `city` (`id`,`country_id`,`state_id`) VALUES (353,27,115);
INSERT INTO `city` (`id`,`country_id`,`state_id`) VALUES (354,27,106);
INSERT INTO `city` (`id`,`country_id`,`state_id`) VALUES (355,27,133);
INSERT INTO `city` (`id`,`country_id`,`state_id`) VALUES (356,27,129);
INSERT INTO `city` (`id`,`country_id`,`state_id`) VALUES (357,27,131);
INSERT INTO `city` (`id`,`country_id`,`state_id`) VALUES (358,27,137);
INSERT INTO `city` (`id`,`country_id`,`state_id`) VALUES (359,27,115);
INSERT INTO `city` (`id`,`country_id`,`state_id`) VALUES (360,27,133);
INSERT INTO `city` (`id`,`country_id`,`state_id`) VALUES (361,27,135);
INSERT INTO `city` (`id`,`country_id`,`state_id`) VALUES (362,27,108);
INSERT INTO `city` (`id`,`country_id`,`state_id`) VALUES (363,27,129);
INSERT INTO `city` (`id`,`country_id`,`state_id`) VALUES (364,27,128);
INSERT INTO `city` (`id`,`country_id`,`state_id`) VALUES (365,27,137);
INSERT INTO `city` (`id`,`country_id`,`state_id`) VALUES (366,27,118);
INSERT INTO `city` (`id`,`country_id`,`state_id`) VALUES (367,27,106);
INSERT INTO `city` (`id`,`country_id`,`state_id`) VALUES (368,27,121);
INSERT INTO `city` (`id`,`country_id`,`state_id`) VALUES (369,27,109);
INSERT INTO `city` (`id`,`country_id`,`state_id`) VALUES (370,27,128);
INSERT INTO `city` (`id`,`country_id`,`state_id`) VALUES (371,27,128);
INSERT INTO `city` (`id`,`country_id`,`state_id`) VALUES (372,27,118);
INSERT INTO `city` (`id`,`country_id`,`state_id`) VALUES (373,27,132);
INSERT INTO `city` (`id`,`country_id`,`state_id`) VALUES (374,27,127);
INSERT INTO `city` (`id`,`country_id`,`state_id`) VALUES (375,27,117);
INSERT INTO `city` (`id`,`country_id`,`state_id`) VALUES (376,27,117);
INSERT INTO `city` (`id`,`country_id`,`state_id`) VALUES (377,27,121);
INSERT INTO `city` (`id`,`country_id`,`state_id`) VALUES (378,27,129);
INSERT INTO `city` (`id`,`country_id`,`state_id`) VALUES (379,27,126);
INSERT INTO `city` (`id`,`country_id`,`state_id`) VALUES (380,27,128);
INSERT INTO `city` (`id`,`country_id`,`state_id`) VALUES (381,27,117);
INSERT INTO `city` (`id`,`country_id`,`state_id`) VALUES (382,27,121);
INSERT INTO `city` (`id`,`country_id`,`state_id`) VALUES (383,27,111);
INSERT INTO `city` (`id`,`country_id`,`state_id`) VALUES (384,27,111);
INSERT INTO `city` (`id`,`country_id`,`state_id`) VALUES (385,27,119);
INSERT INTO `city` (`id`,`country_id`,`state_id`) VALUES (386,27,113);
INSERT INTO `city` (`id`,`country_id`,`state_id`) VALUES (387,10,138);
INSERT INTO `city` (`id`,`country_id`,`state_id`) VALUES (388,25,95);
INSERT INTO `city` (`id`,`country_id`,`state_id`) VALUES (389,10,42);
INSERT INTO `city` (`id`,`country_id`,`state_id`) VALUES (390,10,42);
INSERT INTO `city` (`id`,`country_id`,`state_id`) VALUES (391,10,139);
INSERT INTO `city` (`id`,`country_id`,`state_id`) VALUES (392,10,150);
INSERT INTO `city` (`id`,`country_id`,`state_id`) VALUES (393,10,42);
INSERT INTO `city` (`id`,`country_id`,`state_id`) VALUES (394,10,140);
INSERT INTO `city` (`id`,`country_id`,`state_id`) VALUES (395,10,141);
INSERT INTO `city` (`id`,`country_id`,`state_id`) VALUES (396,10,139);
INSERT INTO `city` (`id`,`country_id`,`state_id`) VALUES (397,10,142);
INSERT INTO `city` (`id`,`country_id`,`state_id`) VALUES (398,10,143);
INSERT INTO `city` (`id`,`country_id`,`state_id`) VALUES (399,10,42);
INSERT INTO `city` (`id`,`country_id`,`state_id`) VALUES (400,10,144);
INSERT INTO `city` (`id`,`country_id`,`state_id`) VALUES (401,10,145);
INSERT INTO `city` (`id`,`country_id`,`state_id`) VALUES (402,10,146);
INSERT INTO `city` (`id`,`country_id`,`state_id`) VALUES (403,10,144);
INSERT INTO `city` (`id`,`country_id`,`state_id`) VALUES (404,10,147);
INSERT INTO `city` (`id`,`country_id`,`state_id`) VALUES (405,10,149);
INSERT INTO `city` (`id`,`country_id`,`state_id`) VALUES (406,25,35);
INSERT INTO `city` (`id`,`country_id`,`state_id`) VALUES (407,25,151);
INSERT INTO `city` (`id`,`country_id`,`state_id`) VALUES (408,25,152);
INSERT INTO `city` (`id`,`country_id`,`state_id`) VALUES (409,25,16);
INSERT INTO `city` (`id`,`country_id`,`state_id`) VALUES (410,25,58);
INSERT INTO `city` (`id`,`country_id`,`state_id`) VALUES (411,25,48);
INSERT INTO `city` (`id`,`country_id`,`state_id`) VALUES (412,25,34);
INSERT INTO `city` (`id`,`country_id`,`state_id`) VALUES (413,25,99);
INSERT INTO `city` (`id`,`country_id`,`state_id`) VALUES (414,25,58);
INSERT INTO `city` (`id`,`country_id`,`state_id`) VALUES (415,27,153);
INSERT INTO `city` (`id`,`country_id`,`state_id`) VALUES (416,25,52);
INSERT INTO `city` (`id`,`country_id`,`state_id`) VALUES (417,10,139);
INSERT INTO `city` (`id`,`country_id`,`state_id`) VALUES (418,19,45);
INSERT INTO `city` (`id`,`country_id`,`state_id`) VALUES (419,28,154);
INSERT INTO `city` (`id`,`country_id`,`state_id`) VALUES (420,19,155);
INSERT INTO `city` (`id`,`country_id`,`state_id`) VALUES (421,27,132);
INSERT INTO `city` (`id`,`country_id`,`state_id`) VALUES (422,19,157);
INSERT INTO `city` (`id`,`country_id`,`state_id`) VALUES (423,19,158);
INSERT INTO `city` (`id`,`country_id`,`state_id`) VALUES (424,25,61);
INSERT INTO `city` (`id`,`country_id`,`state_id`) VALUES (425,19,159);
INSERT INTO `city` (`id`,`country_id`,`state_id`) VALUES (426,19,45);
INSERT INTO `city` (`id`,`country_id`,`state_id`) VALUES (427,19,160);
INSERT INTO `city` (`id`,`country_id`,`state_id`) VALUES (428,19,160);
INSERT INTO `city` (`id`,`country_id`,`state_id`) VALUES (429,19,161);
INSERT INTO `city` (`id`,`country_id`,`state_id`) VALUES (430,19,162);
INSERT INTO `city` (`id`,`country_id`,`state_id`) VALUES (431,29,163);
INSERT INTO `city` (`id`,`country_id`,`state_id`) VALUES (432,19,164);
INSERT INTO `city` (`id`,`country_id`,`state_id`) VALUES (433,19,165);
INSERT INTO `city` (`id`,`country_id`,`state_id`) VALUES (434,19,166);
INSERT INTO `city` (`id`,`country_id`,`state_id`) VALUES (435,19,167);
INSERT INTO `city` (`id`,`country_id`,`state_id`) VALUES (436,19,168);
INSERT INTO `city` (`id`,`country_id`,`state_id`) VALUES (437,19,170);
INSERT INTO `city` (`id`,`country_id`,`state_id`) VALUES (438,19,161);
INSERT INTO `city` (`id`,`country_id`,`state_id`) VALUES (439,19,165);
INSERT INTO `city` (`id`,`country_id`,`state_id`) VALUES (440,19,165);
INSERT INTO `city` (`id`,`country_id`,`state_id`) VALUES (441,19,173);
INSERT INTO `city` (`id`,`country_id`,`state_id`) VALUES (442,19,174);
INSERT INTO `city` (`id`,`country_id`,`state_id`) VALUES (443,19,175);
INSERT INTO `city` (`id`,`country_id`,`state_id`) VALUES (444,19,176);
INSERT INTO `city` (`id`,`country_id`,`state_id`) VALUES (445,19,177);
INSERT INTO `city` (`id`,`country_id`,`state_id`) VALUES (446,19,178);
INSERT INTO `city` (`id`,`country_id`,`state_id`) VALUES (447,19,179);
INSERT INTO `city` (`id`,`country_id`,`state_id`) VALUES (448,28,180);
INSERT INTO `city` (`id`,`country_id`,`state_id`) VALUES (449,19,170);
INSERT INTO `city` (`id`,`country_id`,`state_id`) VALUES (450,19,182);
INSERT INTO `city` (`id`,`country_id`,`state_id`) VALUES (451,19,183);
INSERT INTO `city` (`id`,`country_id`,`state_id`) VALUES (452,28,184);
INSERT INTO `city` (`id`,`country_id`,`state_id`) VALUES (453,19,185);
INSERT INTO `city` (`id`,`country_id`,`state_id`) VALUES (454,19,186);
INSERT INTO `city` (`id`,`country_id`,`state_id`) VALUES (455,19,187);
INSERT INTO `city` (`id`,`country_id`,`state_id`) VALUES (456,30,188);
INSERT INTO `city` (`id`,`country_id`,`state_id`) VALUES (457,31,189);
INSERT INTO `city` (`id`,`country_id`,`state_id`) VALUES (458,19,190);
INSERT INTO `city` (`id`,`country_id`,`state_id`) VALUES (459,19,191);
INSERT INTO `city` (`id`,`country_id`,`state_id`) VALUES (460,28,192);
INSERT INTO `city` (`id`,`country_id`,`state_id`) VALUES (461,19,193);
INSERT INTO `city` (`id`,`country_id`,`state_id`) VALUES (462,19,194);
INSERT INTO `city` (`id`,`country_id`,`state_id`) VALUES (463,19,195);
INSERT INTO `city` (`id`,`country_id`,`state_id`) VALUES (464,19,196);
INSERT INTO `city` (`id`,`country_id`,`state_id`) VALUES (465,26,197);
INSERT INTO `city` (`id`,`country_id`,`state_id`) VALUES (466,19,199);
INSERT INTO `city` (`id`,`country_id`,`state_id`) VALUES (467,19,200);
INSERT INTO `city` (`id`,`country_id`,`state_id`) VALUES (468,19,201);
INSERT INTO `city` (`id`,`country_id`,`state_id`) VALUES (469,19,202);
INSERT INTO `city` (`id`,`country_id`,`state_id`) VALUES (470,32,204);
INSERT INTO `city` (`id`,`country_id`,`state_id`) VALUES (471,33,205);
INSERT INTO `city` (`id`,`country_id`,`state_id`) VALUES (472,19,206);
INSERT INTO `city` (`id`,`country_id`,`state_id`) VALUES (473,19,207);
INSERT INTO `city` (`id`,`country_id`,`state_id`) VALUES (474,19,208);
INSERT INTO `city` (`id`,`country_id`,`state_id`) VALUES (475,19,209);
INSERT INTO `city` (`id`,`country_id`,`state_id`) VALUES (476,19,210);
INSERT INTO `city` (`id`,`country_id`,`state_id`) VALUES (477,19,175);
INSERT INTO `city` (`id`,`country_id`,`state_id`) VALUES (478,28,212);
INSERT INTO `city` (`id`,`country_id`,`state_id`) VALUES (479,19,213);
INSERT INTO `city` (`id`,`country_id`,`state_id`) VALUES (480,19,201);
INSERT INTO `city` (`id`,`country_id`,`state_id`) VALUES (481,19,215);
INSERT INTO `city` (`id`,`country_id`,`state_id`) VALUES (482,34,216);
INSERT INTO `city` (`id`,`country_id`,`state_id`) VALUES (483,19,217);
INSERT INTO `city` (`id`,`country_id`,`state_id`) VALUES (484,19,218);
INSERT INTO `city` (`id`,`country_id`,`state_id`) VALUES (485,25,102);
INSERT INTO `city` (`id`,`country_id`,`state_id`) VALUES (486,19,178);
INSERT INTO `city` (`id`,`country_id`,`state_id`) VALUES (487,19,220);
INSERT INTO `city` (`id`,`country_id`,`state_id`) VALUES (488,19,221);
INSERT INTO `city` (`id`,`country_id`,`state_id`) VALUES (489,19,201);
INSERT INTO `city` (`id`,`country_id`,`state_id`) VALUES (490,19,223);
INSERT INTO `city` (`id`,`country_id`,`state_id`) VALUES (491,19,224);
INSERT INTO `city` (`id`,`country_id`,`state_id`) VALUES (492,19,225);
INSERT INTO `city` (`id`,`country_id`,`state_id`) VALUES (493,35,226);
INSERT INTO `city` (`id`,`country_id`,`state_id`) VALUES (494,19,209);
INSERT INTO `city` (`id`,`country_id`,`state_id`) VALUES (495,28,228);
INSERT INTO `city` (`id`,`country_id`,`state_id`) VALUES (496,19,229);
INSERT INTO `city` (`id`,`country_id`,`state_id`) VALUES (497,28,230);
INSERT INTO `city` (`id`,`country_id`,`state_id`) VALUES (498,36,231);
INSERT INTO `city` (`id`,`country_id`,`state_id`) VALUES (499,19,206);
INSERT INTO `city` (`id`,`country_id`,`state_id`) VALUES (500,19,215);
INSERT INTO `city` (`id`,`country_id`,`state_id`) VALUES (501,19,190);
INSERT INTO `city` (`id`,`country_id`,`state_id`) VALUES (502,19,235);
INSERT INTO `city` (`id`,`country_id`,`state_id`) VALUES (503,19,207);
INSERT INTO `city` (`id`,`country_id`,`state_id`) VALUES (504,28,237);
INSERT INTO `city` (`id`,`country_id`,`state_id`) VALUES (505,19,157);
INSERT INTO `city` (`id`,`country_id`,`state_id`) VALUES (506,19,239);
INSERT INTO `city` (`id`,`country_id`,`state_id`) VALUES (507,28,240);
INSERT INTO `city` (`id`,`country_id`,`state_id`) VALUES (508,19,241);
INSERT INTO `city` (`id`,`country_id`,`state_id`) VALUES (509,19,243);
INSERT INTO `city` (`id`,`country_id`,`state_id`) VALUES (510,37,244);
INSERT INTO `city` (`id`,`country_id`,`state_id`) VALUES (511,19,245);
INSERT INTO `city` (`id`,`country_id`,`state_id`) VALUES (512,19,246);
INSERT INTO `city` (`id`,`country_id`,`state_id`) VALUES (513,19,224);
INSERT INTO `city` (`id`,`country_id`,`state_id`) VALUES (514,19,159);
INSERT INTO `city` (`id`,`country_id`,`state_id`) VALUES (515,19,245);
INSERT INTO `city` (`id`,`country_id`,`state_id`) VALUES (516,19,207);
INSERT INTO `city` (`id`,`country_id`,`state_id`) VALUES (517,19,246);
INSERT INTO `city` (`id`,`country_id`,`state_id`) VALUES (518,19,223);
INSERT INTO `city` (`id`,`country_id`,`state_id`) VALUES (519,19,210);
INSERT INTO `city` (`id`,`country_id`,`state_id`) VALUES (520,19,254);
INSERT INTO `city` (`id`,`country_id`,`state_id`) VALUES (521,19,217);
INSERT INTO `city` (`id`,`country_id`,`state_id`) VALUES (522,19,170);
INSERT INTO `city` (`id`,`country_id`,`state_id`) VALUES (523,19,165);
INSERT INTO `city` (`id`,`country_id`,`state_id`) VALUES (524,19,258);
INSERT INTO `city` (`id`,`country_id`,`state_id`) VALUES (525,19,259);
INSERT INTO `city` (`id`,`country_id`,`state_id`) VALUES (526,19,176);
INSERT INTO `city` (`id`,`country_id`,`state_id`) VALUES (527,19,261);
INSERT INTO `city` (`id`,`country_id`,`state_id`) VALUES (528,7,44);
INSERT INTO `city` (`id`,`country_id`,`state_id`) VALUES (529,6,282);
INSERT INTO `city` (`id`,`country_id`,`state_id`) VALUES (530,6,265);
INSERT INTO `city` (`id`,`country_id`,`state_id`) VALUES (531,6,282);
INSERT INTO `city` (`id`,`country_id`,`state_id`) VALUES (532,6,265);
INSERT INTO `city` (`id`,`country_id`,`state_id`) VALUES (533,6,274);
INSERT INTO `city` (`id`,`country_id`,`state_id`) VALUES (534,6,281);
INSERT INTO `city` (`id`,`country_id`,`state_id`) VALUES (535,6,264);
INSERT INTO `city` (`id`,`country_id`,`state_id`) VALUES (536,6,280);
INSERT INTO `city` (`id`,`country_id`,`state_id`) VALUES (537,6,268);
INSERT INTO `city` (`id`,`country_id`,`state_id`) VALUES (538,6,271);
INSERT INTO `city` (`id`,`country_id`,`state_id`) VALUES (539,6,266);
INSERT INTO `city` (`id`,`country_id`,`state_id`) VALUES (540,6,283);
INSERT INTO `city` (`id`,`country_id`,`state_id`) VALUES (541,6,269);
INSERT INTO `city` (`id`,`country_id`,`state_id`) VALUES (542,6,283);
INSERT INTO `city` (`id`,`country_id`,`state_id`) VALUES (543,6,282);
INSERT INTO `city` (`id`,`country_id`,`state_id`) VALUES (544,6,270);
INSERT INTO `city` (`id`,`country_id`,`state_id`) VALUES (545,6,262);
INSERT INTO `city` (`id`,`country_id`,`state_id`) VALUES (546,6,262);
INSERT INTO `city` (`id`,`country_id`,`state_id`) VALUES (547,6,271);
INSERT INTO `city` (`id`,`country_id`,`state_id`) VALUES (548,6,275);
INSERT INTO `city` (`id`,`country_id`,`state_id`) VALUES (549,6,267);
INSERT INTO `city` (`id`,`country_id`,`state_id`) VALUES (550,6,282);
INSERT INTO `city` (`id`,`country_id`,`state_id`) VALUES (551,6,271);
INSERT INTO `city` (`id`,`country_id`,`state_id`) VALUES (552,6,283);
INSERT INTO `city` (`id`,`country_id`,`state_id`) VALUES (553,6,265);
INSERT INTO `city` (`id`,`country_id`,`state_id`) VALUES (554,6,276);
INSERT INTO `city` (`id`,`country_id`,`state_id`) VALUES (555,6,274);
INSERT INTO `city` (`id`,`country_id`,`state_id`) VALUES (556,6,271);
INSERT INTO `city` (`id`,`country_id`,`state_id`) VALUES (557,6,265);
INSERT INTO `city` (`id`,`country_id`,`state_id`) VALUES (558,6,279);
INSERT INTO `city` (`id`,`country_id`,`state_id`) VALUES (559,6,282);
INSERT INTO `city` (`id`,`country_id`,`state_id`) VALUES (560,6,275);
INSERT INTO `city` (`id`,`country_id`,`state_id`) VALUES (561,6,263);
INSERT INTO `city` (`id`,`country_id`,`state_id`) VALUES (562,38,278);
INSERT INTO `city` (`id`,`country_id`,`state_id`) VALUES (563,6,266);
INSERT INTO `city` (`id`,`country_id`,`state_id`) VALUES (564,6,282);
INSERT INTO `city` (`id`,`country_id`,`state_id`) VALUES (565,6,282);
INSERT INTO `city` (`id`,`country_id`,`state_id`) VALUES (566,6,282);
INSERT INTO `city` (`id`,`country_id`,`state_id`) VALUES (567,6,271);
INSERT INTO `city` (`id`,`country_id`,`state_id`) VALUES (568,6,271);
INSERT INTO `city` (`id`,`country_id`,`state_id`) VALUES (569,6,273);
INSERT INTO `city` (`id`,`country_id`,`state_id`) VALUES (570,6,282);
INSERT INTO `city` (`id`,`country_id`,`state_id`) VALUES (571,6,272);
INSERT INTO `city` (`id`,`country_id`,`state_id`) VALUES (572,6,268);
INSERT INTO `city` (`id`,`country_id`,`state_id`) VALUES (573,6,271);
INSERT INTO `city` (`id`,`country_id`,`state_id`) VALUES (574,6,283);
INSERT INTO `city` (`id`,`country_id`,`state_id`) VALUES (575,6,282);
INSERT INTO `city` (`id`,`country_id`,`state_id`) VALUES (576,6,279);
INSERT INTO `city` (`id`,`country_id`,`state_id`) VALUES (577,6,270);
INSERT INTO `city` (`id`,`country_id`,`state_id`) VALUES (578,6,274);
INSERT INTO `city` (`id`,`country_id`,`state_id`) VALUES (579,6,270);
INSERT INTO `city` (`id`,`country_id`,`state_id`) VALUES (580,6,270);
INSERT INTO `city` (`id`,`country_id`,`state_id`) VALUES (581,6,277);
INSERT INTO `city` (`id`,`country_id`,`state_id`) VALUES (582,25,70);
INSERT INTO `city` (`id`,`country_id`,`state_id`) VALUES (583,7,66);
INSERT INTO `city` (`id`,`country_id`,`state_id`) VALUES (584,25,47);
INSERT INTO `city` (`id`,`country_id`,`state_id`) VALUES (585,25,95);
INSERT INTO `city` (`id`,`country_id`,`state_id`) VALUES (586,5,72);
INSERT INTO `city` (`id`,`country_id`,`state_id`) VALUES (587,5,72);
INSERT INTO `city` (`id`,`country_id`,`state_id`) VALUES (588,5,72);
INSERT INTO `city` (`id`,`country_id`,`state_id`) VALUES (589,5,72);
INSERT INTO `city` (`id`,`country_id`,`state_id`) VALUES (590,5,72);
INSERT INTO `city` (`id`,`country_id`,`state_id`) VALUES (591,39,284);
INSERT INTO `city` (`id`,`country_id`,`state_id`) VALUES (592,5,72);
INSERT INTO `city` (`id`,`country_id`,`state_id`) VALUES (593,5,72);
INSERT INTO `city` (`id`,`country_id`,`state_id`) VALUES (594,5,285);
INSERT INTO `city` (`id`,`country_id`,`state_id`) VALUES (595,5,285);
INSERT INTO `city` (`id`,`country_id`,`state_id`) VALUES (596,5,285);
INSERT INTO `city` (`id`,`country_id`,`state_id`) VALUES (597,5,57);
INSERT INTO `city` (`id`,`country_id`,`state_id`) VALUES (598,5,286);
INSERT INTO `city` (`id`,`country_id`,`state_id`) VALUES (599,5,287);
INSERT INTO `city` (`id`,`country_id`,`state_id`) VALUES (600,5,287);
INSERT INTO `city` (`id`,`country_id`,`state_id`) VALUES (601,5,287);
INSERT INTO `city` (`id`,`country_id`,`state_id`) VALUES (602,5,3);
INSERT INTO `city` (`id`,`country_id`,`state_id`) VALUES (603,5,288);
INSERT INTO `city` (`id`,`country_id`,`state_id`) VALUES (604,5,288);
INSERT INTO `city` (`id`,`country_id`,`state_id`) VALUES (605,5,289);
INSERT INTO `city` (`id`,`country_id`,`state_id`) VALUES (606,25,152);
INSERT INTO `city` (`id`,`country_id`,`state_id`) VALUES (607,25,102);
INSERT INTO `city` (`id`,`country_id`,`state_id`) VALUES (608,25,61);
INSERT INTO `city` (`id`,`country_id`,`state_id`) VALUES (609,25,152);
INSERT INTO `city` (`id`,`country_id`,`state_id`) VALUES (610,7,290);
INSERT INTO `city` (`id`,`country_id`,`state_id`) VALUES (611,25,16);
INSERT INTO `city` (`id`,`country_id`,`state_id`) VALUES (99999,99999,99999);

COMMIT;


-- -----------------------------------------------------
-- Data for table `city_translation`
-- -----------------------------------------------------
START TRANSACTION;

INSERT INTO `city_translation` (`city_id`, `language_id`, `name`) VALUES (1, 'de', 'Addison');
INSERT INTO `city_translation` (`city_id`, `language_id`, `name`) VALUES (2, 'de', 'Albuquerque');
INSERT INTO `city_translation` (`city_id`, `language_id`, `name`) VALUES (3, 'de', 'Alexandria');
INSERT INTO `city_translation` (`city_id`, `language_id`, `name`) VALUES (4, 'de', 'Allentown');
INSERT INTO `city_translation` (`city_id`, `language_id`, `name`) VALUES (5, 'de', 'Alpharetta');
INSERT INTO `city_translation` (`city_id`, `language_id`, `name`) VALUES (6, 'de', 'Anaheim');
INSERT INTO `city_translation` (`city_id`, `language_id`, `name`) VALUES (7, 'de', 'Anchorage');
INSERT INTO `city_translation` (`city_id`, `language_id`, `name`) VALUES (8, 'de', 'Ashland');
INSERT INTO `city_translation` (`city_id`, `language_id`, `name`) VALUES (9, 'de', 'Atlanta');
INSERT INTO `city_translation` (`city_id`, `language_id`, `name`) VALUES (10, 'de', 'Auburn Hills');
INSERT INTO `city_translation` (`city_id`, `language_id`, `name`) VALUES (11, 'de', 'Augsburg');
INSERT INTO `city_translation` (`city_id`, `language_id`, `name`) VALUES (12, 'de', 'Austin');
INSERT INTO `city_translation` (`city_id`, `language_id`, `name`) VALUES (13, 'de', 'Bakersfield');
INSERT INTO `city_translation` (`city_id`, `language_id`, `name`) VALUES (14, 'de', 'Bangkok');
INSERT INTO `city_translation` (`city_id`, `language_id`, `name`) VALUES (15, 'de', 'Baton Rouge');
INSERT INTO `city_translation` (`city_id`, `language_id`, `name`) VALUES (16, 'de', 'Bayreuth');
INSERT INTO `city_translation` (`city_id`, `language_id`, `name`) VALUES (17, 'de', 'Belgrade');
INSERT INTO `city_translation` (`city_id`, `language_id`, `name`) VALUES (18, 'de', 'Bellevue');
INSERT INTO `city_translation` (`city_id`, `language_id`, `name`) VALUES (19, 'de', 'Belo Horizonte');
INSERT INTO `city_translation` (`city_id`, `language_id`, `name`) VALUES (20, 'de', 'Berlin');
INSERT INTO `city_translation` (`city_id`, `language_id`, `name`) VALUES (21, 'de', 'Bessemer');
INSERT INTO `city_translation` (`city_id`, `language_id`, `name`) VALUES (22, 'de', 'Bethpage');
INSERT INTO `city_translation` (`city_id`, `language_id`, `name`) VALUES (23, 'de', 'Bielefeld');
INSERT INTO `city_translation` (`city_id`, `language_id`, `name`) VALUES (24, 'de', 'Birmingham (US)');
INSERT INTO `city_translation` (`city_id`, `language_id`, `name`) VALUES (25, 'de', 'Bochum');
INSERT INTO `city_translation` (`city_id`, `language_id`, `name`) VALUES (26, 'de', 'Boise');
INSERT INTO `city_translation` (`city_id`, `language_id`, `name`) VALUES (27, 'de', 'Bolivar');
INSERT INTO `city_translation` (`city_id`, `language_id`, `name`) VALUES (28, 'de', 'Bradenton');
INSERT INTO `city_translation` (`city_id`, `language_id`, `name`) VALUES (29, 'de', 'Brandenburg  Havel');
INSERT INTO `city_translation` (`city_id`, `language_id`, `name`) VALUES (30, 'de', 'Brasilia');
INSERT INTO `city_translation` (`city_id`, `language_id`, `name`) VALUES (31, 'de', 'Bremen');
INSERT INTO `city_translation` (`city_id`, `language_id`, `name`) VALUES (32, 'de', 'Brewer');
INSERT INTO `city_translation` (`city_id`, `language_id`, `name`) VALUES (33, 'de', 'Broadview Heights');
INSERT INTO `city_translation` (`city_id`, `language_id`, `name`) VALUES (34, 'de', 'Broken Arrow');
INSERT INTO `city_translation` (`city_id`, `language_id`, `name`) VALUES (35, 'de', 'Bubsheim');
INSERT INTO `city_translation` (`city_id`, `language_id`, `name`) VALUES (36, 'de', 'Budapest');
INSERT INTO `city_translation` (`city_id`, `language_id`, `name`) VALUES (37, 'de', 'Buffalo');
INSERT INTO `city_translation` (`city_id`, `language_id`, `name`) VALUES (38, 'de', 'Burbank');
INSERT INTO `city_translation` (`city_id`, `language_id`, `name`) VALUES (39, 'de', 'Calgary');
INSERT INTO `city_translation` (`city_id`, `language_id`, `name`) VALUES (40, 'de', 'Cantano');
INSERT INTO `city_translation` (`city_id`, `language_id`, `name`) VALUES (41, 'de', 'Capelle aan den Ijssel');
INSERT INTO `city_translation` (`city_id`, `language_id`, `name`) VALUES (42, 'de', 'Cerritos');
INSERT INTO `city_translation` (`city_id`, `language_id`, `name`) VALUES (43, 'de', 'Charleston');
INSERT INTO `city_translation` (`city_id`, `language_id`, `name`) VALUES (44, 'de', 'Charlotte');
INSERT INTO `city_translation` (`city_id`, `language_id`, `name`) VALUES (45, 'de', 'Chattanooga');
INSERT INTO `city_translation` (`city_id`, `language_id`, `name`) VALUES (46, 'de', 'Cheektowaga');
INSERT INTO `city_translation` (`city_id`, `language_id`, `name`) VALUES (47, 'de', 'Chemnitz');
INSERT INTO `city_translation` (`city_id`, `language_id`, `name`) VALUES (48, 'de', 'Chesapeake');
INSERT INTO `city_translation` (`city_id`, `language_id`, `name`) VALUES (49, 'de', 'Chicago');
INSERT INTO `city_translation` (`city_id`, `language_id`, `name`) VALUES (50, 'de', 'Cincinnati');
INSERT INTO `city_translation` (`city_id`, `language_id`, `name`) VALUES (51, 'de', 'Ciudad de Panama');
INSERT INTO `city_translation` (`city_id`, `language_id`, `name`) VALUES (52, 'de', 'Cleveland');
INSERT INTO `city_translation` (`city_id`, `language_id`, `name`) VALUES (53, 'de', 'College Park');
INSERT INTO `city_translation` (`city_id`, `language_id`, `name`) VALUES (54, 'de', 'Cologno Monzese');
INSERT INTO `city_translation` (`city_id`, `language_id`, `name`) VALUES (55, 'de', 'Colorado Springs');
INSERT INTO `city_translation` (`city_id`, `language_id`, `name`) VALUES (56, 'de', 'Columbia');
INSERT INTO `city_translation` (`city_id`, `language_id`, `name`) VALUES (57, 'de', 'Columbus');
INSERT INTO `city_translation` (`city_id`, `language_id`, `name`) VALUES (58, 'de', 'Coppell');
INSERT INTO `city_translation` (`city_id`, `language_id`, `name`) VALUES (59, 'de', 'Corpus Christi');
INSERT INTO `city_translation` (`city_id`, `language_id`, `name`) VALUES (60, 'de', 'Cottonwood Heights');
INSERT INTO `city_translation` (`city_id`, `language_id`, `name`) VALUES (61, 'de', 'Cranford');
INSERT INTO `city_translation` (`city_id`, `language_id`, `name`) VALUES (62, 'de', 'Dallas');
INSERT INTO `city_translation` (`city_id`, `language_id`, `name`) VALUES (63, 'de', 'Darmstadt');
INSERT INTO `city_translation` (`city_id`, `language_id`, `name`) VALUES (64, 'de', 'Dartmouth');
INSERT INTO `city_translation` (`city_id`, `language_id`, `name`) VALUES (65, 'de', 'Denklingen');
INSERT INTO `city_translation` (`city_id`, `language_id`, `name`) VALUES (66, 'de', 'Denver');
INSERT INTO `city_translation` (`city_id`, `language_id`, `name`) VALUES (67, 'de', 'Detroit');
INSERT INTO `city_translation` (`city_id`, `language_id`, `name`) VALUES (68, 'de', 'Dortmund');
INSERT INTO `city_translation` (`city_id`, `language_id`, `name`) VALUES (69, 'de', 'Downers Grove');
INSERT INTO `city_translation` (`city_id`, `language_id`, `name`) VALUES (70, 'de', 'Dresden');
INSERT INTO `city_translation` (`city_id`, `language_id`, `name`) VALUES (71, 'de', 'Dunwoody');
INSERT INTO `city_translation` (`city_id`, `language_id`, `name`) VALUES (72, 'de', 'Düsseldorf');
INSERT INTO `city_translation` (`city_id`, `language_id`, `name`) VALUES (73, 'de', 'El Cajon');
INSERT INTO `city_translation` (`city_id`, `language_id`, `name`) VALUES (74, 'de', 'El Paso');
INSERT INTO `city_translation` (`city_id`, `language_id`, `name`) VALUES (75, 'de', 'Erfurt');
INSERT INTO `city_translation` (`city_id`, `language_id`, `name`) VALUES (76, 'de', 'Essen');
INSERT INTO `city_translation` (`city_id`, `language_id`, `name`) VALUES (77, 'de', 'Esslingen');
INSERT INTO `city_translation` (`city_id`, `language_id`, `name`) VALUES (78, 'de', 'Eugene');
INSERT INTO `city_translation` (`city_id`, `language_id`, `name`) VALUES (79, 'de', 'Evansville');
INSERT INTO `city_translation` (`city_id`, `language_id`, `name`) VALUES (80, 'de', 'Everett');
INSERT INTO `city_translation` (`city_id`, `language_id`, `name`) VALUES (81, 'de', 'Fargo');
INSERT INTO `city_translation` (`city_id`, `language_id`, `name`) VALUES (82, 'de', 'Feldkirchen');
INSERT INTO `city_translation` (`city_id`, `language_id`, `name`) VALUES (83, 'de', 'Fellbach');
INSERT INTO `city_translation` (`city_id`, `language_id`, `name`) VALUES (84, 'de', 'Filderstadt');
INSERT INTO `city_translation` (`city_id`, `language_id`, `name`) VALUES (85, 'de', 'Foggia');
INSERT INTO `city_translation` (`city_id`, `language_id`, `name`) VALUES (86, 'de', 'Forst');
INSERT INTO `city_translation` (`city_id`, `language_id`, `name`) VALUES (87, 'de', 'Fort Collins');
INSERT INTO `city_translation` (`city_id`, `language_id`, `name`) VALUES (88, 'de', 'Fortaleza');
INSERT INTO `city_translation` (`city_id`, `language_id`, `name`) VALUES (89, 'de', 'Frankfurt am Main');
INSERT INTO `city_translation` (`city_id`, `language_id`, `name`) VALUES (90, 'de', 'Freiburg im Breisgau');
INSERT INTO `city_translation` (`city_id`, `language_id`, `name`) VALUES (91, 'de', 'Fresno');
INSERT INTO `city_translation` (`city_id`, `language_id`, `name`) VALUES (92, 'de', 'Frisco');
INSERT INTO `city_translation` (`city_id`, `language_id`, `name`) VALUES (93, 'de', 'Ft. Lauderdale');
INSERT INTO `city_translation` (`city_id`, `language_id`, `name`) VALUES (94, 'de', 'Ft. Myers');
INSERT INTO `city_translation` (`city_id`, `language_id`, `name`) VALUES (95, 'de', 'Ft. Worth');
INSERT INTO `city_translation` (`city_id`, `language_id`, `name`) VALUES (96, 'de', 'Fürth');
INSERT INTO `city_translation` (`city_id`, `language_id`, `name`) VALUES (97, 'de', 'Fulda');
INSERT INTO `city_translation` (`city_id`, `language_id`, `name`) VALUES (98, 'de', 'Gainesville');
INSERT INTO `city_translation` (`city_id`, `language_id`, `name`) VALUES (99, 'de', 'Germantown');
INSERT INTO `city_translation` (`city_id`, `language_id`, `name`) VALUES (100, 'de', 'Gieen');
INSERT INTO `city_translation` (`city_id`, `language_id`, `name`) VALUES (101, 'de', 'Gingen');
INSERT INTO `city_translation` (`city_id`, `language_id`, `name`) VALUES (102, 'de', 'Ginsheim');
INSERT INTO `city_translation` (`city_id`, `language_id`, `name`) VALUES (103, 'de', 'Gochsheim');
INSERT INTO `city_translation` (`city_id`, `language_id`, `name`) VALUES (104, 'de', 'Goleta');
INSERT INTO `city_translation` (`city_id`, `language_id`, `name`) VALUES (105, 'de', 'Grand Rapids');
INSERT INTO `city_translation` (`city_id`, `language_id`, `name`) VALUES (106, 'de', 'Graz');
INSERT INTO `city_translation` (`city_id`, `language_id`, `name`) VALUES (107, 'de', 'Greensboro');
INSERT INTO `city_translation` (`city_id`, `language_id`, `name`) VALUES (108, 'de', 'Greenville');
INSERT INTO `city_translation` (`city_id`, `language_id`, `name`) VALUES (109, 'de', 'Greenwood Village');
INSERT INTO `city_translation` (`city_id`, `language_id`, `name`) VALUES (110, 'de', 'Guaiba');
INSERT INTO `city_translation` (`city_id`, `language_id`, `name`) VALUES (111, 'de', 'Guaiba-Portoalegre');
INSERT INTO `city_translation` (`city_id`, `language_id`, `name`) VALUES (112, 'de', 'Guarulhos');
INSERT INTO `city_translation` (`city_id`, `language_id`, `name`) VALUES (113, 'de', 'Gypsum');
INSERT INTO `city_translation` (`city_id`, `language_id`, `name`) VALUES (114, 'de', 'Hallbergmoos');
INSERT INTO `city_translation` (`city_id`, `language_id`, `name`) VALUES (115, 'de', 'Hamburg');
INSERT INTO `city_translation` (`city_id`, `language_id`, `name`) VALUES (116, 'de', 'Hamm');
INSERT INTO `city_translation` (`city_id`, `language_id`, `name`) VALUES (117, 'de', 'Hannover');
INSERT INTO `city_translation` (`city_id`, `language_id`, `name`) VALUES (118, 'de', 'Harahan');
INSERT INTO `city_translation` (`city_id`, `language_id`, `name`) VALUES (119, 'de', 'Hayward');
INSERT INTO `city_translation` (`city_id`, `language_id`, `name`) VALUES (120, 'de', 'Heilbronn');
INSERT INTO `city_translation` (`city_id`, `language_id`, `name`) VALUES (121, 'de', 'Himmelstadt');
INSERT INTO `city_translation` (`city_id`, `language_id`, `name`) VALUES (122, 'de', 'Ho Chi Minh City');
INSERT INTO `city_translation` (`city_id`, `language_id`, `name`) VALUES (123, 'de', 'Honolulu');
INSERT INTO `city_translation` (`city_id`, `language_id`, `name`) VALUES (124, 'de', 'Hoover');
INSERT INTO `city_translation` (`city_id`, `language_id`, `name`) VALUES (125, 'de', 'Horn Lake');
INSERT INTO `city_translation` (`city_id`, `language_id`, `name`) VALUES (126, 'de', 'Houston');
INSERT INTO `city_translation` (`city_id`, `language_id`, `name`) VALUES (127, 'de', 'Huntsville');
INSERT INTO `city_translation` (`city_id`, `language_id`, `name`) VALUES (128, 'de', 'Hürth');
INSERT INTO `city_translation` (`city_id`, `language_id`, `name`) VALUES (129, 'de', 'Indianapolis');
INSERT INTO `city_translation` (`city_id`, `language_id`, `name`) VALUES (130, 'de', 'Irvine');
INSERT INTO `city_translation` (`city_id`, `language_id`, `name`) VALUES (131, 'de', 'Isernhagen-Altwarmbüchen');
INSERT INTO `city_translation` (`city_id`, `language_id`, `name`) VALUES (132, 'de', 'Istanbul');
INSERT INTO `city_translation` (`city_id`, `language_id`, `name`) VALUES (133, 'de', 'Jackson');
INSERT INTO `city_translation` (`city_id`, `language_id`, `name`) VALUES (134, 'de', 'Jacksonville');
INSERT INTO `city_translation` (`city_id`, `language_id`, `name`) VALUES (135, 'de', 'Jakarta');
INSERT INTO `city_translation` (`city_id`, `language_id`, `name`) VALUES (136, 'de', 'Joao Pessoa');
INSERT INTO `city_translation` (`city_id`, `language_id`, `name`) VALUES (137, 'de', 'Juneau');
INSERT INTO `city_translation` (`city_id`, `language_id`, `name`) VALUES (138, 'de', 'Kansas City');
INSERT INTO `city_translation` (`city_id`, `language_id`, `name`) VALUES (139, 'de', 'Karlsruhe');
INSERT INTO `city_translation` (`city_id`, `language_id`, `name`) VALUES (140, 'de', 'Kassel');
INSERT INTO `city_translation` (`city_id`, `language_id`, `name`) VALUES (141, 'de', 'Kennesaw');
INSERT INTO `city_translation` (`city_id`, `language_id`, `name`) VALUES (142, 'de', 'Key West');
INSERT INTO `city_translation` (`city_id`, `language_id`, `name`) VALUES (143, 'de', 'Kiel');
INSERT INTO `city_translation` (`city_id`, `language_id`, `name`) VALUES (144, 'de', 'King of Prussia');
INSERT INTO `city_translation` (`city_id`, `language_id`, `name`) VALUES (145, 'de', 'Kirkland');
INSERT INTO `city_translation` (`city_id`, `language_id`, `name`) VALUES (146, 'de', 'Knoxville');
INSERT INTO `city_translation` (`city_id`, `language_id`, `name`) VALUES (147, 'de', 'Köln');
INSERT INTO `city_translation` (`city_id`, `language_id`, `name`) VALUES (148, 'de', 'Krimpen aan den IJssel');
INSERT INTO `city_translation` (`city_id`, `language_id`, `name`) VALUES (149, 'de', 'Kuala Lumpur');
INSERT INTO `city_translation` (`city_id`, `language_id`, `name`) VALUES (150, 'de', 'Lake Havasu City');
INSERT INTO `city_translation` (`city_id`, `language_id`, `name`) VALUES (151, 'de', 'Langenhagen');
INSERT INTO `city_translation` (`city_id`, `language_id`, `name`) VALUES (152, 'de', 'Las Vegas');
INSERT INTO `city_translation` (`city_id`, `language_id`, `name`) VALUES (153, 'de', 'Leinfelden-Echterdingen');
INSERT INTO `city_translation` (`city_id`, `language_id`, `name`) VALUES (154, 'de', 'Leipzig');
INSERT INTO `city_translation` (`city_id`, `language_id`, `name`) VALUES (155, 'de', 'Lenexa');
INSERT INTO `city_translation` (`city_id`, `language_id`, `name`) VALUES (156, 'de', 'Lenton, Nottingham');
INSERT INTO `city_translation` (`city_id`, `language_id`, `name`) VALUES (157, 'de', 'Lexington');
INSERT INTO `city_translation` (`city_id`, `language_id`, `name`) VALUES (158, 'de', 'Lincoln');
INSERT INTO `city_translation` (`city_id`, `language_id`, `name`) VALUES (159, 'de', 'Linthicum');
INSERT INTO `city_translation` (`city_id`, `language_id`, `name`) VALUES (160, 'de', 'Lisle');
INSERT INTO `city_translation` (`city_id`, `language_id`, `name`) VALUES (161, 'de', 'Little Rock');
INSERT INTO `city_translation` (`city_id`, `language_id`, `name`) VALUES (162, 'de', 'Livonia');
INSERT INTO `city_translation` (`city_id`, `language_id`, `name`) VALUES (163, 'de', 'Logan');
INSERT INTO `city_translation` (`city_id`, `language_id`, `name`) VALUES (164, 'de', 'Lombard');
INSERT INTO `city_translation` (`city_id`, `language_id`, `name`) VALUES (165, 'de', 'Long Island');
INSERT INTO `city_translation` (`city_id`, `language_id`, `name`) VALUES (166, 'de', 'Lorton (NOVA)');
INSERT INTO `city_translation` (`city_id`, `language_id`, `name`) VALUES (167, 'de', 'Los Angeles');
INSERT INTO `city_translation` (`city_id`, `language_id`, `name`) VALUES (168, 'de', 'Louisville');
INSERT INTO `city_translation` (`city_id`, `language_id`, `name`) VALUES (169, 'de', 'Lubbock');
INSERT INTO `city_translation` (`city_id`, `language_id`, `name`) VALUES (170, 'de', 'Macapa');
INSERT INTO `city_translation` (`city_id`, `language_id`, `name`) VALUES (171, 'de', 'Maceio');
INSERT INTO `city_translation` (`city_id`, `language_id`, `name`) VALUES (172, 'de', 'Macon');
INSERT INTO `city_translation` (`city_id`, `language_id`, `name`) VALUES (173, 'de', 'Madison');
INSERT INTO `city_translation` (`city_id`, `language_id`, `name`) VALUES (174, 'de', 'Magdeburg');
INSERT INTO `city_translation` (`city_id`, `language_id`, `name`) VALUES (175, 'de', 'Manaus');
INSERT INTO `city_translation` (`city_id`, `language_id`, `name`) VALUES (176, 'de', 'Manchester');
INSERT INTO `city_translation` (`city_id`, `language_id`, `name`) VALUES (177, 'de', 'Mannheim');
INSERT INTO `city_translation` (`city_id`, `language_id`, `name`) VALUES (178, 'de', 'Marietta');
INSERT INTO `city_translation` (`city_id`, `language_id`, `name`) VALUES (179, 'de', 'Markkleeberg');
INSERT INTO `city_translation` (`city_id`, `language_id`, `name`) VALUES (180, 'de', 'Memphis');
INSERT INTO `city_translation` (`city_id`, `language_id`, `name`) VALUES (181, 'de', 'Miami');
INSERT INTO `city_translation` (`city_id`, `language_id`, `name`) VALUES (182, 'de', 'Middleton');
INSERT INTO `city_translation` (`city_id`, `language_id`, `name`) VALUES (183, 'de', 'Midland');
INSERT INTO `city_translation` (`city_id`, `language_id`, `name`) VALUES (184, 'de', 'Minneapolis');
INSERT INTO `city_translation` (`city_id`, `language_id`, `name`) VALUES (185, 'de', 'Moncton');
INSERT INTO `city_translation` (`city_id`, `language_id`, `name`) VALUES (186, 'de', 'Moscow');
INSERT INTO `city_translation` (`city_id`, `language_id`, `name`) VALUES (187, 'de', 'Móstoles');
INSERT INTO `city_translation` (`city_id`, `language_id`, `name`) VALUES (188, 'de', 'München');
INSERT INTO `city_translation` (`city_id`, `language_id`, `name`) VALUES (190, 'de', 'Münster');
INSERT INTO `city_translation` (`city_id`, `language_id`, `name`) VALUES (191, 'de', 'Myrtle Beach');
INSERT INTO `city_translation` (`city_id`, `language_id`, `name`) VALUES (192, 'de', 'Nashville');
INSERT INTO `city_translation` (`city_id`, `language_id`, `name`) VALUES (193, 'de', 'Nassau');
INSERT INTO `city_translation` (`city_id`, `language_id`, `name`) VALUES (194, 'de', 'Nationwide');
INSERT INTO `city_translation` (`city_id`, `language_id`, `name`) VALUES (195, 'de', 'Neuhausen');
INSERT INTO `city_translation` (`city_id`, `language_id`, `name`) VALUES (196, 'de', 'Neuss');
INSERT INTO `city_translation` (`city_id`, `language_id`, `name`) VALUES (197, 'de', 'New Haven (Orange)');
INSERT INTO `city_translation` (`city_id`, `language_id`, `name`) VALUES (198, 'de', 'New Orleans');
INSERT INTO `city_translation` (`city_id`, `language_id`, `name`) VALUES (199, 'de', 'New York');
INSERT INTO `city_translation` (`city_id`, `language_id`, `name`) VALUES (200, 'de', 'Norfolk');
INSERT INTO `city_translation` (`city_id`, `language_id`, `name`) VALUES (201, 'de', 'Northwood');
INSERT INTO `city_translation` (`city_id`, `language_id`, `name`) VALUES (202, 'de', 'NRW');
INSERT INTO `city_translation` (`city_id`, `language_id`, `name`) VALUES (203, 'de', 'Nürnberg');
INSERT INTO `city_translation` (`city_id`, `language_id`, `name`) VALUES (204, 'de', 'Oklahoma City');
INSERT INTO `city_translation` (`city_id`, `language_id`, `name`) VALUES (205, 'de', 'Orlando');
INSERT INTO `city_translation` (`city_id`, `language_id`, `name`) VALUES (206, 'de', 'Oslo');
INSERT INTO `city_translation` (`city_id`, `language_id`, `name`) VALUES (207, 'de', 'Pensacola');
INSERT INTO `city_translation` (`city_id`, `language_id`, `name`) VALUES (208, 'de', 'Peoria');
INSERT INTO `city_translation` (`city_id`, `language_id`, `name`) VALUES (209, 'de', 'Petaling Jaya');
INSERT INTO `city_translation` (`city_id`, `language_id`, `name`) VALUES (210, 'de', 'Philadelphia');
INSERT INTO `city_translation` (`city_id`, `language_id`, `name`) VALUES (211, 'de', 'Phoenix');
INSERT INTO `city_translation` (`city_id`, `language_id`, `name`) VALUES (212, 'de', 'Piracicaba');
INSERT INTO `city_translation` (`city_id`, `language_id`, `name`) VALUES (213, 'de', 'Pittsburgh');
INSERT INTO `city_translation` (`city_id`, `language_id`, `name`) VALUES (214, 'de', 'Plan-les-Ouates');
INSERT INTO `city_translation` (`city_id`, `language_id`, `name`) VALUES (215, 'de', 'Pompano Beach');
INSERT INTO `city_translation` (`city_id`, `language_id`, `name`) VALUES (216, 'de', 'Portland');
INSERT INTO `city_translation` (`city_id`, `language_id`, `name`) VALUES (217, 'de', 'Porto Alegre');
INSERT INTO `city_translation` (`city_id`, `language_id`, `name`) VALUES (218, 'de', 'Puteaux');
INSERT INTO `city_translation` (`city_id`, `language_id`, `name`) VALUES (219, 'de', 'Raleigh');
INSERT INTO `city_translation` (`city_id`, `language_id`, `name`) VALUES (220, 'de', 'Recife');
INSERT INTO `city_translation` (`city_id`, `language_id`, `name`) VALUES (221, 'de', 'Regensburg');
INSERT INTO `city_translation` (`city_id`, `language_id`, `name`) VALUES (222, 'de', 'Reutlingen');
INSERT INTO `city_translation` (`city_id`, `language_id`, `name`) VALUES (223, 'de', 'Richland');
INSERT INTO `city_translation` (`city_id`, `language_id`, `name`) VALUES (224, 'de', 'Richmond');
INSERT INTO `city_translation` (`city_id`, `language_id`, `name`) VALUES (225, 'de', 'Riviera Beach');
INSERT INTO `city_translation` (`city_id`, `language_id`, `name`) VALUES (226, 'de', 'Roanoke');
INSERT INTO `city_translation` (`city_id`, `language_id`, `name`) VALUES (227, 'de', 'Rochester');
INSERT INTO `city_translation` (`city_id`, `language_id`, `name`) VALUES (228, 'de', 'Rostock');
INSERT INTO `city_translation` (`city_id`, `language_id`, `name`) VALUES (229, 'de', 'Rottweil');
INSERT INTO `city_translation` (`city_id`, `language_id`, `name`) VALUES (230, 'de', 'Rümlang');
INSERT INTO `city_translation` (`city_id`, `language_id`, `name`) VALUES (231, 'de', 'Saarbrücken');
INSERT INTO `city_translation` (`city_id`, `language_id`, `name`) VALUES (232, 'de', 'Salt Lake City');
INSERT INTO `city_translation` (`city_id`, `language_id`, `name`) VALUES (233, 'de', 'San Antonio');
INSERT INTO `city_translation` (`city_id`, `language_id`, `name`) VALUES (234, 'de', 'San Francisco (Downtown)');
INSERT INTO `city_translation` (`city_id`, `language_id`, `name`) VALUES (235, 'de', 'San Jose');
INSERT INTO `city_translation` (`city_id`, `language_id`, `name`) VALUES (236, 'de', 'San Leandro (Hayward)');
INSERT INTO `city_translation` (`city_id`, `language_id`, `name`) VALUES (237, 'de', 'Savannah');
INSERT INTO `city_translation` (`city_id`, `language_id`, `name`) VALUES (238, 'de', 'Scarborough');
INSERT INTO `city_translation` (`city_id`, `language_id`, `name`) VALUES (239, 'de', 'Seattle');
INSERT INTO `city_translation` (`city_id`, `language_id`, `name`) VALUES (240, 'de', 'Shreveport');
INSERT INTO `city_translation` (`city_id`, `language_id`, `name`) VALUES (241, 'de', 'Singapore');
INSERT INTO `city_translation` (`city_id`, `language_id`, `name`) VALUES (242, 'de', 'Singen');
INSERT INTO `city_translation` (`city_id`, `language_id`, `name`) VALUES (243, 'de', 'Sioux Falls');
INSERT INTO `city_translation` (`city_id`, `language_id`, `name`) VALUES (244, 'de', 'Sparks');
INSERT INTO `city_translation` (`city_id`, `language_id`, `name`) VALUES (245, 'de', 'Spokane');
INSERT INTO `city_translation` (`city_id`, `language_id`, `name`) VALUES (246, 'de', 'Springfield (Ozark)');
INSERT INTO `city_translation` (`city_id`, `language_id`, `name`) VALUES (247, 'de', 'St. Gallen');
INSERT INTO `city_translation` (`city_id`, `language_id`, `name`) VALUES (248, 'de', 'St. Louis');
INSERT INTO `city_translation` (`city_id`, `language_id`, `name`) VALUES (249, 'de', 'Stockholm');
INSERT INTO `city_translation` (`city_id`, `language_id`, `name`) VALUES (250, 'de', 'Stuhr');
INSERT INTO `city_translation` (`city_id`, `language_id`, `name`) VALUES (251, 'de', 'Stuttgart');
INSERT INTO `city_translation` (`city_id`, `language_id`, `name`) VALUES (252, 'de', 'Sydney');
INSERT INTO `city_translation` (`city_id`, `language_id`, `name`) VALUES (253, 'de', 'Syracuse (East Syracuse)');
INSERT INTO `city_translation` (`city_id`, `language_id`, `name`) VALUES (254, 'de', 'Tacoma (University Place)');
INSERT INTO `city_translation` (`city_id`, `language_id`, `name`) VALUES (255, 'de', 'Tallahassee');
INSERT INTO `city_translation` (`city_id`, `language_id`, `name`) VALUES (256, 'de', 'Tamarac (Corp Office)');
INSERT INTO `city_translation` (`city_id`, `language_id`, `name`) VALUES (257, 'de', 'Tampa');
INSERT INTO `city_translation` (`city_id`, `language_id`, `name`) VALUES (258, 'de', 'Temple');
INSERT INTO `city_translation` (`city_id`, `language_id`, `name`) VALUES (259, 'de', 'The Woodlands');
INSERT INTO `city_translation` (`city_id`, `language_id`, `name`) VALUES (260, 'de', 'Toronto');
INSERT INTO `city_translation` (`city_id`, `language_id`, `name`) VALUES (261, 'de', 'Troisdorf');
INSERT INTO `city_translation` (`city_id`, `language_id`, `name`) VALUES (262, 'de', 'Tucson');
INSERT INTO `city_translation` (`city_id`, `language_id`, `name`) VALUES (263, 'de', 'Tulsa');
INSERT INTO `city_translation` (`city_id`, `language_id`, `name`) VALUES (264, 'de', 'Tyler');
INSERT INTO `city_translation` (`city_id`, `language_id`, `name`) VALUES (265, 'de', 'Ulm');
INSERT INTO `city_translation` (`city_id`, `language_id`, `name`) VALUES (266, 'de', 'Vero Beach');
INSERT INTO `city_translation` (`city_id`, `language_id`, `name`) VALUES (267, 'de', 'Wallingford');
INSERT INTO `city_translation` (`city_id`, `language_id`, `name`) VALUES (268, 'de', 'Walnut');
INSERT INTO `city_translation` (`city_id`, `language_id`, `name`) VALUES (269, 'de', 'Wals-Siezenheim');
INSERT INTO `city_translation` (`city_id`, `language_id`, `name`) VALUES (270, 'de', 'Washington');
INSERT INTO `city_translation` (`city_id`, `language_id`, `name`) VALUES (271, 'de', 'Waukesha');
INSERT INTO `city_translation` (`city_id`, `language_id`, `name`) VALUES (272, 'de', 'West Babylon');
INSERT INTO `city_translation` (`city_id`, `language_id`, `name`) VALUES (273, 'de', 'West Babylon (Long Island)');
INSERT INTO `city_translation` (`city_id`, `language_id`, `name`) VALUES (274, 'de', 'West Sacramento');
INSERT INTO `city_translation` (`city_id`, `language_id`, `name`) VALUES (275, 'de', 'Westchester');
INSERT INTO `city_translation` (`city_id`, `language_id`, `name`) VALUES (276, 'de', 'Westerville');
INSERT INTO `city_translation` (`city_id`, `language_id`, `name`) VALUES (277, 'de', 'Westwood');
INSERT INTO `city_translation` (`city_id`, `language_id`, `name`) VALUES (278, 'de', 'Wichita');
INSERT INTO `city_translation` (`city_id`, `language_id`, `name`) VALUES (279, 'de', 'Wien');
INSERT INTO `city_translation` (`city_id`, `language_id`, `name`) VALUES (280, 'de', 'Wilmington');
INSERT INTO `city_translation` (`city_id`, `language_id`, `name`) VALUES (281, 'de', 'Woodside');
INSERT INTO `city_translation` (`city_id`, `language_id`, `name`) VALUES (282, 'de', 'Yangon');
INSERT INTO `city_translation` (`city_id`, `language_id`, `name`) VALUES (283, 'de', 'York');
INSERT INTO `city_translation` (`city_id`, `language_id`, `name`) VALUES (284, 'de', 'Zollikofen');
INSERT INTO `city_translation` (`city_id`, `language_id`, `name`) VALUES (285, 'de', 'Zwingen');
INSERT INTO `city_translation` (`city_id`, `language_id`, `name`) VALUES (286, 'de', 'Eggenfelden');
INSERT INTO `city_translation` (`city_id`, `language_id`, `name`) VALUES (287, 'de', 'Baoji');
INSERT INTO `city_translation` (`city_id`, `language_id`, `name`) VALUES (288, 'de', 'Beijing');
INSERT INTO `city_translation` (`city_id`, `language_id`, `name`) VALUES (289, 'de', 'Changchun');
INSERT INTO `city_translation` (`city_id`, `language_id`, `name`) VALUES (290, 'de', 'Changsha');
INSERT INTO `city_translation` (`city_id`, `language_id`, `name`) VALUES (291, 'de', 'Changzhou');
INSERT INTO `city_translation` (`city_id`, `language_id`, `name`) VALUES (292, 'de', 'Chengdu');
INSERT INTO `city_translation` (`city_id`, `language_id`, `name`) VALUES (293, 'de', 'Chongqing');
INSERT INTO `city_translation` (`city_id`, `language_id`, `name`) VALUES (294, 'de', 'Dalian');
INSERT INTO `city_translation` (`city_id`, `language_id`, `name`) VALUES (295, 'de', 'Dazhou');
INSERT INTO `city_translation` (`city_id`, `language_id`, `name`) VALUES (296, 'de', 'Dezhou');
INSERT INTO `city_translation` (`city_id`, `language_id`, `name`) VALUES (297, 'de', 'Dongguan');
INSERT INTO `city_translation` (`city_id`, `language_id`, `name`) VALUES (298, 'de', 'Ezhou');
INSERT INTO `city_translation` (`city_id`, `language_id`, `name`) VALUES (299, 'de', 'Enshi');
INSERT INTO `city_translation` (`city_id`, `language_id`, `name`) VALUES (300, 'de', 'Foshan');
INSERT INTO `city_translation` (`city_id`, `language_id`, `name`) VALUES (301, 'de', 'Fuyang');
INSERT INTO `city_translation` (`city_id`, `language_id`, `name`) VALUES (302, 'de', 'Fuzhou');
INSERT INTO `city_translation` (`city_id`, `language_id`, `name`) VALUES (303, 'de', 'FuZhou TEC_NC');
INSERT INTO `city_translation` (`city_id`, `language_id`, `name`) VALUES (304, 'de', 'Guangzhou');
INSERT INTO `city_translation` (`city_id`, `language_id`, `name`) VALUES (305, 'de', 'Guiyang');
INSERT INTO `city_translation` (`city_id`, `language_id`, `name`) VALUES (306, 'de', 'Haerbin');
INSERT INTO `city_translation` (`city_id`, `language_id`, `name`) VALUES (307, 'de', 'Haikou');
INSERT INTO `city_translation` (`city_id`, `language_id`, `name`) VALUES (308, 'de', 'Handan');
INSERT INTO `city_translation` (`city_id`, `language_id`, `name`) VALUES (309, 'de', 'Hangzhou');
INSERT INTO `city_translation` (`city_id`, `language_id`, `name`) VALUES (310, 'de', 'Hanzhong');
INSERT INTO `city_translation` (`city_id`, `language_id`, `name`) VALUES (311, 'de', 'Hebi');
INSERT INTO `city_translation` (`city_id`, `language_id`, `name`) VALUES (312, 'de', 'Hefei');
INSERT INTO `city_translation` (`city_id`, `language_id`, `name`) VALUES (313, 'de', 'Hohhot');
INSERT INTO `city_translation` (`city_id`, `language_id`, `name`) VALUES (314, 'de', 'Huizhou');
INSERT INTO `city_translation` (`city_id`, `language_id`, `name`) VALUES (315, 'de', 'Jiaozuo');
INSERT INTO `city_translation` (`city_id`, `language_id`, `name`) VALUES (316, 'de', 'Jiaxing');
INSERT INTO `city_translation` (`city_id`, `language_id`, `name`) VALUES (317, 'de', 'Jinan');
INSERT INTO `city_translation` (`city_id`, `language_id`, `name`) VALUES (318, 'de', 'Jingan');
INSERT INTO `city_translation` (`city_id`, `language_id`, `name`) VALUES (319, 'de', 'Jingzhou');
INSERT INTO `city_translation` (`city_id`, `language_id`, `name`) VALUES (320, 'de', 'Jinhua');
INSERT INTO `city_translation` (`city_id`, `language_id`, `name`) VALUES (321, 'de', 'Jining');
INSERT INTO `city_translation` (`city_id`, `language_id`, `name`) VALUES (322, 'de', 'Jinzhou');
INSERT INTO `city_translation` (`city_id`, `language_id`, `name`) VALUES (323, 'de', 'Jiujiang');
INSERT INTO `city_translation` (`city_id`, `language_id`, `name`) VALUES (324, 'de', 'Kunming');
INSERT INTO `city_translation` (`city_id`, `language_id`, `name`) VALUES (325, 'de', 'Kunshan');
INSERT INTO `city_translation` (`city_id`, `language_id`, `name`) VALUES (326, 'de', 'Langfang');
INSERT INTO `city_translation` (`city_id`, `language_id`, `name`) VALUES (327, 'de', 'Lanzhou');
INSERT INTO `city_translation` (`city_id`, `language_id`, `name`) VALUES (328, 'de', 'Leshan');
INSERT INTO `city_translation` (`city_id`, `language_id`, `name`) VALUES (329, 'de', 'Lhasa');
INSERT INTO `city_translation` (`city_id`, `language_id`, `name`) VALUES (330, 'de', 'Liuzhou');
INSERT INTO `city_translation` (`city_id`, `language_id`, `name`) VALUES (331, 'de', 'Luoyang');
INSERT INTO `city_translation` (`city_id`, `language_id`, `name`) VALUES (332, 'de', 'Luzhou');
INSERT INTO `city_translation` (`city_id`, `language_id`, `name`) VALUES (333, 'de', 'Mianyang');
INSERT INTO `city_translation` (`city_id`, `language_id`, `name`) VALUES (334, 'de', 'Multi');
INSERT INTO `city_translation` (`city_id`, `language_id`, `name`) VALUES (335, 'de', 'Nanchang');
INSERT INTO `city_translation` (`city_id`, `language_id`, `name`) VALUES (336, 'de', 'Nanchong');
INSERT INTO `city_translation` (`city_id`, `language_id`, `name`) VALUES (337, 'de', 'Nanjing');
INSERT INTO `city_translation` (`city_id`, `language_id`, `name`) VALUES (338, 'de', 'Nanning');
INSERT INTO `city_translation` (`city_id`, `language_id`, `name`) VALUES (339, 'de', 'Nantong');
INSERT INTO `city_translation` (`city_id`, `language_id`, `name`) VALUES (340, 'de', 'Nanyang');
INSERT INTO `city_translation` (`city_id`, `language_id`, `name`) VALUES (341, 'de', 'Ningbo');
INSERT INTO `city_translation` (`city_id`, `language_id`, `name`) VALUES (342, 'de', 'Panzhihua');
INSERT INTO `city_translation` (`city_id`, `language_id`, `name`) VALUES (343, 'de', 'PuDong');
INSERT INTO `city_translation` (`city_id`, `language_id`, `name`) VALUES (344, 'de', 'Puyang');
INSERT INTO `city_translation` (`city_id`, `language_id`, `name`) VALUES (345, 'de', 'Qingdao');
INSERT INTO `city_translation` (`city_id`, `language_id`, `name`) VALUES (346, 'de', 'Sanya');
INSERT INTO `city_translation` (`city_id`, `language_id`, `name`) VALUES (347, 'de', 'Shanghai');
INSERT INTO `city_translation` (`city_id`, `language_id`, `name`) VALUES (348, 'de', 'Shangrao');
INSERT INTO `city_translation` (`city_id`, `language_id`, `name`) VALUES (349, 'de', 'Shantou');
INSERT INTO `city_translation` (`city_id`, `language_id`, `name`) VALUES (350, 'de', 'Shaoxing');
INSERT INTO `city_translation` (`city_id`, `language_id`, `name`) VALUES (351, 'de', 'Shenyang');
INSERT INTO `city_translation` (`city_id`, `language_id`, `name`) VALUES (352, 'de', 'Shenzhen');
INSERT INTO `city_translation` (`city_id`, `language_id`, `name`) VALUES (353, 'de', 'Shijiazhuang');
INSERT INTO `city_translation` (`city_id`, `language_id`, `name`) VALUES (354, 'de', 'Suzhou');
INSERT INTO `city_translation` (`city_id`, `language_id`, `name`) VALUES (355, 'de', 'Suzhou-SU');
INSERT INTO `city_translation` (`city_id`, `language_id`, `name`) VALUES (356, 'de', 'Taian');
INSERT INTO `city_translation` (`city_id`, `language_id`, `name`) VALUES (357, 'de', 'Taiyuan');
INSERT INTO `city_translation` (`city_id`, `language_id`, `name`) VALUES (358, 'de', 'Taizhou');
INSERT INTO `city_translation` (`city_id`, `language_id`, `name`) VALUES (359, 'de', 'Tangshan');
INSERT INTO `city_translation` (`city_id`, `language_id`, `name`) VALUES (360, 'de', 'Tianjin');
INSERT INTO `city_translation` (`city_id`, `language_id`, `name`) VALUES (361, 'de', 'Urumqi');
INSERT INTO `city_translation` (`city_id`, `language_id`, `name`) VALUES (362, 'de', 'Wanzhou');
INSERT INTO `city_translation` (`city_id`, `language_id`, `name`) VALUES (363, 'de', 'Weifang');
INSERT INTO `city_translation` (`city_id`, `language_id`, `name`) VALUES (364, 'de', 'Weinan');
INSERT INTO `city_translation` (`city_id`, `language_id`, `name`) VALUES (365, 'de', 'Wenzhou');
INSERT INTO `city_translation` (`city_id`, `language_id`, `name`) VALUES (366, 'de', 'Wuhan');
INSERT INTO `city_translation` (`city_id`, `language_id`, `name`) VALUES (367, 'de', 'Wuhu');
INSERT INTO `city_translation` (`city_id`, `language_id`, `name`) VALUES (368, 'de', 'Wuxi');
INSERT INTO `city_translation` (`city_id`, `language_id`, `name`) VALUES (369, 'de', 'Xiamen');
INSERT INTO `city_translation` (`city_id`, `language_id`, `name`) VALUES (370, 'de', 'Xian');
INSERT INTO `city_translation` (`city_id`, `language_id`, `name`) VALUES (371, 'de', 'Xianyang');
INSERT INTO `city_translation` (`city_id`, `language_id`, `name`) VALUES (372, 'de', 'Xiaogan');
INSERT INTO `city_translation` (`city_id`, `language_id`, `name`) VALUES (373, 'de', 'Xichang');
INSERT INTO `city_translation` (`city_id`, `language_id`, `name`) VALUES (374, 'de', 'Xining');
INSERT INTO `city_translation` (`city_id`, `language_id`, `name`) VALUES (375, 'de', 'Xinxiang');
INSERT INTO `city_translation` (`city_id`, `language_id`, `name`) VALUES (376, 'de', 'Xinyang');
INSERT INTO `city_translation` (`city_id`, `language_id`, `name`) VALUES (377, 'de', 'Xuzhou');
INSERT INTO `city_translation` (`city_id`, `language_id`, `name`) VALUES (378, 'de', 'Yantai');
INSERT INTO `city_translation` (`city_id`, `language_id`, `name`) VALUES (379, 'de', 'Yinchuan');
INSERT INTO `city_translation` (`city_id`, `language_id`, `name`) VALUES (380, 'de', 'Yulin');
INSERT INTO `city_translation` (`city_id`, `language_id`, `name`) VALUES (381, 'de', 'Zhengzhou');
INSERT INTO `city_translation` (`city_id`, `language_id`, `name`) VALUES (382, 'de', 'Zhenjiang');
INSERT INTO `city_translation` (`city_id`, `language_id`, `name`) VALUES (383, 'de', 'Zhongshan');
INSERT INTO `city_translation` (`city_id`, `language_id`, `name`) VALUES (384, 'de', 'Zhuhai');
INSERT INTO `city_translation` (`city_id`, `language_id`, `name`) VALUES (385, 'de', 'Zhuzhou');
INSERT INTO `city_translation` (`city_id`, `language_id`, `name`) VALUES (386, 'de', 'Zunyi');
INSERT INTO `city_translation` (`city_id`, `language_id`, `name`) VALUES (387, 'de', 'Florenz');
INSERT INTO `city_translation` (`city_id`, `language_id`, `name`) VALUES (388, 'de', 'Fort Worth');
INSERT INTO `city_translation` (`city_id`, `language_id`, `name`) VALUES (389, 'de', 'Annone di Brianza');
INSERT INTO `city_translation` (`city_id`, `language_id`, `name`) VALUES (390, 'de', 'Morbegno');
INSERT INTO `city_translation` (`city_id`, `language_id`, `name`) VALUES (391, 'de', 'Modena');
INSERT INTO `city_translation` (`city_id`, `language_id`, `name`) VALUES (392, 'de', 'Cagliari');
INSERT INTO `city_translation` (`city_id`, `language_id`, `name`) VALUES (393, 'de', 'Brescia');
INSERT INTO `city_translation` (`city_id`, `language_id`, `name`) VALUES (394, 'de', 'Vicenza');
INSERT INTO `city_translation` (`city_id`, `language_id`, `name`) VALUES (395, 'de', 'Mezzolombardo (TN)');
INSERT INTO `city_translation` (`city_id`, `language_id`, `name`) VALUES (396, 'de', 'Rimini');
INSERT INTO `city_translation` (`city_id`, `language_id`, `name`) VALUES (397, 'de', 'Settimo di Pescantina (VR)');
INSERT INTO `city_translation` (`city_id`, `language_id`, `name`) VALUES (398, 'de', 'Neapel');
INSERT INTO `city_translation` (`city_id`, `language_id`, `name`) VALUES (399, 'de', 'Peschiera Borromeo (MI)');
INSERT INTO `city_translation` (`city_id`, `language_id`, `name`) VALUES (400, 'de', 'Alexandria');
INSERT INTO `city_translation` (`city_id`, `language_id`, `name`) VALUES (401, 'de', 'Rom');
INSERT INTO `city_translation` (`city_id`, `language_id`, `name`) VALUES (402, 'de', 'Mestre');
INSERT INTO `city_translation` (`city_id`, `language_id`, `name`) VALUES (403, 'de', 'Turin');
INSERT INTO `city_translation` (`city_id`, `language_id`, `name`) VALUES (404, 'de', 'Imperia');
INSERT INTO `city_translation` (`city_id`, `language_id`, `name`) VALUES (405, 'de', 'Catania');
INSERT INTO `city_translation` (`city_id`, `language_id`, `name`) VALUES (406, 'de', 'Fort Wayne');
INSERT INTO `city_translation` (`city_id`, `language_id`, `name`) VALUES (407, 'de', 'Omaha');
INSERT INTO `city_translation` (`city_id`, `language_id`, `name`) VALUES (408, 'de', 'Des Moines');
INSERT INTO `city_translation` (`city_id`, `language_id`, `name`) VALUES (409, 'de', 'San Francisco');
INSERT INTO `city_translation` (`city_id`, `language_id`, `name`) VALUES (410, 'de', 'Egg Harbor Township');
INSERT INTO `city_translation` (`city_id`, `language_id`, `name`) VALUES (411, 'de', 'Shrewsbury');
INSERT INTO `city_translation` (`city_id`, `language_id`, `name`) VALUES (412, 'de', 'Springfield (IL)');
INSERT INTO `city_translation` (`city_id`, `language_id`, `name`) VALUES (413, 'de', 'Hollins');
INSERT INTO `city_translation` (`city_id`, `language_id`, `name`) VALUES (414, 'de', 'Edison');
INSERT INTO `city_translation` (`city_id`, `language_id`, `name`) VALUES (415, 'de', 'Hong Kong');
INSERT INTO `city_translation` (`city_id`, `language_id`, `name`) VALUES (416, 'de', 'Olive Branch');
INSERT INTO `city_translation` (`city_id`, `language_id`, `name`) VALUES (417, 'de', 'Riccione');
INSERT INTO `city_translation` (`city_id`, `language_id`, `name`) VALUES (418, 'de', 'Madrid');
INSERT INTO `city_translation` (`city_id`, `language_id`, `name`) VALUES (419, 'de', 'Sintra');
INSERT INTO `city_translation` (`city_id`, `language_id`, `name`) VALUES (420, 'de', 'Mieres');
INSERT INTO `city_translation` (`city_id`, `language_id`, `name`) VALUES (421, 'de', 'Guang\'an');
INSERT INTO `city_translation` (`city_id`, `language_id`, `name`) VALUES (99999, 'de', 'No city');

INSERT INTO `city_translation` (`city_id`, `language_id`, `name`) VALUES (1, 'en', 'Addison');
INSERT INTO `city_translation` (`city_id`, `language_id`, `name`) VALUES (2, 'en', 'Albuquerque');
INSERT INTO `city_translation` (`city_id`, `language_id`, `name`) VALUES (3, 'en', 'Alexandria');
INSERT INTO `city_translation` (`city_id`, `language_id`, `name`) VALUES (4, 'en', 'Allentown');
INSERT INTO `city_translation` (`city_id`, `language_id`, `name`) VALUES (5, 'en', 'Alpharetta');
INSERT INTO `city_translation` (`city_id`, `language_id`, `name`) VALUES (6, 'en', 'Anaheim');
INSERT INTO `city_translation` (`city_id`, `language_id`, `name`) VALUES (7, 'en', 'Anchorage');
INSERT INTO `city_translation` (`city_id`, `language_id`, `name`) VALUES (8, 'en', 'Ashland');
INSERT INTO `city_translation` (`city_id`, `language_id`, `name`) VALUES (9, 'en', 'Atlanta');
INSERT INTO `city_translation` (`city_id`, `language_id`, `name`) VALUES (10, 'en', 'Auburn Hills');
INSERT INTO `city_translation` (`city_id`, `language_id`, `name`) VALUES (11, 'en', 'Augsburg');
INSERT INTO `city_translation` (`city_id`, `language_id`, `name`) VALUES (12, 'en', 'Austin');
INSERT INTO `city_translation` (`city_id`, `language_id`, `name`) VALUES (13, 'en', 'Bakersfield');
INSERT INTO `city_translation` (`city_id`, `language_id`, `name`) VALUES (14, 'en', 'Bangkok');
INSERT INTO `city_translation` (`city_id`, `language_id`, `name`) VALUES (15, 'en', 'Baton Rouge');
INSERT INTO `city_translation` (`city_id`, `language_id`, `name`) VALUES (16, 'en', 'Bayreuth');
INSERT INTO `city_translation` (`city_id`, `language_id`, `name`) VALUES (17, 'en', 'Belgrade');
INSERT INTO `city_translation` (`city_id`, `language_id`, `name`) VALUES (18, 'en', 'Bellevue');
INSERT INTO `city_translation` (`city_id`, `language_id`, `name`) VALUES (19, 'en', 'Belo Horizonte');
INSERT INTO `city_translation` (`city_id`, `language_id`, `name`) VALUES (20, 'en', 'Berlin');
INSERT INTO `city_translation` (`city_id`, `language_id`, `name`) VALUES (21, 'en', 'Bessemer');
INSERT INTO `city_translation` (`city_id`, `language_id`, `name`) VALUES (22, 'en', 'Bethpage');
INSERT INTO `city_translation` (`city_id`, `language_id`, `name`) VALUES (23, 'en', 'Bielefeld');
INSERT INTO `city_translation` (`city_id`, `language_id`, `name`) VALUES (24, 'en', 'Birmingham (US)');
INSERT INTO `city_translation` (`city_id`, `language_id`, `name`) VALUES (25, 'en', 'Bochum');
INSERT INTO `city_translation` (`city_id`, `language_id`, `name`) VALUES (26, 'en', 'Boise');
INSERT INTO `city_translation` (`city_id`, `language_id`, `name`) VALUES (27, 'en', 'Bolivar');
INSERT INTO `city_translation` (`city_id`, `language_id`, `name`) VALUES (28, 'en', 'Bradenton');
INSERT INTO `city_translation` (`city_id`, `language_id`, `name`) VALUES (29, 'en', 'Brandenburg Havel');
INSERT INTO `city_translation` (`city_id`, `language_id`, `name`) VALUES (30, 'en', 'Brasilia');
INSERT INTO `city_translation` (`city_id`, `language_id`, `name`) VALUES (31, 'en', 'Bremen');
INSERT INTO `city_translation` (`city_id`, `language_id`, `name`) VALUES (32, 'en', 'Brewer');
INSERT INTO `city_translation` (`city_id`, `language_id`, `name`) VALUES (33, 'en', 'Broadview Heights');
INSERT INTO `city_translation` (`city_id`, `language_id`, `name`) VALUES (34, 'en', 'Broken Arrow');
INSERT INTO `city_translation` (`city_id`, `language_id`, `name`) VALUES (35, 'en', 'Bubsheim');
INSERT INTO `city_translation` (`city_id`, `language_id`, `name`) VALUES (36, 'en', 'Budapest');
INSERT INTO `city_translation` (`city_id`, `language_id`, `name`) VALUES (37, 'en', 'Buffalo');
INSERT INTO `city_translation` (`city_id`, `language_id`, `name`) VALUES (38, 'en', 'Burbank');
INSERT INTO `city_translation` (`city_id`, `language_id`, `name`) VALUES (39, 'en', 'Calgary');
INSERT INTO `city_translation` (`city_id`, `language_id`, `name`) VALUES (40, 'en', 'Cantano');
INSERT INTO `city_translation` (`city_id`, `language_id`, `name`) VALUES (41, 'en', 'Capelle aan den Ijssel');
INSERT INTO `city_translation` (`city_id`, `language_id`, `name`) VALUES (42, 'en', 'Cerritos');
INSERT INTO `city_translation` (`city_id`, `language_id`, `name`) VALUES (43, 'en', 'Charleston');
INSERT INTO `city_translation` (`city_id`, `language_id`, `name`) VALUES (44, 'en', 'Charlotte');
INSERT INTO `city_translation` (`city_id`, `language_id`, `name`) VALUES (45, 'en', 'Chattanooga');
INSERT INTO `city_translation` (`city_id`, `language_id`, `name`) VALUES (46, 'en', 'Cheektowaga');
INSERT INTO `city_translation` (`city_id`, `language_id`, `name`) VALUES (47, 'en', 'Chemnitz');
INSERT INTO `city_translation` (`city_id`, `language_id`, `name`) VALUES (48, 'en', 'Chesapeake');
INSERT INTO `city_translation` (`city_id`, `language_id`, `name`) VALUES (49, 'en', 'Chicago');
INSERT INTO `city_translation` (`city_id`, `language_id`, `name`) VALUES (50, 'en', 'Cincinnati');
INSERT INTO `city_translation` (`city_id`, `language_id`, `name`) VALUES (51, 'en', 'Ciudad de Panama');
INSERT INTO `city_translation` (`city_id`, `language_id`, `name`) VALUES (52, 'en', 'Cleveland');
INSERT INTO `city_translation` (`city_id`, `language_id`, `name`) VALUES (53, 'en', 'College park');
INSERT INTO `city_translation` (`city_id`, `language_id`, `name`) VALUES (54, 'en', 'Cologno Monzese');
INSERT INTO `city_translation` (`city_id`, `language_id`, `name`) VALUES (55, 'en', 'Colorado Springs');
INSERT INTO `city_translation` (`city_id`, `language_id`, `name`) VALUES (56, 'en', 'Columbia');
INSERT INTO `city_translation` (`city_id`, `language_id`, `name`) VALUES (57, 'en', 'Columbus');
INSERT INTO `city_translation` (`city_id`, `language_id`, `name`) VALUES (58, 'en', 'Coppell');
INSERT INTO `city_translation` (`city_id`, `language_id`, `name`) VALUES (59, 'en', 'Corpus Christi');
INSERT INTO `city_translation` (`city_id`, `language_id`, `name`) VALUES (60, 'en', 'Cottonwood Heights');
INSERT INTO `city_translation` (`city_id`, `language_id`, `name`) VALUES (61, 'en', 'Cranford');
INSERT INTO `city_translation` (`city_id`, `language_id`, `name`) VALUES (62, 'en', 'Dallas');
INSERT INTO `city_translation` (`city_id`, `language_id`, `name`) VALUES (63, 'en', 'Darmstadt');
INSERT INTO `city_translation` (`city_id`, `language_id`, `name`) VALUES (64, 'en', 'Dartmouth');
INSERT INTO `city_translation` (`city_id`, `language_id`, `name`) VALUES (65, 'en', 'Denklingen');
INSERT INTO `city_translation` (`city_id`, `language_id`, `name`) VALUES (66, 'en', 'Denver');
INSERT INTO `city_translation` (`city_id`, `language_id`, `name`) VALUES (67, 'en', 'Detroit');
INSERT INTO `city_translation` (`city_id`, `language_id`, `name`) VALUES (68, 'en', 'Dortmund');
INSERT INTO `city_translation` (`city_id`, `language_id`, `name`) VALUES (69, 'en', 'Downers Grove');
INSERT INTO `city_translation` (`city_id`, `language_id`, `name`) VALUES (70, 'en', 'Dresden');
INSERT INTO `city_translation` (`city_id`, `language_id`, `name`) VALUES (71, 'en', 'Dunwoody');
INSERT INTO `city_translation` (`city_id`, `language_id`, `name`) VALUES (72, 'en', 'Düsseldorf');
INSERT INTO `city_translation` (`city_id`, `language_id`, `name`) VALUES (73, 'en', 'El Cajon');
INSERT INTO `city_translation` (`city_id`, `language_id`, `name`) VALUES (74, 'en', 'El Paso');
INSERT INTO `city_translation` (`city_id`, `language_id`, `name`) VALUES (75, 'en', 'Erfurt');
INSERT INTO `city_translation` (`city_id`, `language_id`, `name`) VALUES (76, 'en', 'Essen');
INSERT INTO `city_translation` (`city_id`, `language_id`, `name`) VALUES (77, 'en', 'Esslingen');
INSERT INTO `city_translation` (`city_id`, `language_id`, `name`) VALUES (78, 'en', 'Eugene');
INSERT INTO `city_translation` (`city_id`, `language_id`, `name`) VALUES (79, 'en', 'Evansville');
INSERT INTO `city_translation` (`city_id`, `language_id`, `name`) VALUES (80, 'en', 'Everett');
INSERT INTO `city_translation` (`city_id`, `language_id`, `name`) VALUES (81, 'en', 'Fargo');
INSERT INTO `city_translation` (`city_id`, `language_id`, `name`) VALUES (82, 'en', 'Feldkirchen');
INSERT INTO `city_translation` (`city_id`, `language_id`, `name`) VALUES (83, 'en', 'Fellbach');
INSERT INTO `city_translation` (`city_id`, `language_id`, `name`) VALUES (84, 'en', 'Filderstadt');
INSERT INTO `city_translation` (`city_id`, `language_id`, `name`) VALUES (85, 'en', 'Foggia');
INSERT INTO `city_translation` (`city_id`, `language_id`, `name`) VALUES (86, 'en', 'Forst');
INSERT INTO `city_translation` (`city_id`, `language_id`, `name`) VALUES (87, 'en', 'Fort Collins');
INSERT INTO `city_translation` (`city_id`, `language_id`, `name`) VALUES (88, 'en', 'Fortaleza');
INSERT INTO `city_translation` (`city_id`, `language_id`, `name`) VALUES (89, 'en', 'Frankfurt am Main');
INSERT INTO `city_translation` (`city_id`, `language_id`, `name`) VALUES (90, 'en', 'Freiburg in Breisgau');
INSERT INTO `city_translation` (`city_id`, `language_id`, `name`) VALUES (91, 'en', 'Fresno');
INSERT INTO `city_translation` (`city_id`, `language_id`, `name`) VALUES (92, 'en', 'Frisco');
INSERT INTO `city_translation` (`city_id`, `language_id`, `name`) VALUES (93, 'en', 'Ft. Lauderdale');
INSERT INTO `city_translation` (`city_id`, `language_id`, `name`) VALUES (94, 'en', 'Ft. Myers');
INSERT INTO `city_translation` (`city_id`, `language_id`, `name`) VALUES (95, 'en', 'Ft. Worth');
INSERT INTO `city_translation` (`city_id`, `language_id`, `name`) VALUES (96, 'en', 'Fürth');
INSERT INTO `city_translation` (`city_id`, `language_id`, `name`) VALUES (97, 'en', 'Fulda');
INSERT INTO `city_translation` (`city_id`, `language_id`, `name`) VALUES (98, 'en', 'Gainesville');
INSERT INTO `city_translation` (`city_id`, `language_id`, `name`) VALUES (99, 'en', 'Germantown');
INSERT INTO `city_translation` (`city_id`, `language_id`, `name`) VALUES (100, 'en', 'Gieen');
INSERT INTO `city_translation` (`city_id`, `language_id`, `name`) VALUES (101, 'en', 'Gingen');
INSERT INTO `city_translation` (`city_id`, `language_id`, `name`) VALUES (102, 'en', 'Ginsheim');
INSERT INTO `city_translation` (`city_id`, `language_id`, `name`) VALUES (103, 'en', 'Gochsheim');
INSERT INTO `city_translation` (`city_id`, `language_id`, `name`) VALUES (104, 'en', 'Goleta');
INSERT INTO `city_translation` (`city_id`, `language_id`, `name`) VALUES (105, 'en', 'Grand Rapids');
INSERT INTO `city_translation` (`city_id`, `language_id`, `name`) VALUES (106, 'en', 'Graz');
INSERT INTO `city_translation` (`city_id`, `language_id`, `name`) VALUES (107, 'en', 'Greensboro');
INSERT INTO `city_translation` (`city_id`, `language_id`, `name`) VALUES (108, 'en', 'Greenville');
INSERT INTO `city_translation` (`city_id`, `language_id`, `name`) VALUES (109, 'en', 'Greenwood Village');
INSERT INTO `city_translation` (`city_id`, `language_id`, `name`) VALUES (110, 'en', 'Guaiba');
INSERT INTO `city_translation` (`city_id`, `language_id`, `name`) VALUES (111, 'en', 'Guaiba-Portoalegre');
INSERT INTO `city_translation` (`city_id`, `language_id`, `name`) VALUES (112, 'en', 'Guarulhos');
INSERT INTO `city_translation` (`city_id`, `language_id`, `name`) VALUES (113, 'en', 'Gypsum');
INSERT INTO `city_translation` (`city_id`, `language_id`, `name`) VALUES (114, 'en', 'Hallberg Moss');
INSERT INTO `city_translation` (`city_id`, `language_id`, `name`) VALUES (115, 'en', 'Hamburg');
INSERT INTO `city_translation` (`city_id`, `language_id`, `name`) VALUES (116, 'en', 'Hamm');
INSERT INTO `city_translation` (`city_id`, `language_id`, `name`) VALUES (117, 'en', 'Hanover');
INSERT INTO `city_translation` (`city_id`, `language_id`, `name`) VALUES (118, 'en', 'Harahan');
INSERT INTO `city_translation` (`city_id`, `language_id`, `name`) VALUES (119, 'en', 'Hayward');
INSERT INTO `city_translation` (`city_id`, `language_id`, `name`) VALUES (120, 'en', 'Heilbronn');
INSERT INTO `city_translation` (`city_id`, `language_id`, `name`) VALUES (121, 'en', 'Himmelstadt');
INSERT INTO `city_translation` (`city_id`, `language_id`, `name`) VALUES (122, 'en', 'Ho Chi Minh City');
INSERT INTO `city_translation` (`city_id`, `language_id`, `name`) VALUES (123, 'en', 'Honolulu');
INSERT INTO `city_translation` (`city_id`, `language_id`, `name`) VALUES (124, 'en', 'Hoover');
INSERT INTO `city_translation` (`city_id`, `language_id`, `name`) VALUES (125, 'en', 'Horn Lake');
INSERT INTO `city_translation` (`city_id`, `language_id`, `name`) VALUES (126, 'en', 'Houston');
INSERT INTO `city_translation` (`city_id`, `language_id`, `name`) VALUES (127, 'en', 'Huntsville');
INSERT INTO `city_translation` (`city_id`, `language_id`, `name`) VALUES (128, 'en', 'Hürth');
INSERT INTO `city_translation` (`city_id`, `language_id`, `name`) VALUES (129, 'en', 'Indianapolis');
INSERT INTO `city_translation` (`city_id`, `language_id`, `name`) VALUES (130, 'en', 'Irvine');
INSERT INTO `city_translation` (`city_id`, `language_id`, `name`) VALUES (131, 'en', 'Isernhagen-Altwarmbüchen');
INSERT INTO `city_translation` (`city_id`, `language_id`, `name`) VALUES (132, 'en', 'Istanbul');
INSERT INTO `city_translation` (`city_id`, `language_id`, `name`) VALUES (133, 'en', 'Jackson');
INSERT INTO `city_translation` (`city_id`, `language_id`, `name`) VALUES (134, 'en', 'Jacksonville');
INSERT INTO `city_translation` (`city_id`, `language_id`, `name`) VALUES (135, 'en', 'Jakarta');
INSERT INTO `city_translation` (`city_id`, `language_id`, `name`) VALUES (136, 'en', 'João Pessoa');
INSERT INTO `city_translation` (`city_id`, `language_id`, `name`) VALUES (137, 'en', 'Juneau');
INSERT INTO `city_translation` (`city_id`, `language_id`, `name`) VALUES (138, 'en', 'Kansas City');
INSERT INTO `city_translation` (`city_id`, `language_id`, `name`) VALUES (139, 'en', 'Karlsruhe');
INSERT INTO `city_translation` (`city_id`, `language_id`, `name`) VALUES (140, 'en', 'Kassel');
INSERT INTO `city_translation` (`city_id`, `language_id`, `name`) VALUES (141, 'en', 'Kennesaw');
INSERT INTO `city_translation` (`city_id`, `language_id`, `name`) VALUES (142, 'en', 'Key West');
INSERT INTO `city_translation` (`city_id`, `language_id`, `name`) VALUES (143, 'en', 'Kiel');
INSERT INTO `city_translation` (`city_id`, `language_id`, `name`) VALUES (144, 'en', 'King of Prussia');
INSERT INTO `city_translation` (`city_id`, `language_id`, `name`) VALUES (145, 'en', 'Kirkland');
INSERT INTO `city_translation` (`city_id`, `language_id`, `name`) VALUES (146, 'en', 'Knoxville');
INSERT INTO `city_translation` (`city_id`, `language_id`, `name`) VALUES (147, 'en', 'Cologne');
INSERT INTO `city_translation` (`city_id`, `language_id`, `name`) VALUES (148, 'en', 'Crimping aan den IJssel');
INSERT INTO `city_translation` (`city_id`, `language_id`, `name`) VALUES (149, 'en', 'Kuala Lumpur');
INSERT INTO `city_translation` (`city_id`, `language_id`, `name`) VALUES (150, 'en', 'Lake Havasu City');
INSERT INTO `city_translation` (`city_id`, `language_id`, `name`) VALUES (151, 'en', 'Langenhagen');
INSERT INTO `city_translation` (`city_id`, `language_id`, `name`) VALUES (152, 'en', 'Las Vegas');
INSERT INTO `city_translation` (`city_id`, `language_id`, `name`) VALUES (153, 'en', 'Leinfelden-Echterdingen');
INSERT INTO `city_translation` (`city_id`, `language_id`, `name`) VALUES (154, 'en', 'Leipzig');
INSERT INTO `city_translation` (`city_id`, `language_id`, `name`) VALUES (155, 'en', 'Lenexa');
INSERT INTO `city_translation` (`city_id`, `language_id`, `name`) VALUES (156, 'en', 'Lenton, Nottingham');
INSERT INTO `city_translation` (`city_id`, `language_id`, `name`) VALUES (157, 'en', 'Lexington');
INSERT INTO `city_translation` (`city_id`, `language_id`, `name`) VALUES (158, 'en', 'Lincoln');
INSERT INTO `city_translation` (`city_id`, `language_id`, `name`) VALUES (159, 'en', 'Linthicum');
INSERT INTO `city_translation` (`city_id`, `language_id`, `name`) VALUES (160, 'en', 'Lisle');
INSERT INTO `city_translation` (`city_id`, `language_id`, `name`) VALUES (161, 'en', 'Little Rock');
INSERT INTO `city_translation` (`city_id`, `language_id`, `name`) VALUES (162, 'en', 'Livonia');
INSERT INTO `city_translation` (`city_id`, `language_id`, `name`) VALUES (163, 'en', 'Logan');
INSERT INTO `city_translation` (`city_id`, `language_id`, `name`) VALUES (164, 'en', 'Lombard');
INSERT INTO `city_translation` (`city_id`, `language_id`, `name`) VALUES (165, 'en', 'Long Island');
INSERT INTO `city_translation` (`city_id`, `language_id`, `name`) VALUES (166, 'en', 'Lorton (NOVA)');
INSERT INTO `city_translation` (`city_id`, `language_id`, `name`) VALUES (167, 'en', 'Los Angeles');
INSERT INTO `city_translation` (`city_id`, `language_id`, `name`) VALUES (168, 'en', 'Louisville');
INSERT INTO `city_translation` (`city_id`, `language_id`, `name`) VALUES (169, 'en', 'Lubbock');
INSERT INTO `city_translation` (`city_id`, `language_id`, `name`) VALUES (170, 'en', 'Macapa');
INSERT INTO `city_translation` (`city_id`, `language_id`, `name`) VALUES (171, 'en', 'Maceio');
INSERT INTO `city_translation` (`city_id`, `language_id`, `name`) VALUES (172, 'en', 'Macon');
INSERT INTO `city_translation` (`city_id`, `language_id`, `name`) VALUES (173, 'en', 'Madison');
INSERT INTO `city_translation` (`city_id`, `language_id`, `name`) VALUES (174, 'en', 'Magdeburg');
INSERT INTO `city_translation` (`city_id`, `language_id`, `name`) VALUES (175, 'en', 'Manaus');
INSERT INTO `city_translation` (`city_id`, `language_id`, `name`) VALUES (176, 'en', 'Manchester');
INSERT INTO `city_translation` (`city_id`, `language_id`, `name`) VALUES (177, 'en', 'Mannheim');
INSERT INTO `city_translation` (`city_id`, `language_id`, `name`) VALUES (178, 'en', 'Marietta');
INSERT INTO `city_translation` (`city_id`, `language_id`, `name`) VALUES (179, 'en', 'Markkleeberg');
INSERT INTO `city_translation` (`city_id`, `language_id`, `name`) VALUES (180, 'en', 'Memphis');
INSERT INTO `city_translation` (`city_id`, `language_id`, `name`) VALUES (181, 'en', 'Miami');
INSERT INTO `city_translation` (`city_id`, `language_id`, `name`) VALUES (182, 'en', 'Middleton');
INSERT INTO `city_translation` (`city_id`, `language_id`, `name`) VALUES (183, 'en', 'Midland');
INSERT INTO `city_translation` (`city_id`, `language_id`, `name`) VALUES (184, 'en', 'Minneapolis');
INSERT INTO `city_translation` (`city_id`, `language_id`, `name`) VALUES (185, 'en', 'Moncton');
INSERT INTO `city_translation` (`city_id`, `language_id`, `name`) VALUES (186, 'en', 'Moscow');
INSERT INTO `city_translation` (`city_id`, `language_id`, `name`) VALUES (187, 'en', 'Móstoles');
INSERT INTO `city_translation` (`city_id`, `language_id`, `name`) VALUES (188, 'en', 'Munich');
INSERT INTO `city_translation` (`city_id`, `language_id`, `name`) VALUES (190, 'en', 'Münster');
INSERT INTO `city_translation` (`city_id`, `language_id`, `name`) VALUES (191, 'en', 'Myrtle Beach');
INSERT INTO `city_translation` (`city_id`, `language_id`, `name`) VALUES (192, 'en', 'Nashville');
INSERT INTO `city_translation` (`city_id`, `language_id`, `name`) VALUES (193, 'en', 'Nassau');
INSERT INTO `city_translation` (`city_id`, `language_id`, `name`) VALUES (194, 'en', 'Nationwide');
INSERT INTO `city_translation` (`city_id`, `language_id`, `name`) VALUES (195, 'en', 'Neuhausen');
INSERT INTO `city_translation` (`city_id`, `language_id`, `name`) VALUES (196, 'en', 'Neuss');
INSERT INTO `city_translation` (`city_id`, `language_id`, `name`) VALUES (197, 'en', 'New Haven (Orange)');
INSERT INTO `city_translation` (`city_id`, `language_id`, `name`) VALUES (198, 'en', 'New Orleans');
INSERT INTO `city_translation` (`city_id`, `language_id`, `name`) VALUES (199, 'en', 'New York');
INSERT INTO `city_translation` (`city_id`, `language_id`, `name`) VALUES (200, 'en', 'Norfolk');
INSERT INTO `city_translation` (`city_id`, `language_id`, `name`) VALUES (201, 'en', 'Northwood');
INSERT INTO `city_translation` (`city_id`, `language_id`, `name`) VALUES (202, 'en', 'NRW');
INSERT INTO `city_translation` (`city_id`, `language_id`, `name`) VALUES (203, 'en', 'Nuremberg');
INSERT INTO `city_translation` (`city_id`, `language_id`, `name`) VALUES (204, 'en', 'Oklahoma City');
INSERT INTO `city_translation` (`city_id`, `language_id`, `name`) VALUES (205, 'en', 'Orlando');
INSERT INTO `city_translation` (`city_id`, `language_id`, `name`) VALUES (206, 'en', 'Oslo');
INSERT INTO `city_translation` (`city_id`, `language_id`, `name`) VALUES (207, 'en', 'Pensacola');
INSERT INTO `city_translation` (`city_id`, `language_id`, `name`) VALUES (208, 'en', 'Peoria');
INSERT INTO `city_translation` (`city_id`, `language_id`, `name`) VALUES (209, 'en', 'Petaling Jaya');
INSERT INTO `city_translation` (`city_id`, `language_id`, `name`) VALUES (210, 'en', 'Philadelphia');
INSERT INTO `city_translation` (`city_id`, `language_id`, `name`) VALUES (211, 'en', 'Phoenix');
INSERT INTO `city_translation` (`city_id`, `language_id`, `name`) VALUES (212, 'en', 'Piracicaba');
INSERT INTO `city_translation` (`city_id`, `language_id`, `name`) VALUES (213, 'en', 'Pittsburgh');
INSERT INTO `city_translation` (`city_id`, `language_id`, `name`) VALUES (214, 'en', 'Plan-les-Ouates');
INSERT INTO `city_translation` (`city_id`, `language_id`, `name`) VALUES (215, 'en', 'Pompano Beach');
INSERT INTO `city_translation` (`city_id`, `language_id`, `name`) VALUES (216, 'en', 'Portland');
INSERT INTO `city_translation` (`city_id`, `language_id`, `name`) VALUES (217, 'en', 'Porto Alegre');
INSERT INTO `city_translation` (`city_id`, `language_id`, `name`) VALUES (218, 'en', 'Turkey');
INSERT INTO `city_translation` (`city_id`, `language_id`, `name`) VALUES (219, 'en', 'Raleigh');
INSERT INTO `city_translation` (`city_id`, `language_id`, `name`) VALUES (220, 'en', 'Recife');
INSERT INTO `city_translation` (`city_id`, `language_id`, `name`) VALUES (221, 'en', 'Regensburg');
INSERT INTO `city_translation` (`city_id`, `language_id`, `name`) VALUES (222, 'en', 'Reutlingen');
INSERT INTO `city_translation` (`city_id`, `language_id`, `name`) VALUES (223, 'en', 'Richland');
INSERT INTO `city_translation` (`city_id`, `language_id`, `name`) VALUES (224, 'en', 'Richmond');
INSERT INTO `city_translation` (`city_id`, `language_id`, `name`) VALUES (225, 'en', 'Riviera Beach');
INSERT INTO `city_translation` (`city_id`, `language_id`, `name`) VALUES (226, 'en', 'Roanoke');
INSERT INTO `city_translation` (`city_id`, `language_id`, `name`) VALUES (227, 'en', 'Rochester');
INSERT INTO `city_translation` (`city_id`, `language_id`, `name`) VALUES (228, 'en', 'Rostock');
INSERT INTO `city_translation` (`city_id`, `language_id`, `name`) VALUES (229, 'en', 'Rottweil');
INSERT INTO `city_translation` (`city_id`, `language_id`, `name`) VALUES (230, 'en', 'Rümlang');
INSERT INTO `city_translation` (`city_id`, `language_id`, `name`) VALUES (231, 'en', 'Saarbrücken');
INSERT INTO `city_translation` (`city_id`, `language_id`, `name`) VALUES (232, 'en', 'Salt Lake City');
INSERT INTO `city_translation` (`city_id`, `language_id`, `name`) VALUES (233, 'en', 'San Antonio');
INSERT INTO `city_translation` (`city_id`, `language_id`, `name`) VALUES (234, 'en', 'San Francisco (downtown)');
INSERT INTO `city_translation` (`city_id`, `language_id`, `name`) VALUES (235, 'en', 'San Jose');
INSERT INTO `city_translation` (`city_id`, `language_id`, `name`) VALUES (236, 'en', 'San Leandro (Hayward)');
INSERT INTO `city_translation` (`city_id`, `language_id`, `name`) VALUES (237, 'en', 'Savannah');
INSERT INTO `city_translation` (`city_id`, `language_id`, `name`) VALUES (238, 'en', 'Scarborough');
INSERT INTO `city_translation` (`city_id`, `language_id`, `name`) VALUES (239, 'en', 'Seattle');
INSERT INTO `city_translation` (`city_id`, `language_id`, `name`) VALUES (240, 'en', 'Shreveport');
INSERT INTO `city_translation` (`city_id`, `language_id`, `name`) VALUES (241, 'en', 'Singapore');
INSERT INTO `city_translation` (`city_id`, `language_id`, `name`) VALUES (242, 'en', 'Singing');
INSERT INTO `city_translation` (`city_id`, `language_id`, `name`) VALUES (243, 'en', 'Sioux Falls');
INSERT INTO `city_translation` (`city_id`, `language_id`, `name`) VALUES (244, 'en', 'Sparks');
INSERT INTO `city_translation` (`city_id`, `language_id`, `name`) VALUES (245, 'en', 'Spokane');
INSERT INTO `city_translation` (`city_id`, `language_id`, `name`) VALUES (246, 'en', 'Springfield (Ozark)');
INSERT INTO `city_translation` (`city_id`, `language_id`, `name`) VALUES (247, 'en', 'St. Gallen');
INSERT INTO `city_translation` (`city_id`, `language_id`, `name`) VALUES (248, 'en', 'St. Louis');
INSERT INTO `city_translation` (`city_id`, `language_id`, `name`) VALUES (249, 'en', 'Stockholm');
INSERT INTO `city_translation` (`city_id`, `language_id`, `name`) VALUES (250, 'en', 'Stuhr');
INSERT INTO `city_translation` (`city_id`, `language_id`, `name`) VALUES (251, 'en', 'Stuttgart');
INSERT INTO `city_translation` (`city_id`, `language_id`, `name`) VALUES (252, 'en', 'Sydney');
INSERT INTO `city_translation` (`city_id`, `language_id`, `name`) VALUES (253, 'en', 'Syracuse (East Syracuse)');
INSERT INTO `city_translation` (`city_id`, `language_id`, `name`) VALUES (254, 'en', 'Tacoma (University Place)');
INSERT INTO `city_translation` (`city_id`, `language_id`, `name`) VALUES (255, 'en', 'Tallahassee');
INSERT INTO `city_translation` (`city_id`, `language_id`, `name`) VALUES (256, 'en', 'Tamarac (Corp Office)');
INSERT INTO `city_translation` (`city_id`, `language_id`, `name`) VALUES (257, 'en', 'Tampa');
INSERT INTO `city_translation` (`city_id`, `language_id`, `name`) VALUES (258, 'en', 'Temple');
INSERT INTO `city_translation` (`city_id`, `language_id`, `name`) VALUES (259, 'en', 'The Woodlands');
INSERT INTO `city_translation` (`city_id`, `language_id`, `name`) VALUES (260, 'en', 'Toronto');
INSERT INTO `city_translation` (`city_id`, `language_id`, `name`) VALUES (261, 'en', 'Troisdorf');
INSERT INTO `city_translation` (`city_id`, `language_id`, `name`) VALUES (262, 'en', 'Tucson');
INSERT INTO `city_translation` (`city_id`, `language_id`, `name`) VALUES (263, 'en', 'Tulsa');
INSERT INTO `city_translation` (`city_id`, `language_id`, `name`) VALUES (264, 'en', 'Tyler');
INSERT INTO `city_translation` (`city_id`, `language_id`, `name`) VALUES (265, 'en', 'Ulm');
INSERT INTO `city_translation` (`city_id`, `language_id`, `name`) VALUES (266, 'en', 'Vero Beach');
INSERT INTO `city_translation` (`city_id`, `language_id`, `name`) VALUES (267, 'en', 'Wallingford');
INSERT INTO `city_translation` (`city_id`, `language_id`, `name`) VALUES (268, 'en', 'Walnut');
INSERT INTO `city_translation` (`city_id`, `language_id`, `name`) VALUES (269, 'en', 'Wals-Siezenheim');
INSERT INTO `city_translation` (`city_id`, `language_id`, `name`) VALUES (270, 'en', 'Washington');
INSERT INTO `city_translation` (`city_id`, `language_id`, `name`) VALUES (271, 'en', 'Waukesha');
INSERT INTO `city_translation` (`city_id`, `language_id`, `name`) VALUES (272, 'en', 'Western Babylon');
INSERT INTO `city_translation` (`city_id`, `language_id`, `name`) VALUES (273, 'en', 'West Babylon (Long Island)');
INSERT INTO `city_translation` (`city_id`, `language_id`, `name`) VALUES (274, 'en', 'West Sacramento');
INSERT INTO `city_translation` (`city_id`, `language_id`, `name`) VALUES (275, 'en', 'Westchester');
INSERT INTO `city_translation` (`city_id`, `language_id`, `name`) VALUES (276, 'en', 'Westerville');
INSERT INTO `city_translation` (`city_id`, `language_id`, `name`) VALUES (277, 'en', 'Westwood');
INSERT INTO `city_translation` (`city_id`, `language_id`, `name`) VALUES (278, 'en', 'Wichita');
INSERT INTO `city_translation` (`city_id`, `language_id`, `name`) VALUES (279, 'en', 'Vienna');
INSERT INTO `city_translation` (`city_id`, `language_id`, `name`) VALUES (280, 'en', 'Wilmington');
INSERT INTO `city_translation` (`city_id`, `language_id`, `name`) VALUES (281, 'en', 'Woodside');
INSERT INTO `city_translation` (`city_id`, `language_id`, `name`) VALUES (282, 'en', 'Yangon');
INSERT INTO `city_translation` (`city_id`, `language_id`, `name`) VALUES (283, 'en', 'York');
INSERT INTO `city_translation` (`city_id`, `language_id`, `name`) VALUES (284, 'en', 'Zollikofen');
INSERT INTO `city_translation` (`city_id`, `language_id`, `name`) VALUES (285, 'en', 'Clamps');
INSERT INTO `city_translation` (`city_id`, `language_id`, `name`) VALUES (286, 'en', 'Eggenfelden');
INSERT INTO `city_translation` (`city_id`, `language_id`, `name`) VALUES (287, 'en', 'Baoji');
INSERT INTO `city_translation` (`city_id`, `language_id`, `name`) VALUES (288, 'en', 'Beijing');
INSERT INTO `city_translation` (`city_id`, `language_id`, `name`) VALUES (289, 'en', 'Changchun');
INSERT INTO `city_translation` (`city_id`, `language_id`, `name`) VALUES (290, 'en', 'Changsha');
INSERT INTO `city_translation` (`city_id`, `language_id`, `name`) VALUES (291, 'en', 'Changzhou');
INSERT INTO `city_translation` (`city_id`, `language_id`, `name`) VALUES (292, 'en', 'Chengdu');
INSERT INTO `city_translation` (`city_id`, `language_id`, `name`) VALUES (293, 'en', 'Chongqing');
INSERT INTO `city_translation` (`city_id`, `language_id`, `name`) VALUES (294, 'en', 'Dalian');
INSERT INTO `city_translation` (`city_id`, `language_id`, `name`) VALUES (295, 'en', 'Dazhou');
INSERT INTO `city_translation` (`city_id`, `language_id`, `name`) VALUES (296, 'en', 'Dezhou');
INSERT INTO `city_translation` (`city_id`, `language_id`, `name`) VALUES (297, 'en', 'Dongguan');
INSERT INTO `city_translation` (`city_id`, `language_id`, `name`) VALUES (298, 'en', 'Ezhou');
INSERT INTO `city_translation` (`city_id`, `language_id`, `name`) VALUES (299, 'en', 'Enshi');
INSERT INTO `city_translation` (`city_id`, `language_id`, `name`) VALUES (300, 'en', 'Foshan');
INSERT INTO `city_translation` (`city_id`, `language_id`, `name`) VALUES (301, 'en', 'Fuyang');
INSERT INTO `city_translation` (`city_id`, `language_id`, `name`) VALUES (302, 'en', 'Fuzhou');
INSERT INTO `city_translation` (`city_id`, `language_id`, `name`) VALUES (303, 'en', 'FuZhou TEC_NC');
INSERT INTO `city_translation` (`city_id`, `language_id`, `name`) VALUES (304, 'en', 'Guangzhou');
INSERT INTO `city_translation` (`city_id`, `language_id`, `name`) VALUES (305, 'en', 'Guiyang');
INSERT INTO `city_translation` (`city_id`, `language_id`, `name`) VALUES (306, 'en', 'Haerbin');
INSERT INTO `city_translation` (`city_id`, `language_id`, `name`) VALUES (307, 'en', 'Haikou');
INSERT INTO `city_translation` (`city_id`, `language_id`, `name`) VALUES (308, 'en', 'Handan');
INSERT INTO `city_translation` (`city_id`, `language_id`, `name`) VALUES (309, 'en', 'Hangzhou');
INSERT INTO `city_translation` (`city_id`, `language_id`, `name`) VALUES (310, 'en', 'Hanzhong');
INSERT INTO `city_translation` (`city_id`, `language_id`, `name`) VALUES (311, 'en', 'Hebi');
INSERT INTO `city_translation` (`city_id`, `language_id`, `name`) VALUES (312, 'en', 'Hefei');
INSERT INTO `city_translation` (`city_id`, `language_id`, `name`) VALUES (313, 'en', 'Hohhot');
INSERT INTO `city_translation` (`city_id`, `language_id`, `name`) VALUES (314, 'en', 'Huizhou');
INSERT INTO `city_translation` (`city_id`, `language_id`, `name`) VALUES (315, 'en', 'Jiaozuo');
INSERT INTO `city_translation` (`city_id`, `language_id`, `name`) VALUES (316, 'en', 'Jiaxing');
INSERT INTO `city_translation` (`city_id`, `language_id`, `name`) VALUES (317, 'en', 'Jinan');
INSERT INTO `city_translation` (`city_id`, `language_id`, `name`) VALUES (318, 'en', 'Jingan');
INSERT INTO `city_translation` (`city_id`, `language_id`, `name`) VALUES (319, 'en', 'Jingzhou');
INSERT INTO `city_translation` (`city_id`, `language_id`, `name`) VALUES (320, 'en', 'Jinhua');
INSERT INTO `city_translation` (`city_id`, `language_id`, `name`) VALUES (321, 'en', 'Jining');
INSERT INTO `city_translation` (`city_id`, `language_id`, `name`) VALUES (322, 'en', 'Jinzhou');
INSERT INTO `city_translation` (`city_id`, `language_id`, `name`) VALUES (323, 'en', 'Jiujiang');
INSERT INTO `city_translation` (`city_id`, `language_id`, `name`) VALUES (324, 'en', 'Kunming');
INSERT INTO `city_translation` (`city_id`, `language_id`, `name`) VALUES (325, 'en', 'Kunshan');
INSERT INTO `city_translation` (`city_id`, `language_id`, `name`) VALUES (326, 'en', 'Langfang');
INSERT INTO `city_translation` (`city_id`, `language_id`, `name`) VALUES (327, 'en', 'Lanzhou');
INSERT INTO `city_translation` (`city_id`, `language_id`, `name`) VALUES (328, 'en', 'Leshan');
INSERT INTO `city_translation` (`city_id`, `language_id`, `name`) VALUES (329, 'en', 'Lhasa');
INSERT INTO `city_translation` (`city_id`, `language_id`, `name`) VALUES (330, 'en', 'Liuzhou');
INSERT INTO `city_translation` (`city_id`, `language_id`, `name`) VALUES (331, 'en', 'Luoyang');
INSERT INTO `city_translation` (`city_id`, `language_id`, `name`) VALUES (332, 'en', 'Luzhou');
INSERT INTO `city_translation` (`city_id`, `language_id`, `name`) VALUES (333, 'en', 'Mianyang');
INSERT INTO `city_translation` (`city_id`, `language_id`, `name`) VALUES (334, 'en', 'Multi');
INSERT INTO `city_translation` (`city_id`, `language_id`, `name`) VALUES (335, 'en', 'Nanchang');
INSERT INTO `city_translation` (`city_id`, `language_id`, `name`) VALUES (336, 'en', 'Nanchong');
INSERT INTO `city_translation` (`city_id`, `language_id`, `name`) VALUES (337, 'en', 'Nanjing');
INSERT INTO `city_translation` (`city_id`, `language_id`, `name`) VALUES (338, 'en', 'Nanning');
INSERT INTO `city_translation` (`city_id`, `language_id`, `name`) VALUES (339, 'en', 'Nantong');
INSERT INTO `city_translation` (`city_id`, `language_id`, `name`) VALUES (340, 'en', 'Nanyang');
INSERT INTO `city_translation` (`city_id`, `language_id`, `name`) VALUES (341, 'en', 'Ningbo');
INSERT INTO `city_translation` (`city_id`, `language_id`, `name`) VALUES (342, 'en', 'Panzhihua');
INSERT INTO `city_translation` (`city_id`, `language_id`, `name`) VALUES (343, 'en', 'PuDong');
INSERT INTO `city_translation` (`city_id`, `language_id`, `name`) VALUES (344, 'en', 'Puyang');
INSERT INTO `city_translation` (`city_id`, `language_id`, `name`) VALUES (345, 'en', 'Qingdao');
INSERT INTO `city_translation` (`city_id`, `language_id`, `name`) VALUES (346, 'en', 'Sanya');
INSERT INTO `city_translation` (`city_id`, `language_id`, `name`) VALUES (347, 'en', 'Shanghai');
INSERT INTO `city_translation` (`city_id`, `language_id`, `name`) VALUES (348, 'en', 'Shangrao');
INSERT INTO `city_translation` (`city_id`, `language_id`, `name`) VALUES (349, 'en', 'Shantou');
INSERT INTO `city_translation` (`city_id`, `language_id`, `name`) VALUES (350, 'en', 'Shaoxing');
INSERT INTO `city_translation` (`city_id`, `language_id`, `name`) VALUES (351, 'en', 'Shenyang');
INSERT INTO `city_translation` (`city_id`, `language_id`, `name`) VALUES (352, 'en', 'Shenzhen');
INSERT INTO `city_translation` (`city_id`, `language_id`, `name`) VALUES (353, 'en', 'Shijiazhuang');
INSERT INTO `city_translation` (`city_id`, `language_id`, `name`) VALUES (354, 'en', 'Suzhou');
INSERT INTO `city_translation` (`city_id`, `language_id`, `name`) VALUES (355, 'en', 'Suzhou-SU');
INSERT INTO `city_translation` (`city_id`, `language_id`, `name`) VALUES (356, 'en', 'Taian');
INSERT INTO `city_translation` (`city_id`, `language_id`, `name`) VALUES (357, 'en', 'Taiyuan');
INSERT INTO `city_translation` (`city_id`, `language_id`, `name`) VALUES (358, 'en', 'Taizhou');
INSERT INTO `city_translation` (`city_id`, `language_id`, `name`) VALUES (359, 'en', 'Tangshan');
INSERT INTO `city_translation` (`city_id`, `language_id`, `name`) VALUES (360, 'en', 'Tianjin');
INSERT INTO `city_translation` (`city_id`, `language_id`, `name`) VALUES (361, 'en', 'Urumqi');
INSERT INTO `city_translation` (`city_id`, `language_id`, `name`) VALUES (362, 'en', 'Wanzhou');
INSERT INTO `city_translation` (`city_id`, `language_id`, `name`) VALUES (363, 'en', 'Weifang');
INSERT INTO `city_translation` (`city_id`, `language_id`, `name`) VALUES (364, 'en', 'Weinan');
INSERT INTO `city_translation` (`city_id`, `language_id`, `name`) VALUES (365, 'en', 'Wenzhou');
INSERT INTO `city_translation` (`city_id`, `language_id`, `name`) VALUES (366, 'en', 'Wuhan');
INSERT INTO `city_translation` (`city_id`, `language_id`, `name`) VALUES (367, 'en', 'Wuhu');
INSERT INTO `city_translation` (`city_id`, `language_id`, `name`) VALUES (368, 'en', 'Wuxi');
INSERT INTO `city_translation` (`city_id`, `language_id`, `name`) VALUES (369, 'en', 'Xiamen');
INSERT INTO `city_translation` (`city_id`, `language_id`, `name`) VALUES (370, 'en', 'Xian');
INSERT INTO `city_translation` (`city_id`, `language_id`, `name`) VALUES (371, 'en', 'Xianyang');
INSERT INTO `city_translation` (`city_id`, `language_id`, `name`) VALUES (372, 'en', 'Xiaogan');
INSERT INTO `city_translation` (`city_id`, `language_id`, `name`) VALUES (373, 'en', 'Xichang');
INSERT INTO `city_translation` (`city_id`, `language_id`, `name`) VALUES (374, 'en', 'Xining');
INSERT INTO `city_translation` (`city_id`, `language_id`, `name`) VALUES (375, 'en', 'Xinxiang');
INSERT INTO `city_translation` (`city_id`, `language_id`, `name`) VALUES (376, 'en', 'Xinyang');
INSERT INTO `city_translation` (`city_id`, `language_id`, `name`) VALUES (377, 'en', 'Xuzhou');
INSERT INTO `city_translation` (`city_id`, `language_id`, `name`) VALUES (378, 'en', 'Yantai');
INSERT INTO `city_translation` (`city_id`, `language_id`, `name`) VALUES (379, 'en', 'Yinchuan');
INSERT INTO `city_translation` (`city_id`, `language_id`, `name`) VALUES (380, 'en', 'Yulin');
INSERT INTO `city_translation` (`city_id`, `language_id`, `name`) VALUES (381, 'en', 'Zhengzhou');
INSERT INTO `city_translation` (`city_id`, `language_id`, `name`) VALUES (382, 'en', 'Zhenjiang');
INSERT INTO `city_translation` (`city_id`, `language_id`, `name`) VALUES (383, 'en', 'Zhongshan');
INSERT INTO `city_translation` (`city_id`, `language_id`, `name`) VALUES (384, 'en', 'Zhuhai');
INSERT INTO `city_translation` (`city_id`, `language_id`, `name`) VALUES (385, 'en', 'Zhuzhou');
INSERT INTO `city_translation` (`city_id`, `language_id`, `name`) VALUES (386, 'en', 'Zunyi');
INSERT INTO `city_translation` (`city_id`, `language_id`, `name`) VALUES (387, 'en', 'Florenz');
INSERT INTO `city_translation` (`city_id`, `language_id`, `name`) VALUES (388, 'en', 'Fort Worth');
INSERT INTO `city_translation` (`city_id`, `language_id`, `name`) VALUES (389, 'en', 'Annone di Brianza');
INSERT INTO `city_translation` (`city_id`, `language_id`, `name`) VALUES (390, 'en', 'Morbegno');
INSERT INTO `city_translation` (`city_id`, `language_id`, `name`) VALUES (391, 'en', 'Modena');
INSERT INTO `city_translation` (`city_id`, `language_id`, `name`) VALUES (392, 'en', 'Cagliari');
INSERT INTO `city_translation` (`city_id`, `language_id`, `name`) VALUES (393, 'en', 'Brescia');
INSERT INTO `city_translation` (`city_id`, `language_id`, `name`) VALUES (394, 'en', 'Vicenza');
INSERT INTO `city_translation` (`city_id`, `language_id`, `name`) VALUES (395, 'en', 'Mezzolombardo (TN)');
INSERT INTO `city_translation` (`city_id`, `language_id`, `name`) VALUES (396, 'en', 'Rimini');
INSERT INTO `city_translation` (`city_id`, `language_id`, `name`) VALUES (397, 'en', 'Settimo di Pescantina (VR)');
INSERT INTO `city_translation` (`city_id`, `language_id`, `name`) VALUES (398, 'en', 'Naples');
INSERT INTO `city_translation` (`city_id`, `language_id`, `name`) VALUES (399, 'en', 'Peschiera Borromeo (MI)');
INSERT INTO `city_translation` (`city_id`, `language_id`, `name`) VALUES (400, 'en', 'Alexandria');
INSERT INTO `city_translation` (`city_id`, `language_id`, `name`) VALUES (401, 'en', 'Rom');
INSERT INTO `city_translation` (`city_id`, `language_id`, `name`) VALUES (402, 'en', 'Mestre');
INSERT INTO `city_translation` (`city_id`, `language_id`, `name`) VALUES (403, 'en', 'Turin');
INSERT INTO `city_translation` (`city_id`, `language_id`, `name`) VALUES (404, 'en', 'Imperia');
INSERT INTO `city_translation` (`city_id`, `language_id`, `name`) VALUES (405, 'en', 'Catania');
INSERT INTO `city_translation` (`city_id`, `language_id`, `name`) VALUES (406, 'en', 'Fort Wayne');
INSERT INTO `city_translation` (`city_id`, `language_id`, `name`) VALUES (407, 'en', 'Omaha');
INSERT INTO `city_translation` (`city_id`, `language_id`, `name`) VALUES (408, 'en', 'Des Moines');
INSERT INTO `city_translation` (`city_id`, `language_id`, `name`) VALUES (409, 'en', 'San Francisco');
INSERT INTO `city_translation` (`city_id`, `language_id`, `name`) VALUES (410, 'en', 'Egg Harbor Township');
INSERT INTO `city_translation` (`city_id`, `language_id`, `name`) VALUES (411, 'en', 'Shrewsbury');
INSERT INTO `city_translation` (`city_id`, `language_id`, `name`) VALUES (412, 'en', 'Springfield (IL)');
INSERT INTO `city_translation` (`city_id`, `language_id`, `name`) VALUES (413, 'en', 'Hollins');
INSERT INTO `city_translation` (`city_id`, `language_id`, `name`) VALUES (414, 'en', 'Edison');
INSERT INTO `city_translation` (`city_id`, `language_id`, `name`) VALUES (415, 'en', 'Hong Kong');
INSERT INTO `city_translation` (`city_id`, `language_id`, `name`) VALUES (416, 'en', 'Olive Branch');
INSERT INTO `city_translation` (`city_id`, `language_id`, `name`) VALUES (417, 'en', 'Riccione');
INSERT INTO `city_translation` (`city_id`, `language_id`, `name`) VALUES (418, 'en', 'Madrid');
INSERT INTO `city_translation` (`city_id`, `language_id`, `name`) VALUES (419, 'en', 'Sintra');
INSERT INTO `city_translation` (`city_id`, `language_id`, `name`) VALUES (420, 'en', 'Mieres');
INSERT INTO `city_translation` (`city_id`, `language_id`, `name`) VALUES (421, 'en', 'Guang\'an');
INSERT INTO `city_translation` (`city_id`, `language_id`, `name`) VALUES (99999, 'en', 'No city');

INSERT INTO `city_translation` (`city_id`, `language_id`, `name`) VALUES (1, 'zh', '艾迪生');
INSERT INTO `city_translation` (`city_id`, `language_id`, `name`) VALUES (2, 'zh', '阿尔布开克');
INSERT INTO `city_translation` (`city_id`, `language_id`, `name`) VALUES (3, 'zh', '亚历山大');
INSERT INTO `city_translation` (`city_id`, `language_id`, `name`) VALUES (4, 'zh', '阿伦顿');
INSERT INTO `city_translation` (`city_id`, `language_id`, `name`) VALUES (5, 'zh', '阿尔法利塔');
INSERT INTO `city_translation` (`city_id`, `language_id`, `name`) VALUES (6, 'zh', '阿纳海姆');
INSERT INTO `city_translation` (`city_id`, `language_id`, `name`) VALUES (7, 'zh', '安克雷奇');
INSERT INTO `city_translation` (`city_id`, `language_id`, `name`) VALUES (8, 'zh', '亚什兰');
INSERT INTO `city_translation` (`city_id`, `language_id`, `name`) VALUES (9, 'zh', '亚特兰大');
INSERT INTO `city_translation` (`city_id`, `language_id`, `name`) VALUES (10, 'zh', '奥本山');
INSERT INTO `city_translation` (`city_id`, `language_id`, `name`) VALUES (11, 'zh', '奥格斯堡');
INSERT INTO `city_translation` (`city_id`, `language_id`, `name`) VALUES (12, 'zh', '奥斯汀');
INSERT INTO `city_translation` (`city_id`, `language_id`, `name`) VALUES (13, 'zh', '贝克斯菲尔德');
INSERT INTO `city_translation` (`city_id`, `language_id`, `name`) VALUES (14, 'zh', '曼谷');
INSERT INTO `city_translation` (`city_id`, `language_id`, `name`) VALUES (15, 'zh', '巴吞鲁日');
INSERT INTO `city_translation` (`city_id`, `language_id`, `name`) VALUES (16, 'zh', '拜罗伊特');
INSERT INTO `city_translation` (`city_id`, `language_id`, `name`) VALUES (17, 'zh', '贝尔格莱德');
INSERT INTO `city_translation` (`city_id`, `language_id`, `name`) VALUES (18, 'zh', '贝尔维尤');
INSERT INTO `city_translation` (`city_id`, `language_id`, `name`) VALUES (19, 'zh', '贝洛奥里藏特');
INSERT INTO `city_translation` (`city_id`, `language_id`, `name`) VALUES (20, 'zh', '柏林');
INSERT INTO `city_translation` (`city_id`, `language_id`, `name`) VALUES (21, 'zh', 'Bessemer');
INSERT INTO `city_translation` (`city_id`, `language_id`, `name`) VALUES (22, 'zh', 'Bethpage');
INSERT INTO `city_translation` (`city_id`, `language_id`, `name`) VALUES (23, 'zh', '比勒费尔德');
INSERT INTO `city_translation` (`city_id`, `language_id`, `name`) VALUES (24, 'zh', '伯明翰');
INSERT INTO `city_translation` (`city_id`, `language_id`, `name`) VALUES (25, 'zh', '波鸿');
INSERT INTO `city_translation` (`city_id`, `language_id`, `name`) VALUES (26, 'zh', '博伊西');
INSERT INTO `city_translation` (`city_id`, `language_id`, `name`) VALUES (27, 'zh', '玻利瓦尔');
INSERT INTO `city_translation` (`city_id`, `language_id`, `name`) VALUES (28, 'zh', 'Bradenton');
INSERT INTO `city_translation` (`city_id`, `language_id`, `name`) VALUES (29, 'zh', '勃兰登堡-哈维尔');
INSERT INTO `city_translation` (`city_id`, `language_id`, `name`) VALUES (30, 'zh', '巴西利亚');
INSERT INTO `city_translation` (`city_id`, `language_id`, `name`) VALUES (31, 'zh', '不来梅');
INSERT INTO `city_translation` (`city_id`, `language_id`, `name`) VALUES (32, 'zh', '布鲁尔');
INSERT INTO `city_translation` (`city_id`, `language_id`, `name`) VALUES (33, 'zh', 'Broadview Heights');
INSERT INTO `city_translation` (`city_id`, `language_id`, `name`) VALUES (34, 'zh', '断箭');
INSERT INTO `city_translation` (`city_id`, `language_id`, `name`) VALUES (35, 'zh', '布斯海姆');
INSERT INTO `city_translation` (`city_id`, `language_id`, `name`) VALUES (36, 'zh', '布达佩斯');
INSERT INTO `city_translation` (`city_id`, `language_id`, `name`) VALUES (37, 'zh', '水牛城');
INSERT INTO `city_translation` (`city_id`, `language_id`, `name`) VALUES (38, 'zh', '伯班克');
INSERT INTO `city_translation` (`city_id`, `language_id`, `name`) VALUES (39, 'zh', '卡尔加里');
INSERT INTO `city_translation` (`city_id`, `language_id`, `name`) VALUES (40, 'zh', '坎塔诺');
INSERT INTO `city_translation` (`city_id`, `language_id`, `name`) VALUES (41, 'zh', 'Capelle aan den Ijssel');
INSERT INTO `city_translation` (`city_id`, `language_id`, `name`) VALUES (42, 'zh', '塞里托斯');
INSERT INTO `city_translation` (`city_id`, `language_id`, `name`) VALUES (43, 'zh', '查尔斯顿');
INSERT INTO `city_translation` (`city_id`, `language_id`, `name`) VALUES (44, 'zh', '夏洛特');
INSERT INTO `city_translation` (`city_id`, `language_id`, `name`) VALUES (45, 'zh', '恰塔努加');
INSERT INTO `city_translation` (`city_id`, `language_id`, `name`) VALUES (46, 'zh', '契克托加');
INSERT INTO `city_translation` (`city_id`, `language_id`, `name`) VALUES (47, 'zh', '开姆尼茨');
INSERT INTO `city_translation` (`city_id`, `language_id`, `name`) VALUES (48, 'zh', '切萨皮克');
INSERT INTO `city_translation` (`city_id`, `language_id`, `name`) VALUES (49, 'zh', '芝加哥');
INSERT INTO `city_translation` (`city_id`, `language_id`, `name`) VALUES (50, 'zh', '辛辛那提');
INSERT INTO `city_translation` (`city_id`, `language_id`, `name`) VALUES (51, 'zh', 'Ciudad de Panama');
INSERT INTO `city_translation` (`city_id`, `language_id`, `name`) VALUES (52, 'zh', '克利夫兰');
INSERT INTO `city_translation` (`city_id`, `language_id`, `name`) VALUES (53, 'zh', '大学园');
INSERT INTO `city_translation` (`city_id`, `language_id`, `name`) VALUES (54, 'zh', 'Monzese科隆酒');
INSERT INTO `city_translation` (`city_id`, `language_id`, `name`) VALUES (55, 'zh', '科罗拉多泉');
INSERT INTO `city_translation` (`city_id`, `language_id`, `name`) VALUES (56, 'zh', '哥伦比亚');
INSERT INTO `city_translation` (`city_id`, `language_id`, `name`) VALUES (57, 'zh', '哥伦布');
INSERT INTO `city_translation` (`city_id`, `language_id`, `name`) VALUES (58, 'zh', '科佩尔');
INSERT INTO `city_translation` (`city_id`, `language_id`, `name`) VALUES (59, 'zh', '科珀斯克里斯蒂');
INSERT INTO `city_translation` (`city_id`, `language_id`, `name`) VALUES (60, 'zh', '棉花林高地');
INSERT INTO `city_translation` (`city_id`, `language_id`, `name`) VALUES (61, 'zh', '克兰福德');
INSERT INTO `city_translation` (`city_id`, `language_id`, `name`) VALUES (62, 'zh', '达拉斯');
INSERT INTO `city_translation` (`city_id`, `language_id`, `name`) VALUES (63, 'zh', '达姆施塔特');
INSERT INTO `city_translation` (`city_id`, `language_id`, `name`) VALUES (64, 'zh', '达特茅斯');
INSERT INTO `city_translation` (`city_id`, `language_id`, `name`) VALUES (65, 'zh', '登克林根');
INSERT INTO `city_translation` (`city_id`, `language_id`, `name`) VALUES (66, 'zh', '丹佛');
INSERT INTO `city_translation` (`city_id`, `language_id`, `name`) VALUES (67, 'zh', '底特律');
INSERT INTO `city_translation` (`city_id`, `language_id`, `name`) VALUES (68, 'zh', '多特蒙德');
INSERT INTO `city_translation` (`city_id`, `language_id`, `name`) VALUES (69, 'zh', '唐斯格罗夫');
INSERT INTO `city_translation` (`city_id`, `language_id`, `name`) VALUES (70, 'zh', '德累斯顿');
INSERT INTO `city_translation` (`city_id`, `language_id`, `name`) VALUES (71, 'zh', '邓伍迪');
INSERT INTO `city_translation` (`city_id`, `language_id`, `name`) VALUES (72, 'zh', '杜塞尔多夫');
INSERT INTO `city_translation` (`city_id`, `language_id`, `name`) VALUES (73, 'zh', '埃尔卡洪');
INSERT INTO `city_translation` (`city_id`, `language_id`, `name`) VALUES (74, 'zh', '埃尔帕索');
INSERT INTO `city_translation` (`city_id`, `language_id`, `name`) VALUES (75, 'zh', '埃尔福特');
INSERT INTO `city_translation` (`city_id`, `language_id`, `name`) VALUES (76, 'zh', '食品');
INSERT INTO `city_translation` (`city_id`, `language_id`, `name`) VALUES (77, 'zh', '埃斯林根');
INSERT INTO `city_translation` (`city_id`, `language_id`, `name`) VALUES (78, 'zh', '尤金');
INSERT INTO `city_translation` (`city_id`, `language_id`, `name`) VALUES (79, 'zh', '埃文斯维尔');
INSERT INTO `city_translation` (`city_id`, `language_id`, `name`) VALUES (80, 'zh', '埃弗雷特');
INSERT INTO `city_translation` (`city_id`, `language_id`, `name`) VALUES (81, 'zh', '法戈');
INSERT INTO `city_translation` (`city_id`, `language_id`, `name`) VALUES (82, 'zh', 'Feldkirchen');
INSERT INTO `city_translation` (`city_id`, `language_id`, `name`) VALUES (83, 'zh', '费尔巴哈');
INSERT INTO `city_translation` (`city_id`, `language_id`, `name`) VALUES (84, 'zh', 'Filderstadt');
INSERT INTO `city_translation` (`city_id`, `language_id`, `name`) VALUES (85, 'zh', 'Foggia');
INSERT INTO `city_translation` (`city_id`, `language_id`, `name`) VALUES (86, 'zh', '森林');
INSERT INTO `city_translation` (`city_id`, `language_id`, `name`) VALUES (87, 'zh', '科林斯堡');
INSERT INTO `city_translation` (`city_id`, `language_id`, `name`) VALUES (88, 'zh', '福塔莱萨');
INSERT INTO `city_translation` (`city_id`, `language_id`, `name`) VALUES (89, 'zh', '美因河畔法兰克福');
INSERT INTO `city_translation` (`city_id`, `language_id`, `name`) VALUES (90, 'zh', '弗莱堡');
INSERT INTO `city_translation` (`city_id`, `language_id`, `name`) VALUES (91, 'zh', '弗雷斯诺');
INSERT INTO `city_translation` (`city_id`, `language_id`, `name`) VALUES (92, 'zh', '弗里斯科');
INSERT INTO `city_translation` (`city_id`, `language_id`, `name`) VALUES (93, 'zh', '劳德代尔堡');
INSERT INTO `city_translation` (`city_id`, `language_id`, `name`) VALUES (94, 'zh', 'Ft. Myers');
INSERT INTO `city_translation` (`city_id`, `language_id`, `name`) VALUES (95, 'zh', 'Ft. Worth');
INSERT INTO `city_translation` (`city_id`, `language_id`, `name`) VALUES (96, 'zh', 'Fürth');
INSERT INTO `city_translation` (`city_id`, `language_id`, `name`) VALUES (97, 'zh', 'Fulda');
INSERT INTO `city_translation` (`city_id`, `language_id`, `name`) VALUES (98, 'zh', '盖恩斯维尔');
INSERT INTO `city_translation` (`city_id`, `language_id`, `name`) VALUES (99, 'zh', '日尔曼镇');
INSERT INTO `city_translation` (`city_id`, `language_id`, `name`) VALUES (100, 'zh', 'Gieen');
INSERT INTO `city_translation` (`city_id`, `language_id`, `name`) VALUES (101, 'zh', '银根');
INSERT INTO `city_translation` (`city_id`, `language_id`, `name`) VALUES (102, 'zh', '金斯海姆');
INSERT INTO `city_translation` (`city_id`, `language_id`, `name`) VALUES (103, 'zh', 'Gochsheim');
INSERT INTO `city_translation` (`city_id`, `language_id`, `name`) VALUES (104, 'zh', '戈勒塔');
INSERT INTO `city_translation` (`city_id`, `language_id`, `name`) VALUES (105, 'zh', '大急流城');
INSERT INTO `city_translation` (`city_id`, `language_id`, `name`) VALUES (106, 'zh', '格拉茨');
INSERT INTO `city_translation` (`city_id`, `language_id`, `name`) VALUES (107, 'zh', '格林斯博罗');
INSERT INTO `city_translation` (`city_id`, `language_id`, `name`) VALUES (108, 'zh', '格林维尔');
INSERT INTO `city_translation` (`city_id`, `language_id`, `name`) VALUES (109, 'zh', '绿林村');
INSERT INTO `city_translation` (`city_id`, `language_id`, `name`) VALUES (110, 'zh', '瓜伊巴');
INSERT INTO `city_translation` (`city_id`, `language_id`, `name`) VALUES (111, 'zh', '瓜伊巴-波尔图阿莱格雷');
INSERT INTO `city_translation` (`city_id`, `language_id`, `name`) VALUES (112, 'zh', 'Guarulhos');
INSERT INTO `city_translation` (`city_id`, `language_id`, `name`) VALUES (113, 'zh', '石膏');
INSERT INTO `city_translation` (`city_id`, `language_id`, `name`) VALUES (114, 'zh', 'Hallberg Moss');
INSERT INTO `city_translation` (`city_id`, `language_id`, `name`) VALUES (115, 'zh', '汉堡');
INSERT INTO `city_translation` (`city_id`, `language_id`, `name`) VALUES (116, 'zh', 'Hamm');
INSERT INTO `city_translation` (`city_id`, `language_id`, `name`) VALUES (117, 'zh', '汉诺威');
INSERT INTO `city_translation` (`city_id`, `language_id`, `name`) VALUES (118, 'zh', 'Harahan');
INSERT INTO `city_translation` (`city_id`, `language_id`, `name`) VALUES (119, 'zh', '海沃德');
INSERT INTO `city_translation` (`city_id`, `language_id`, `name`) VALUES (120, 'zh', '海尔布隆');
INSERT INTO `city_translation` (`city_id`, `language_id`, `name`) VALUES (121, 'zh', '天空之城');
INSERT INTO `city_translation` (`city_id`, `language_id`, `name`) VALUES (122, 'zh', '胡志明市');
INSERT INTO `city_translation` (`city_id`, `language_id`, `name`) VALUES (123, 'zh', '檀香山');
INSERT INTO `city_translation` (`city_id`, `language_id`, `name`) VALUES (124, 'zh', '胡佛');
INSERT INTO `city_translation` (`city_id`, `language_id`, `name`) VALUES (125, 'zh', '角湖');
INSERT INTO `city_translation` (`city_id`, `language_id`, `name`) VALUES (126, 'zh', '休斯敦');
INSERT INTO `city_translation` (`city_id`, `language_id`, `name`) VALUES (127, 'zh', '亨茨维尔');
INSERT INTO `city_translation` (`city_id`, `language_id`, `name`) VALUES (128, 'zh', 'Hürth');
INSERT INTO `city_translation` (`city_id`, `language_id`, `name`) VALUES (129, 'zh', '印第安纳波利斯');
INSERT INTO `city_translation` (`city_id`, `language_id`, `name`) VALUES (130, 'zh', '尔湾');
INSERT INTO `city_translation` (`city_id`, `language_id`, `name`) VALUES (131, 'zh', '伊森哈根旧书');
INSERT INTO `city_translation` (`city_id`, `language_id`, `name`) VALUES (132, 'zh', '伊斯坦布尔');
INSERT INTO `city_translation` (`city_id`, `language_id`, `name`) VALUES (133, 'zh', '杰克逊');
INSERT INTO `city_translation` (`city_id`, `language_id`, `name`) VALUES (134, 'zh', '杰克逊维尔');
INSERT INTO `city_translation` (`city_id`, `language_id`, `name`) VALUES (135, 'zh', '雅加达');
INSERT INTO `city_translation` (`city_id`, `language_id`, `name`) VALUES (136, 'zh', 'João Pessoa');
INSERT INTO `city_translation` (`city_id`, `language_id`, `name`) VALUES (137, 'zh', '朱诺');
INSERT INTO `city_translation` (`city_id`, `language_id`, `name`) VALUES (138, 'zh', '堪萨斯城');
INSERT INTO `city_translation` (`city_id`, `language_id`, `name`) VALUES (139, 'zh', '卡尔斯鲁厄');
INSERT INTO `city_translation` (`city_id`, `language_id`, `name`) VALUES (140, 'zh', '卡塞尔');
INSERT INTO `city_translation` (`city_id`, `language_id`, `name`) VALUES (141, 'zh', '肯尼索');
INSERT INTO `city_translation` (`city_id`, `language_id`, `name`) VALUES (142, 'zh', '基西');
INSERT INTO `city_translation` (`city_id`, `language_id`, `name`) VALUES (143, 'zh', '基尔');
INSERT INTO `city_translation` (`city_id`, `language_id`, `name`) VALUES (144, 'zh', '普鲁士国王');
INSERT INTO `city_translation` (`city_id`, `language_id`, `name`) VALUES (145, 'zh', '柯克兰');
INSERT INTO `city_translation` (`city_id`, `language_id`, `name`) VALUES (146, 'zh', '诺克斯维尔');
INSERT INTO `city_translation` (`city_id`, `language_id`, `name`) VALUES (147, 'zh', '科隆');
INSERT INTO `city_translation` (`city_id`, `language_id`, `name`) VALUES (148, 'zh', '压接在IJssel');
INSERT INTO `city_translation` (`city_id`, `language_id`, `name`) VALUES (149, 'zh', '吉隆坡');
INSERT INTO `city_translation` (`city_id`, `language_id`, `name`) VALUES (150, 'zh', '哈瓦苏湖市');
INSERT INTO `city_translation` (`city_id`, `language_id`, `name`) VALUES (151, 'zh', 'Langenhagen');
INSERT INTO `city_translation` (`city_id`, `language_id`, `name`) VALUES (152, 'zh', '拉斯维加斯');
INSERT INTO `city_translation` (`city_id`, `language_id`, `name`) VALUES (153, 'zh', 'Leinfelden-Echterdingen');
INSERT INTO `city_translation` (`city_id`, `language_id`, `name`) VALUES (154, 'zh', '莱比锡');
INSERT INTO `city_translation` (`city_id`, `language_id`, `name`) VALUES (155, 'zh', '列尼沙');
INSERT INTO `city_translation` (`city_id`, `language_id`, `name`) VALUES (156, 'zh', '兰顿，诺丁汉');
INSERT INTO `city_translation` (`city_id`, `language_id`, `name`) VALUES (157, 'zh', '列克星敦');
INSERT INTO `city_translation` (`city_id`, `language_id`, `name`) VALUES (158, 'zh', '林肯');
INSERT INTO `city_translation` (`city_id`, `language_id`, `name`) VALUES (159, 'zh', '菊花');
INSERT INTO `city_translation` (`city_id`, `language_id`, `name`) VALUES (160, 'zh', '李尔');
INSERT INTO `city_translation` (`city_id`, `language_id`, `name`) VALUES (161, 'zh', '小石城');
INSERT INTO `city_translation` (`city_id`, `language_id`, `name`) VALUES (162, 'zh', '利沃尼亚');
INSERT INTO `city_translation` (`city_id`, `language_id`, `name`) VALUES (163, 'zh', '洛根');
INSERT INTO `city_translation` (`city_id`, `language_id`, `name`) VALUES (164, 'zh', '伦巴第');
INSERT INTO `city_translation` (`city_id`, `language_id`, `name`) VALUES (165, 'zh', '长岛');
INSERT INTO `city_translation` (`city_id`, `language_id`, `name`) VALUES (166, 'zh', 'Lorton（NOVA）');
INSERT INTO `city_translation` (`city_id`, `language_id`, `name`) VALUES (167, 'zh', '洛杉矶');
INSERT INTO `city_translation` (`city_id`, `language_id`, `name`) VALUES (168, 'zh', '路易斯维尔');
INSERT INTO `city_translation` (`city_id`, `language_id`, `name`) VALUES (169, 'zh', '卢博克');
INSERT INTO `city_translation` (`city_id`, `language_id`, `name`) VALUES (170, 'zh', '马卡帕');
INSERT INTO `city_translation` (`city_id`, `language_id`, `name`) VALUES (171, 'zh', '马塞约');
INSERT INTO `city_translation` (`city_id`, `language_id`, `name`) VALUES (172, 'zh', '马孔');
INSERT INTO `city_translation` (`city_id`, `language_id`, `name`) VALUES (173, 'zh', '麦迪逊');
INSERT INTO `city_translation` (`city_id`, `language_id`, `name`) VALUES (174, 'zh', '马格德堡');
INSERT INTO `city_translation` (`city_id`, `language_id`, `name`) VALUES (175, 'zh', '马瑙斯');
INSERT INTO `city_translation` (`city_id`, `language_id`, `name`) VALUES (176, 'zh', '曼彻斯特');
INSERT INTO `city_translation` (`city_id`, `language_id`, `name`) VALUES (177, 'zh', '曼海姆');
INSERT INTO `city_translation` (`city_id`, `language_id`, `name`) VALUES (178, 'zh', '玛丽埃塔');
INSERT INTO `city_translation` (`city_id`, `language_id`, `name`) VALUES (179, 'zh', 'Markkleeberg');
INSERT INTO `city_translation` (`city_id`, `language_id`, `name`) VALUES (180, 'zh', '孟菲斯');
INSERT INTO `city_translation` (`city_id`, `language_id`, `name`) VALUES (181, 'zh', '迈阿密');
INSERT INTO `city_translation` (`city_id`, `language_id`, `name`) VALUES (182, 'zh', '米德尔顿');
INSERT INTO `city_translation` (`city_id`, `language_id`, `name`) VALUES (183, 'zh', '中原');
INSERT INTO `city_translation` (`city_id`, `language_id`, `name`) VALUES (184, 'zh', '明尼阿波利斯');
INSERT INTO `city_translation` (`city_id`, `language_id`, `name`) VALUES (185, 'zh', '蒙克顿');
INSERT INTO `city_translation` (`city_id`, `language_id`, `name`) VALUES (186, 'zh', '莫斯科');
INSERT INTO `city_translation` (`city_id`, `language_id`, `name`) VALUES (187, 'zh', 'Móstoles');
INSERT INTO `city_translation` (`city_id`, `language_id`, `name`) VALUES (188, 'zh', '慕尼黑');
INSERT INTO `city_translation` (`city_id`, `language_id`, `name`) VALUES (190, 'zh', '明斯特');
INSERT INTO `city_translation` (`city_id`, `language_id`, `name`) VALUES (191, 'zh', '默特尔海滩');
INSERT INTO `city_translation` (`city_id`, `language_id`, `name`) VALUES (192, 'zh', '纳什维尔');
INSERT INTO `city_translation` (`city_id`, `language_id`, `name`) VALUES (193, 'zh', '拿骚');
INSERT INTO `city_translation` (`city_id`, `language_id`, `name`) VALUES (194, 'zh', '全国范围');
INSERT INTO `city_translation` (`city_id`, `language_id`, `name`) VALUES (195, 'zh', '诺伊豪森');
INSERT INTO `city_translation` (`city_id`, `language_id`, `name`) VALUES (196, 'zh', '诺伊斯');
INSERT INTO `city_translation` (`city_id`, `language_id`, `name`) VALUES (197, 'zh', '纽黑文(奥兰治)');
INSERT INTO `city_translation` (`city_id`, `language_id`, `name`) VALUES (198, 'zh', '新奥尔良');
INSERT INTO `city_translation` (`city_id`, `language_id`, `name`) VALUES (199, 'zh', '纽约');
INSERT INTO `city_translation` (`city_id`, `language_id`, `name`) VALUES (200, 'zh', '诺福克');
INSERT INTO `city_translation` (`city_id`, `language_id`, `name`) VALUES (201, 'zh', '北木');
INSERT INTO `city_translation` (`city_id`, `language_id`, `name`) VALUES (202, 'zh', 'NRW');
INSERT INTO `city_translation` (`city_id`, `language_id`, `name`) VALUES (203, 'zh', '纽伦堡');
INSERT INTO `city_translation` (`city_id`, `language_id`, `name`) VALUES (204, 'zh', '俄克拉荷马城');
INSERT INTO `city_translation` (`city_id`, `language_id`, `name`) VALUES (205, 'zh', '奥兰多');
INSERT INTO `city_translation` (`city_id`, `language_id`, `name`) VALUES (206, 'zh', '奥斯陆');
INSERT INTO `city_translation` (`city_id`, `language_id`, `name`) VALUES (207, 'zh', '彭萨科拉');
INSERT INTO `city_translation` (`city_id`, `language_id`, `name`) VALUES (208, 'zh', '皮奥里亚');
INSERT INTO `city_translation` (`city_id`, `language_id`, `name`) VALUES (209, 'zh', '八打灵再也');
INSERT INTO `city_translation` (`city_id`, `language_id`, `name`) VALUES (210, 'zh', '费城');
INSERT INTO `city_translation` (`city_id`, `language_id`, `name`) VALUES (211, 'zh', '凤凰城');
INSERT INTO `city_translation` (`city_id`, `language_id`, `name`) VALUES (212, 'zh', '皮拉西卡巴');
INSERT INTO `city_translation` (`city_id`, `language_id`, `name`) VALUES (213, 'zh', '匹兹堡');
INSERT INTO `city_translation` (`city_id`, `language_id`, `name`) VALUES (214, 'zh', 'Plan-les-Ouates');
INSERT INTO `city_translation` (`city_id`, `language_id`, `name`) VALUES (215, 'zh', '庞帕诺海滩');
INSERT INTO `city_translation` (`city_id`, `language_id`, `name`) VALUES (216, 'zh', '波特兰');
INSERT INTO `city_translation` (`city_id`, `language_id`, `name`) VALUES (217, 'zh', '阿雷格里港');
INSERT INTO `city_translation` (`city_id`, `language_id`, `name`) VALUES (218, 'zh', '土耳其');
INSERT INTO `city_translation` (`city_id`, `language_id`, `name`) VALUES (219, 'zh', '罗利');
INSERT INTO `city_translation` (`city_id`, `language_id`, `name`) VALUES (220, 'zh', '累西腓');
INSERT INTO `city_translation` (`city_id`, `language_id`, `name`) VALUES (221, 'zh', '雷根斯堡');
INSERT INTO `city_translation` (`city_id`, `language_id`, `name`) VALUES (222, 'zh', '罗伊特林根');
INSERT INTO `city_translation` (`city_id`, `language_id`, `name`) VALUES (223, 'zh', '里奇兰');
INSERT INTO `city_translation` (`city_id`, `language_id`, `name`) VALUES (224, 'zh', '里士满');
INSERT INTO `city_translation` (`city_id`, `language_id`, `name`) VALUES (225, 'zh', '里维埃拉海滩');
INSERT INTO `city_translation` (`city_id`, `language_id`, `name`) VALUES (226, 'zh', '罗阿诺克');
INSERT INTO `city_translation` (`city_id`, `language_id`, `name`) VALUES (227, 'zh', '罗切斯特');
INSERT INTO `city_translation` (`city_id`, `language_id`, `name`) VALUES (228, 'zh', '罗斯托克');
INSERT INTO `city_translation` (`city_id`, `language_id`, `name`) VALUES (229, 'zh', '罗特韦尔');
INSERT INTO `city_translation` (`city_id`, `language_id`, `name`) VALUES (230, 'zh', 'Rümlang');
INSERT INTO `city_translation` (`city_id`, `language_id`, `name`) VALUES (231, 'zh', '萨尔布吕肯');
INSERT INTO `city_translation` (`city_id`, `language_id`, `name`) VALUES (232, 'zh', '盐湖城');
INSERT INTO `city_translation` (`city_id`, `language_id`, `name`) VALUES (233, 'zh', '圣安东尼奥');
INSERT INTO `city_translation` (`city_id`, `language_id`, `name`) VALUES (234, 'zh', '三藩市');
INSERT INTO `city_translation` (`city_id`, `language_id`, `name`) VALUES (235, 'zh', '圣何塞');
INSERT INTO `city_translation` (`city_id`, `language_id`, `name`) VALUES (236, 'zh', '圣莱安德罗(海沃德)');
INSERT INTO `city_translation` (`city_id`, `language_id`, `name`) VALUES (237, 'zh', '萨凡纳');
INSERT INTO `city_translation` (`city_id`, `language_id`, `name`) VALUES (238, 'zh', '士嘉堡');
INSERT INTO `city_translation` (`city_id`, `language_id`, `name`) VALUES (239, 'zh', '西雅图');
INSERT INTO `city_translation` (`city_id`, `language_id`, `name`) VALUES (240, 'zh', '什里夫波特');
INSERT INTO `city_translation` (`city_id`, `language_id`, `name`) VALUES (241, 'zh', '新加坡');
INSERT INTO `city_translation` (`city_id`, `language_id`, `name`) VALUES (242, 'zh', '唱歌');
INSERT INTO `city_translation` (`city_id`, `language_id`, `name`) VALUES (243, 'zh', '苏福尔斯');
INSERT INTO `city_translation` (`city_id`, `language_id`, `name`) VALUES (244, 'zh', '火花');
INSERT INTO `city_translation` (`city_id`, `language_id`, `name`) VALUES (245, 'zh', '斯波坎');
INSERT INTO `city_translation` (`city_id`, `language_id`, `name`) VALUES (246, 'zh', '斯普林菲尔德（奥扎克）');
INSERT INTO `city_translation` (`city_id`, `language_id`, `name`) VALUES (247, 'zh', '圣加仑');
INSERT INTO `city_translation` (`city_id`, `language_id`, `name`) VALUES (248, 'zh', '圣路易斯');
INSERT INTO `city_translation` (`city_id`, `language_id`, `name`) VALUES (249, 'zh', '斯德哥尔摩');
INSERT INTO `city_translation` (`city_id`, `language_id`, `name`) VALUES (250, 'zh', '主席');
INSERT INTO `city_translation` (`city_id`, `language_id`, `name`) VALUES (251, 'zh', '斯图加特');
INSERT INTO `city_translation` (`city_id`, `language_id`, `name`) VALUES (252, 'zh', '悉尼');
INSERT INTO `city_translation` (`city_id`, `language_id`, `name`) VALUES (253, 'zh', '锡拉库扎（东锡拉库扎）');
INSERT INTO `city_translation` (`city_id`, `language_id`, `name`) VALUES (254, 'zh', '塔科马(大学城)');
INSERT INTO `city_translation` (`city_id`, `language_id`, `name`) VALUES (255, 'zh', '塔拉哈西');
INSERT INTO `city_translation` (`city_id`, `language_id`, `name`) VALUES (256, 'zh', '添馬艦 (公司辦事處)');
INSERT INTO `city_translation` (`city_id`, `language_id`, `name`) VALUES (257, 'zh', '坦帕');
INSERT INTO `city_translation` (`city_id`, `language_id`, `name`) VALUES (258, 'zh', '寺庙');
INSERT INTO `city_translation` (`city_id`, `language_id`, `name`) VALUES (259, 'zh', '林地');
INSERT INTO `city_translation` (`city_id`, `language_id`, `name`) VALUES (260, 'zh', '多伦多');
INSERT INTO `city_translation` (`city_id`, `language_id`, `name`) VALUES (261, 'zh', 'Troisdorf');
INSERT INTO `city_translation` (`city_id`, `language_id`, `name`) VALUES (262, 'zh', '图森');
INSERT INTO `city_translation` (`city_id`, `language_id`, `name`) VALUES (263, 'zh', '塔尔萨');
INSERT INTO `city_translation` (`city_id`, `language_id`, `name`) VALUES (264, 'zh', '泰勒');
INSERT INTO `city_translation` (`city_id`, `language_id`, `name`) VALUES (265, 'zh', '乌尔姆');
INSERT INTO `city_translation` (`city_id`, `language_id`, `name`) VALUES (266, 'zh', '维罗海滩');
INSERT INTO `city_translation` (`city_id`, `language_id`, `name`) VALUES (267, 'zh', '沃灵福');
INSERT INTO `city_translation` (`city_id`, `language_id`, `name`) VALUES (268, 'zh', '胡桃木');
INSERT INTO `city_translation` (`city_id`, `language_id`, `name`) VALUES (269, 'zh', '瓦尔斯-谢岑海姆');
INSERT INTO `city_translation` (`city_id`, `language_id`, `name`) VALUES (270, 'zh', '华盛顿');
INSERT INTO `city_translation` (`city_id`, `language_id`, `name`) VALUES (271, 'zh', '沃凯沙');
INSERT INTO `city_translation` (`city_id`, `language_id`, `name`) VALUES (272, 'zh', '西巴比伦');
INSERT INTO `city_translation` (`city_id`, `language_id`, `name`) VALUES (273, 'zh', '西巴比伦（长岛）');
INSERT INTO `city_translation` (`city_id`, `language_id`, `name`) VALUES (274, 'zh', '西萨克拉门托');
INSERT INTO `city_translation` (`city_id`, `language_id`, `name`) VALUES (275, 'zh', '西切斯特');
INSERT INTO `city_translation` (`city_id`, `language_id`, `name`) VALUES (276, 'zh', '韦斯特维尔');
INSERT INTO `city_translation` (`city_id`, `language_id`, `name`) VALUES (277, 'zh', '西木');
INSERT INTO `city_translation` (`city_id`, `language_id`, `name`) VALUES (278, 'zh', '威奇塔');
INSERT INTO `city_translation` (`city_id`, `language_id`, `name`) VALUES (279, 'zh', '维也纳');
INSERT INTO `city_translation` (`city_id`, `language_id`, `name`) VALUES (280, 'zh', '威明顿');
INSERT INTO `city_translation` (`city_id`, `language_id`, `name`) VALUES (281, 'zh', '林边');
INSERT INTO `city_translation` (`city_id`, `language_id`, `name`) VALUES (282, 'zh', '仰光');
INSERT INTO `city_translation` (`city_id`, `language_id`, `name`) VALUES (283, 'zh', '约克');
INSERT INTO `city_translation` (`city_id`, `language_id`, `name`) VALUES (284, 'zh', 'Zollikofen');
INSERT INTO `city_translation` (`city_id`, `language_id`, `name`) VALUES (285, 'zh', '夾具');
INSERT INTO `city_translation` (`city_id`, `language_id`, `name`) VALUES (286, 'zh', 'Eggenfelden');
INSERT INTO `city_translation` (`city_id`, `language_id`, `name`) VALUES (287, 'zh', '宝鸡');
INSERT INTO `city_translation` (`city_id`, `language_id`, `name`) VALUES (288, 'zh', '北京');
INSERT INTO `city_translation` (`city_id`, `language_id`, `name`) VALUES (289, 'zh', '长春');
INSERT INTO `city_translation` (`city_id`, `language_id`, `name`) VALUES (290, 'zh', '长沙');
INSERT INTO `city_translation` (`city_id`, `language_id`, `name`) VALUES (291, 'zh', '常州');
INSERT INTO `city_translation` (`city_id`, `language_id`, `name`) VALUES (292, 'zh', '成友');
INSERT INTO `city_translation` (`city_id`, `language_id`, `name`) VALUES (293, 'zh', '重庆市');
INSERT INTO `city_translation` (`city_id`, `language_id`, `name`) VALUES (294, 'zh', '大连市');
INSERT INTO `city_translation` (`city_id`, `language_id`, `name`) VALUES (295, 'zh', '达州');
INSERT INTO `city_translation` (`city_id`, `language_id`, `name`) VALUES (296, 'zh', '德州');
INSERT INTO `city_translation` (`city_id`, `language_id`, `name`) VALUES (297, 'zh', '东莞市');
INSERT INTO `city_translation` (`city_id`, `language_id`, `name`) VALUES (298, 'zh', '鄂州');
INSERT INTO `city_translation` (`city_id`, `language_id`, `name`) VALUES (299, 'zh', '恩施');
INSERT INTO `city_translation` (`city_id`, `language_id`, `name`) VALUES (300, 'zh', '佛山市');
INSERT INTO `city_translation` (`city_id`, `language_id`, `name`) VALUES (301, 'zh', '富阳');
INSERT INTO `city_translation` (`city_id`, `language_id`, `name`) VALUES (302, 'zh', '福州');
INSERT INTO `city_translation` (`city_id`, `language_id`, `name`) VALUES (303, 'zh', '福州 TEC_NC');
INSERT INTO `city_translation` (`city_id`, `language_id`, `name`) VALUES (304, 'zh', '广州');
INSERT INTO `city_translation` (`city_id`, `language_id`, `name`) VALUES (305, 'zh', '贵阳');
INSERT INTO `city_translation` (`city_id`, `language_id`, `name`) VALUES (306, 'zh', '哈尔滨');
INSERT INTO `city_translation` (`city_id`, `language_id`, `name`) VALUES (307, 'zh', '海口');
INSERT INTO `city_translation` (`city_id`, `language_id`, `name`) VALUES (308, 'zh', '邯郸市');
INSERT INTO `city_translation` (`city_id`, `language_id`, `name`) VALUES (309, 'zh', '杭州');
INSERT INTO `city_translation` (`city_id`, `language_id`, `name`) VALUES (310, 'zh', '汉中');
INSERT INTO `city_translation` (`city_id`, `language_id`, `name`) VALUES (311, 'zh', '鹤壁');
INSERT INTO `city_translation` (`city_id`, `language_id`, `name`) VALUES (312, 'zh', '合肥');
INSERT INTO `city_translation` (`city_id`, `language_id`, `name`) VALUES (313, 'zh', '呼和浩特市');
INSERT INTO `city_translation` (`city_id`, `language_id`, `name`) VALUES (314, 'zh', '惠州');
INSERT INTO `city_translation` (`city_id`, `language_id`, `name`) VALUES (315, 'zh', '焦作');
INSERT INTO `city_translation` (`city_id`, `language_id`, `name`) VALUES (316, 'zh', '嘉兴');
INSERT INTO `city_translation` (`city_id`, `language_id`, `name`) VALUES (317, 'zh', '济南');
INSERT INTO `city_translation` (`city_id`, `language_id`, `name`) VALUES (318, 'zh', '静安');
INSERT INTO `city_translation` (`city_id`, `language_id`, `name`) VALUES (319, 'zh', '荆州');
INSERT INTO `city_translation` (`city_id`, `language_id`, `name`) VALUES (320, 'zh', '金华');
INSERT INTO `city_translation` (`city_id`, `language_id`, `name`) VALUES (321, 'zh', '济宁');
INSERT INTO `city_translation` (`city_id`, `language_id`, `name`) VALUES (322, 'zh', '金州');
INSERT INTO `city_translation` (`city_id`, `language_id`, `name`) VALUES (323, 'zh', '九江');
INSERT INTO `city_translation` (`city_id`, `language_id`, `name`) VALUES (324, 'zh', '昆明');
INSERT INTO `city_translation` (`city_id`, `language_id`, `name`) VALUES (325, 'zh', '昆山');
INSERT INTO `city_translation` (`city_id`, `language_id`, `name`) VALUES (326, 'zh', '廊坊');
INSERT INTO `city_translation` (`city_id`, `language_id`, `name`) VALUES (327, 'zh', '兰州');
INSERT INTO `city_translation` (`city_id`, `language_id`, `name`) VALUES (328, 'zh', '乐山');
INSERT INTO `city_translation` (`city_id`, `language_id`, `name`) VALUES (329, 'zh', '拉萨');
INSERT INTO `city_translation` (`city_id`, `language_id`, `name`) VALUES (330, 'zh', '柳州');
INSERT INTO `city_translation` (`city_id`, `language_id`, `name`) VALUES (331, 'zh', '洛阳');
INSERT INTO `city_translation` (`city_id`, `language_id`, `name`) VALUES (332, 'zh', '泸州');
INSERT INTO `city_translation` (`city_id`, `language_id`, `name`) VALUES (333, 'zh', '绵阳市');
INSERT INTO `city_translation` (`city_id`, `language_id`, `name`) VALUES (334, 'zh', '多');
INSERT INTO `city_translation` (`city_id`, `language_id`, `name`) VALUES (335, 'zh', '南昌');
INSERT INTO `city_translation` (`city_id`, `language_id`, `name`) VALUES (336, 'zh', '南充');
INSERT INTO `city_translation` (`city_id`, `language_id`, `name`) VALUES (337, 'zh', '南京');
INSERT INTO `city_translation` (`city_id`, `language_id`, `name`) VALUES (338, 'zh', '南宁');
INSERT INTO `city_translation` (`city_id`, `language_id`, `name`) VALUES (339, 'zh', '南通');
INSERT INTO `city_translation` (`city_id`, `language_id`, `name`) VALUES (340, 'zh', '南阳');
INSERT INTO `city_translation` (`city_id`, `language_id`, `name`) VALUES (341, 'zh', '宁波市');
INSERT INTO `city_translation` (`city_id`, `language_id`, `name`) VALUES (342, 'zh', '攀枝花');
INSERT INTO `city_translation` (`city_id`, `language_id`, `name`) VALUES (343, 'zh', '浦东');
INSERT INTO `city_translation` (`city_id`, `language_id`, `name`) VALUES (344, 'zh', 'yang阳');
INSERT INTO `city_translation` (`city_id`, `language_id`, `name`) VALUES (345, 'zh', '青岛市');
INSERT INTO `city_translation` (`city_id`, `language_id`, `name`) VALUES (346, 'zh', '三亚');
INSERT INTO `city_translation` (`city_id`, `language_id`, `name`) VALUES (347, 'zh', '上海');
INSERT INTO `city_translation` (`city_id`, `language_id`, `name`) VALUES (348, 'zh', '上草');
INSERT INTO `city_translation` (`city_id`, `language_id`, `name`) VALUES (349, 'zh', '汕头');
INSERT INTO `city_translation` (`city_id`, `language_id`, `name`) VALUES (350, 'zh', '绍兴');
INSERT INTO `city_translation` (`city_id`, `language_id`, `name`) VALUES (351, 'zh', '沉阳');
INSERT INTO `city_translation` (`city_id`, `language_id`, `name`) VALUES (352, 'zh', '深圳');
INSERT INTO `city_translation` (`city_id`, `language_id`, `name`) VALUES (353, 'zh', '石家庄');
INSERT INTO `city_translation` (`city_id`, `language_id`, `name`) VALUES (354, 'zh', '宿苏州');
INSERT INTO `city_translation` (`city_id`, `language_id`, `name`) VALUES (355, 'zh', '苏州市');
INSERT INTO `city_translation` (`city_id`, `language_id`, `name`) VALUES (356, 'zh', '泰安');
INSERT INTO `city_translation` (`city_id`, `language_id`, `name`) VALUES (357, 'zh', '太原');
INSERT INTO `city_translation` (`city_id`, `language_id`, `name`) VALUES (358, 'zh', '台州');
INSERT INTO `city_translation` (`city_id`, `language_id`, `name`) VALUES (359, 'zh', '唐山');
INSERT INTO `city_translation` (`city_id`, `language_id`, `name`) VALUES (360, 'zh', '天津');
INSERT INTO `city_translation` (`city_id`, `language_id`, `name`) VALUES (361, 'zh', '乌鲁木齐');
INSERT INTO `city_translation` (`city_id`, `language_id`, `name`) VALUES (362, 'zh', '万州');
INSERT INTO `city_translation` (`city_id`, `language_id`, `name`) VALUES (363, 'zh', '潍坊');
INSERT INTO `city_translation` (`city_id`, `language_id`, `name`) VALUES (364, 'zh', '渭南');
INSERT INTO `city_translation` (`city_id`, `language_id`, `name`) VALUES (365, 'zh', '温州');
INSERT INTO `city_translation` (`city_id`, `language_id`, `name`) VALUES (366, 'zh', '武汉市');
INSERT INTO `city_translation` (`city_id`, `language_id`, `name`) VALUES (367, 'zh', '芜湖');
INSERT INTO `city_translation` (`city_id`, `language_id`, `name`) VALUES (368, 'zh', '无锡');
INSERT INTO `city_translation` (`city_id`, `language_id`, `name`) VALUES (369, 'zh', '厦门');
INSERT INTO `city_translation` (`city_id`, `language_id`, `name`) VALUES (370, 'zh', '西安');
INSERT INTO `city_translation` (`city_id`, `language_id`, `name`) VALUES (371, 'zh', '咸阳');
INSERT INTO `city_translation` (`city_id`, `language_id`, `name`) VALUES (372, 'zh', '孝感');
INSERT INTO `city_translation` (`city_id`, `language_id`, `name`) VALUES (373, 'zh', '西昌');
INSERT INTO `city_translation` (`city_id`, `language_id`, `name`) VALUES (374, 'zh', '西宁');
INSERT INTO `city_translation` (`city_id`, `language_id`, `name`) VALUES (375, 'zh', '新乡');
INSERT INTO `city_translation` (`city_id`, `language_id`, `name`) VALUES (376, 'zh', '信阳');
INSERT INTO `city_translation` (`city_id`, `language_id`, `name`) VALUES (377, 'zh', '徐州');
INSERT INTO `city_translation` (`city_id`, `language_id`, `name`) VALUES (378, 'zh', '烟台');
INSERT INTO `city_translation` (`city_id`, `language_id`, `name`) VALUES (379, 'zh', '银川');
INSERT INTO `city_translation` (`city_id`, `language_id`, `name`) VALUES (380, 'zh', '玉林');
INSERT INTO `city_translation` (`city_id`, `language_id`, `name`) VALUES (381, 'zh', '郑州');
INSERT INTO `city_translation` (`city_id`, `language_id`, `name`) VALUES (382, 'zh', '镇江');
INSERT INTO `city_translation` (`city_id`, `language_id`, `name`) VALUES (383, 'zh', '中山');
INSERT INTO `city_translation` (`city_id`, `language_id`, `name`) VALUES (384, 'zh', '珠海');
INSERT INTO `city_translation` (`city_id`, `language_id`, `name`) VALUES (385, 'zh', '株洲');
INSERT INTO `city_translation` (`city_id`, `language_id`, `name`) VALUES (386, 'zh', '遵义');
INSERT INTO `city_translation` (`city_id`, `language_id`, `name`) VALUES (387, 'zh', '佛罗伦萨');
INSERT INTO `city_translation` (`city_id`, `language_id`, `name`) VALUES (388, 'zh', 'Fort Worth');
INSERT INTO `city_translation` (`city_id`, `language_id`, `name`) VALUES (389, 'zh', 'Annone di Brianza');
INSERT INTO `city_translation` (`city_id`, `language_id`, `name`) VALUES (390, 'zh', '莫尔贝尼奥');
INSERT INTO `city_translation` (`city_id`, `language_id`, `name`) VALUES (391, 'zh', '摩德纳');
INSERT INTO `city_translation` (`city_id`, `language_id`, `name`) VALUES (392, 'zh', '卡利亚里');
INSERT INTO `city_translation` (`city_id`, `language_id`, `name`) VALUES (393, 'zh', '布雷西亚');
INSERT INTO `city_translation` (`city_id`, `language_id`, `name`) VALUES (394, 'zh', '维琴察');
INSERT INTO `city_translation` (`city_id`, `language_id`, `name`) VALUES (395, 'zh', 'Mezzolombardo (TN)');
INSERT INTO `city_translation` (`city_id`, `language_id`, `name`) VALUES (396, 'zh', '里米尼');
INSERT INTO `city_translation` (`city_id`, `language_id`, `name`) VALUES (397, 'zh', '佩斯坎蒂纳之七(VR)');
INSERT INTO `city_translation` (`city_id`, `language_id`, `name`) VALUES (398, 'zh', '那不勒斯');
INSERT INTO `city_translation` (`city_id`, `language_id`, `name`) VALUES (399, 'zh', 'Peschiera Borromeo (MI)');
INSERT INTO `city_translation` (`city_id`, `language_id`, `name`) VALUES (400, 'zh', '亚历山大');
INSERT INTO `city_translation` (`city_id`, `language_id`, `name`) VALUES (401, 'zh', '罗马');
INSERT INTO `city_translation` (`city_id`, `language_id`, `name`) VALUES (402, 'zh', 'Mestre');
INSERT INTO `city_translation` (`city_id`, `language_id`, `name`) VALUES (403, 'zh', '都灵');
INSERT INTO `city_translation` (`city_id`, `language_id`, `name`) VALUES (404, 'zh', 'Imperia');
INSERT INTO `city_translation` (`city_id`, `language_id`, `name`) VALUES (405, 'zh', '卡塔尼亚');
INSERT INTO `city_translation` (`city_id`, `language_id`, `name`) VALUES (406, 'zh', '韦恩堡');
INSERT INTO `city_translation` (`city_id`, `language_id`, `name`) VALUES (407, 'zh', 'Omaha');
INSERT INTO `city_translation` (`city_id`, `language_id`, `name`) VALUES (408, 'zh', '得梅因');
INSERT INTO `city_translation` (`city_id`, `language_id`, `name`) VALUES (409, 'zh', '旧金山/加州/美国');
INSERT INTO `city_translation` (`city_id`, `language_id`, `name`) VALUES (410, 'zh', '蛋港镇');
INSERT INTO `city_translation` (`city_id`, `language_id`, `name`) VALUES (411, 'zh', '舒尔斯伯里');
INSERT INTO `city_translation` (`city_id`, `language_id`, `name`) VALUES (412, 'zh', 'Springfield (IL)');
INSERT INTO `city_translation` (`city_id`, `language_id`, `name`) VALUES (413, 'zh', 'Hollins');
INSERT INTO `city_translation` (`city_id`, `language_id`, `name`) VALUES (414, 'zh', 'Edison');
INSERT INTO `city_translation` (`city_id`, `language_id`, `name`) VALUES (415, 'zh', '香港');
INSERT INTO `city_translation` (`city_id`, `language_id`, `name`) VALUES (416, 'zh', 'Olive Branch');
INSERT INTO `city_translation` (`city_id`, `language_id`, `name`) VALUES (417, 'zh', 'Riccione');
INSERT INTO `city_translation` (`city_id`, `language_id`, `name`) VALUES (418, 'zh', '马德里');
INSERT INTO `city_translation` (`city_id`, `language_id`, `name`) VALUES (419, 'zh', '辛特拉');
INSERT INTO `city_translation` (`city_id`, `language_id`, `name`) VALUES (420, 'zh', 'Mieres');
INSERT INTO `city_translation` (`city_id`, `language_id`, `name`) VALUES (421, 'zh', 'Guang\'an');
INSERT INTO `city_translation` (`city_id`, `language_id`, `name`) VALUES (99999, 'zh', 'No city');

INSERT INTO `city_translation` (`city_id`, `language_id`, `name`) VALUES (1, 'es', 'Addison');
INSERT INTO `city_translation` (`city_id`, `language_id`, `name`) VALUES (2, 'es', 'Albuquerque');
INSERT INTO `city_translation` (`city_id`, `language_id`, `name`) VALUES (3, 'es', 'Alexandria');
INSERT INTO `city_translation` (`city_id`, `language_id`, `name`) VALUES (4, 'es', 'Allentown');
INSERT INTO `city_translation` (`city_id`, `language_id`, `name`) VALUES (5, 'es', 'Alpharetta');
INSERT INTO `city_translation` (`city_id`, `language_id`, `name`) VALUES (6, 'es', 'Anaheim');
INSERT INTO `city_translation` (`city_id`, `language_id`, `name`) VALUES (7, 'es', 'Anchorage');
INSERT INTO `city_translation` (`city_id`, `language_id`, `name`) VALUES (8, 'es', 'Ashland');
INSERT INTO `city_translation` (`city_id`, `language_id`, `name`) VALUES (9, 'es', 'Atlanta');
INSERT INTO `city_translation` (`city_id`, `language_id`, `name`) VALUES (10, 'es', 'Auburn Hills');
INSERT INTO `city_translation` (`city_id`, `language_id`, `name`) VALUES (11, 'es', 'Augsburgo');
INSERT INTO `city_translation` (`city_id`, `language_id`, `name`) VALUES (12, 'es', 'Austin');
INSERT INTO `city_translation` (`city_id`, `language_id`, `name`) VALUES (13, 'es', 'Bakersfield');
INSERT INTO `city_translation` (`city_id`, `language_id`, `name`) VALUES (14, 'es', 'Bangkok');
INSERT INTO `city_translation` (`city_id`, `language_id`, `name`) VALUES (15, 'es', 'Baton Rouge');
INSERT INTO `city_translation` (`city_id`, `language_id`, `name`) VALUES (16, 'es', 'Bayreuth');
INSERT INTO `city_translation` (`city_id`, `language_id`, `name`) VALUES (17, 'es', 'Belgrado');
INSERT INTO `city_translation` (`city_id`, `language_id`, `name`) VALUES (18, 'es', 'Bellevue');
INSERT INTO `city_translation` (`city_id`, `language_id`, `name`) VALUES (19, 'es', 'Belo Horizonte');
INSERT INTO `city_translation` (`city_id`, `language_id`, `name`) VALUES (20, 'es', 'Berlín');
INSERT INTO `city_translation` (`city_id`, `language_id`, `name`) VALUES (21, 'es', 'Bessemer');
INSERT INTO `city_translation` (`city_id`, `language_id`, `name`) VALUES (22, 'es', 'Bethpage');
INSERT INTO `city_translation` (`city_id`, `language_id`, `name`) VALUES (23, 'es', 'Bielefeld');
INSERT INTO `city_translation` (`city_id`, `language_id`, `name`) VALUES (24, 'es', 'Birmingham (EE. UU.)');
INSERT INTO `city_translation` (`city_id`, `language_id`, `name`) VALUES (25, 'es', 'Bochum');
INSERT INTO `city_translation` (`city_id`, `language_id`, `name`) VALUES (26, 'es', 'Boise');
INSERT INTO `city_translation` (`city_id`, `language_id`, `name`) VALUES (27, 'es', 'Bolívar');
INSERT INTO `city_translation` (`city_id`, `language_id`, `name`) VALUES (28, 'es', 'Bradenton');
INSERT INTO `city_translation` (`city_id`, `language_id`, `name`) VALUES (29, 'es', 'Brandemburgo');
INSERT INTO `city_translation` (`city_id`, `language_id`, `name`) VALUES (30, 'es', 'Brasilia');
INSERT INTO `city_translation` (`city_id`, `language_id`, `name`) VALUES (31, 'es', 'Bremen');
INSERT INTO `city_translation` (`city_id`, `language_id`, `name`) VALUES (32, 'es', 'Brewer');
INSERT INTO `city_translation` (`city_id`, `language_id`, `name`) VALUES (33, 'es', 'Broadview Heights');
INSERT INTO `city_translation` (`city_id`, `language_id`, `name`) VALUES (34, 'es', 'Broken Arrow');
INSERT INTO `city_translation` (`city_id`, `language_id`, `name`) VALUES (35, 'es', 'Bubsheim');
INSERT INTO `city_translation` (`city_id`, `language_id`, `name`) VALUES (36, 'es', 'Budapest');
INSERT INTO `city_translation` (`city_id`, `language_id`, `name`) VALUES (37, 'es', 'Búfalo');
INSERT INTO `city_translation` (`city_id`, `language_id`, `name`) VALUES (38, 'es', 'Burbank');
INSERT INTO `city_translation` (`city_id`, `language_id`, `name`) VALUES (39, 'es', 'Calgary');
INSERT INTO `city_translation` (`city_id`, `language_id`, `name`) VALUES (40, 'es', 'Cantano');
INSERT INTO `city_translation` (`city_id`, `language_id`, `name`) VALUES (41, 'es', 'Capelle aan den Ijssel');
INSERT INTO `city_translation` (`city_id`, `language_id`, `name`) VALUES (42, 'es', 'Cerritos');
INSERT INTO `city_translation` (`city_id`, `language_id`, `name`) VALUES (43, 'es', 'Charleston');
INSERT INTO `city_translation` (`city_id`, `language_id`, `name`) VALUES (44, 'es', 'Charlotte');
INSERT INTO `city_translation` (`city_id`, `language_id`, `name`) VALUES (45, 'es', 'Chattanooga');
INSERT INTO `city_translation` (`city_id`, `language_id`, `name`) VALUES (46, 'es', 'Cheektowaga');
INSERT INTO `city_translation` (`city_id`, `language_id`, `name`) VALUES (47, 'es', 'Chemnitz');
INSERT INTO `city_translation` (`city_id`, `language_id`, `name`) VALUES (48, 'es', 'Chesapeake');
INSERT INTO `city_translation` (`city_id`, `language_id`, `name`) VALUES (49, 'es', 'Chicago');
INSERT INTO `city_translation` (`city_id`, `language_id`, `name`) VALUES (50, 'es', 'Cincinnati');
INSERT INTO `city_translation` (`city_id`, `language_id`, `name`) VALUES (51, 'es', 'Ciudad de Panamá');
INSERT INTO `city_translation` (`city_id`, `language_id`, `name`) VALUES (52, 'es', 'Cleveland');
INSERT INTO `city_translation` (`city_id`, `language_id`, `name`) VALUES (53, 'es', 'College park');
INSERT INTO `city_translation` (`city_id`, `language_id`, `name`) VALUES (54, 'es', 'Cologno Monzese');
INSERT INTO `city_translation` (`city_id`, `language_id`, `name`) VALUES (55, 'es', 'Colorado Springs');
INSERT INTO `city_translation` (`city_id`, `language_id`, `name`) VALUES (56, 'es', 'Columbia');
INSERT INTO `city_translation` (`city_id`, `language_id`, `name`) VALUES (57, 'es', 'Columbus');
INSERT INTO `city_translation` (`city_id`, `language_id`, `name`) VALUES (58, 'es', 'Coppell');
INSERT INTO `city_translation` (`city_id`, `language_id`, `name`) VALUES (59, 'es', 'Corpus Christi');
INSERT INTO `city_translation` (`city_id`, `language_id`, `name`) VALUES (60, 'es', 'Cottonwood Heights');
INSERT INTO `city_translation` (`city_id`, `language_id`, `name`) VALUES (61, 'es', 'Cranford');
INSERT INTO `city_translation` (`city_id`, `language_id`, `name`) VALUES (62, 'es', 'Dallas');
INSERT INTO `city_translation` (`city_id`, `language_id`, `name`) VALUES (63, 'es', 'Darmstadt');
INSERT INTO `city_translation` (`city_id`, `language_id`, `name`) VALUES (64, 'es', 'Dartmouth');
INSERT INTO `city_translation` (`city_id`, `language_id`, `name`) VALUES (65, 'es', 'Denklingen');
INSERT INTO `city_translation` (`city_id`, `language_id`, `name`) VALUES (66, 'es', 'Denver');
INSERT INTO `city_translation` (`city_id`, `language_id`, `name`) VALUES (67, 'es', 'Detroit');
INSERT INTO `city_translation` (`city_id`, `language_id`, `name`) VALUES (68, 'es', 'Dortmund');
INSERT INTO `city_translation` (`city_id`, `language_id`, `name`) VALUES (69, 'es', 'Downers Grove');
INSERT INTO `city_translation` (`city_id`, `language_id`, `name`) VALUES (70, 'es', 'Dresde');
INSERT INTO `city_translation` (`city_id`, `language_id`, `name`) VALUES (71, 'es', 'Dunwoody');
INSERT INTO `city_translation` (`city_id`, `language_id`, `name`) VALUES (72, 'es', 'Düsseldorf');
INSERT INTO `city_translation` (`city_id`, `language_id`, `name`) VALUES (73, 'es', 'El Cajón');
INSERT INTO `city_translation` (`city_id`, `language_id`, `name`) VALUES (74, 'es', 'El Paso');
INSERT INTO `city_translation` (`city_id`, `language_id`, `name`) VALUES (75, 'es', 'Erfurt');
INSERT INTO `city_translation` (`city_id`, `language_id`, `name`) VALUES (76, 'es', 'Essen');
INSERT INTO `city_translation` (`city_id`, `language_id`, `name`) VALUES (77, 'es', 'Esslingen');
INSERT INTO `city_translation` (`city_id`, `language_id`, `name`) VALUES (78, 'es', 'Eugene');
INSERT INTO `city_translation` (`city_id`, `language_id`, `name`) VALUES (79, 'es', 'Evansville');
INSERT INTO `city_translation` (`city_id`, `language_id`, `name`) VALUES (80, 'es', 'Everett');
INSERT INTO `city_translation` (`city_id`, `language_id`, `name`) VALUES (81, 'es', 'Fargo');
INSERT INTO `city_translation` (`city_id`, `language_id`, `name`) VALUES (82, 'es', 'Feldkirchen');
INSERT INTO `city_translation` (`city_id`, `language_id`, `name`) VALUES (83, 'es', 'Fellbach');
INSERT INTO `city_translation` (`city_id`, `language_id`, `name`) VALUES (84, 'es', 'Filderstadt');
INSERT INTO `city_translation` (`city_id`, `language_id`, `name`) VALUES (85, 'es', 'Foggia');
INSERT INTO `city_translation` (`city_id`, `language_id`, `name`) VALUES (86, 'es', 'Forst');
INSERT INTO `city_translation` (`city_id`, `language_id`, `name`) VALUES (87, 'es', 'Fort Collins');
INSERT INTO `city_translation` (`city_id`, `language_id`, `name`) VALUES (88, 'es', 'Fortaleza');
INSERT INTO `city_translation` (`city_id`, `language_id`, `name`) VALUES (89, 'es', 'Fráncfort');
INSERT INTO `city_translation` (`city_id`, `language_id`, `name`) VALUES (90, 'es', 'Friburgo de Brisgovia');
INSERT INTO `city_translation` (`city_id`, `language_id`, `name`) VALUES (91, 'es', 'Fresno');
INSERT INTO `city_translation` (`city_id`, `language_id`, `name`) VALUES (92, 'es', 'Frisco');
INSERT INTO `city_translation` (`city_id`, `language_id`, `name`) VALUES (93, 'es', 'Ft. Lauderdale');
INSERT INTO `city_translation` (`city_id`, `language_id`, `name`) VALUES (94, 'es', 'Ft. Myers');
INSERT INTO `city_translation` (`city_id`, `language_id`, `name`) VALUES (95, 'es', 'Ft. Worth');
INSERT INTO `city_translation` (`city_id`, `language_id`, `name`) VALUES (96, 'es', 'Fürth');
INSERT INTO `city_translation` (`city_id`, `language_id`, `name`) VALUES (97, 'es', 'Fulda');
INSERT INTO `city_translation` (`city_id`, `language_id`, `name`) VALUES (98, 'es', 'Gainesville');
INSERT INTO `city_translation` (`city_id`, `language_id`, `name`) VALUES (99, 'es', 'Germantown');
INSERT INTO `city_translation` (`city_id`, `language_id`, `name`) VALUES (100, 'es', 'Gieen');
INSERT INTO `city_translation` (`city_id`, `language_id`, `name`) VALUES (101, 'es', 'Gingen');
INSERT INTO `city_translation` (`city_id`, `language_id`, `name`) VALUES (102, 'es', 'Ginsheim');
INSERT INTO `city_translation` (`city_id`, `language_id`, `name`) VALUES (103, 'es', 'Gochsheim');
INSERT INTO `city_translation` (`city_id`, `language_id`, `name`) VALUES (104, 'es', 'Goleta');
INSERT INTO `city_translation` (`city_id`, `language_id`, `name`) VALUES (105, 'es', 'Grand Rapids');
INSERT INTO `city_translation` (`city_id`, `language_id`, `name`) VALUES (106, 'es', 'Graz');
INSERT INTO `city_translation` (`city_id`, `language_id`, `name`) VALUES (107, 'es', 'Greensboro');
INSERT INTO `city_translation` (`city_id`, `language_id`, `name`) VALUES (108, 'es', 'Greenville');
INSERT INTO `city_translation` (`city_id`, `language_id`, `name`) VALUES (109, 'es', 'Greenwood Village');
INSERT INTO `city_translation` (`city_id`, `language_id`, `name`) VALUES (110, 'es', 'Guaiba');
INSERT INTO `city_translation` (`city_id`, `language_id`, `name`) VALUES (111, 'es', 'Guaiba-Portoalegre');
INSERT INTO `city_translation` (`city_id`, `language_id`, `name`) VALUES (112, 'es', 'Guarulhos');
INSERT INTO `city_translation` (`city_id`, `language_id`, `name`) VALUES (113, 'es', 'Gypsum');
INSERT INTO `city_translation` (`city_id`, `language_id`, `name`) VALUES (114, 'es', 'Hallberg Moss');
INSERT INTO `city_translation` (`city_id`, `language_id`, `name`) VALUES (115, 'es', 'Hamburgo');
INSERT INTO `city_translation` (`city_id`, `language_id`, `name`) VALUES (116, 'es', 'Hamm');
INSERT INTO `city_translation` (`city_id`, `language_id`, `name`) VALUES (117, 'es', 'Hanover');
INSERT INTO `city_translation` (`city_id`, `language_id`, `name`) VALUES (118, 'es', 'Harahan');
INSERT INTO `city_translation` (`city_id`, `language_id`, `name`) VALUES (119, 'es', 'Hayward');
INSERT INTO `city_translation` (`city_id`, `language_id`, `name`) VALUES (120, 'es', 'Heilbronn');
INSERT INTO `city_translation` (`city_id`, `language_id`, `name`) VALUES (121, 'es', 'Himmelstadt');
INSERT INTO `city_translation` (`city_id`, `language_id`, `name`) VALUES (122, 'es', 'Ciudad Ho Chi Minh');
INSERT INTO `city_translation` (`city_id`, `language_id`, `name`) VALUES (123, 'es', 'Honolulu');
INSERT INTO `city_translation` (`city_id`, `language_id`, `name`) VALUES (124, 'es', 'Hoover');
INSERT INTO `city_translation` (`city_id`, `language_id`, `name`) VALUES (125, 'es', 'Horn Lake');
INSERT INTO `city_translation` (`city_id`, `language_id`, `name`) VALUES (126, 'es', 'Houston');
INSERT INTO `city_translation` (`city_id`, `language_id`, `name`) VALUES (127, 'es', 'Huntsville');
INSERT INTO `city_translation` (`city_id`, `language_id`, `name`) VALUES (128, 'es', 'Hürth');
INSERT INTO `city_translation` (`city_id`, `language_id`, `name`) VALUES (129, 'es', 'Indianápolis');
INSERT INTO `city_translation` (`city_id`, `language_id`, `name`) VALUES (130, 'es', 'Irvine');
INSERT INTO `city_translation` (`city_id`, `language_id`, `name`) VALUES (131, 'es', 'Isernhagen-Altwarmbüchen');
INSERT INTO `city_translation` (`city_id`, `language_id`, `name`) VALUES (132, 'es', 'Estambul');
INSERT INTO `city_translation` (`city_id`, `language_id`, `name`) VALUES (133, 'es', 'Jackson');
INSERT INTO `city_translation` (`city_id`, `language_id`, `name`) VALUES (134, 'es', 'Jacksonville');
INSERT INTO `city_translation` (`city_id`, `language_id`, `name`) VALUES (135, 'es', 'Yakarta');
INSERT INTO `city_translation` (`city_id`, `language_id`, `name`) VALUES (136, 'es', 'João Pessoa');
INSERT INTO `city_translation` (`city_id`, `language_id`, `name`) VALUES (137, 'es', 'Juneau');
INSERT INTO `city_translation` (`city_id`, `language_id`, `name`) VALUES (138, 'es', 'Kansas City');
INSERT INTO `city_translation` (`city_id`, `language_id`, `name`) VALUES (139, 'es', 'Karlsruhe');
INSERT INTO `city_translation` (`city_id`, `language_id`, `name`) VALUES (140, 'es', 'Kassel');
INSERT INTO `city_translation` (`city_id`, `language_id`, `name`) VALUES (141, 'es', 'Kennesaw');
INSERT INTO `city_translation` (`city_id`, `language_id`, `name`) VALUES (142, 'es', 'Key West');
INSERT INTO `city_translation` (`city_id`, `language_id`, `name`) VALUES (143, 'es', 'Kiel');
INSERT INTO `city_translation` (`city_id`, `language_id`, `name`) VALUES (144, 'es', 'King of Prussia');
INSERT INTO `city_translation` (`city_id`, `language_id`, `name`) VALUES (145, 'es', 'Kirkland');
INSERT INTO `city_translation` (`city_id`, `language_id`, `name`) VALUES (146, 'es', 'Knoxville');
INSERT INTO `city_translation` (`city_id`, `language_id`, `name`) VALUES (147, 'es', 'Colonia');
INSERT INTO `city_translation` (`city_id`, `language_id`, `name`) VALUES (148, 'es', 'Crimping aan den IJssel');
INSERT INTO `city_translation` (`city_id`, `language_id`, `name`) VALUES (149, 'es', 'Kuala Lumpur');
INSERT INTO `city_translation` (`city_id`, `language_id`, `name`) VALUES (150, 'es', 'Lake Havasu City');
INSERT INTO `city_translation` (`city_id`, `language_id`, `name`) VALUES (151, 'es', 'Langenhagen');
INSERT INTO `city_translation` (`city_id`, `language_id`, `name`) VALUES (152, 'es', 'Las Vegas');
INSERT INTO `city_translation` (`city_id`, `language_id`, `name`) VALUES (153, 'es', 'Leinfelden-Echterdingen');
INSERT INTO `city_translation` (`city_id`, `language_id`, `name`) VALUES (154, 'es', 'Leipzig');
INSERT INTO `city_translation` (`city_id`, `language_id`, `name`) VALUES (155, 'es', 'Lenexa');
INSERT INTO `city_translation` (`city_id`, `language_id`, `name`) VALUES (156, 'es', 'Lenton, Nottingham');
INSERT INTO `city_translation` (`city_id`, `language_id`, `name`) VALUES (157, 'es', 'Lexington');
INSERT INTO `city_translation` (`city_id`, `language_id`, `name`) VALUES (158, 'es', 'Lincoln');
INSERT INTO `city_translation` (`city_id`, `language_id`, `name`) VALUES (159, 'es', 'Linthicum');
INSERT INTO `city_translation` (`city_id`, `language_id`, `name`) VALUES (160, 'es', 'Lisle');
INSERT INTO `city_translation` (`city_id`, `language_id`, `name`) VALUES (161, 'es', 'Little Rock');
INSERT INTO `city_translation` (`city_id`, `language_id`, `name`) VALUES (162, 'es', 'Livonia');
INSERT INTO `city_translation` (`city_id`, `language_id`, `name`) VALUES (163, 'es', 'Logan');
INSERT INTO `city_translation` (`city_id`, `language_id`, `name`) VALUES (164, 'es', 'Lombard');
INSERT INTO `city_translation` (`city_id`, `language_id`, `name`) VALUES (165, 'es', 'Long Island');
INSERT INTO `city_translation` (`city_id`, `language_id`, `name`) VALUES (166, 'es', 'Lorton (NOVA)');
INSERT INTO `city_translation` (`city_id`, `language_id`, `name`) VALUES (167, 'es', 'Los Ángeles');
INSERT INTO `city_translation` (`city_id`, `language_id`, `name`) VALUES (168, 'es', 'Louisville');
INSERT INTO `city_translation` (`city_id`, `language_id`, `name`) VALUES (169, 'es', 'Lubbock');
INSERT INTO `city_translation` (`city_id`, `language_id`, `name`) VALUES (170, 'es', 'Macapa');
INSERT INTO `city_translation` (`city_id`, `language_id`, `name`) VALUES (171, 'es', 'Maceio');
INSERT INTO `city_translation` (`city_id`, `language_id`, `name`) VALUES (172, 'es', 'Macon');
INSERT INTO `city_translation` (`city_id`, `language_id`, `name`) VALUES (173, 'es', 'Madison');
INSERT INTO `city_translation` (`city_id`, `language_id`, `name`) VALUES (174, 'es', 'Magdeburg');
INSERT INTO `city_translation` (`city_id`, `language_id`, `name`) VALUES (175, 'es', 'Manaus');
INSERT INTO `city_translation` (`city_id`, `language_id`, `name`) VALUES (176, 'es', 'Manchester');
INSERT INTO `city_translation` (`city_id`, `language_id`, `name`) VALUES (177, 'es', 'Mannheim');
INSERT INTO `city_translation` (`city_id`, `language_id`, `name`) VALUES (178, 'es', 'Marietta');
INSERT INTO `city_translation` (`city_id`, `language_id`, `name`) VALUES (179, 'es', 'Markkleeberg');
INSERT INTO `city_translation` (`city_id`, `language_id`, `name`) VALUES (180, 'es', 'Memphis');
INSERT INTO `city_translation` (`city_id`, `language_id`, `name`) VALUES (181, 'es', 'Miami');
INSERT INTO `city_translation` (`city_id`, `language_id`, `name`) VALUES (182, 'es', 'Middleton');
INSERT INTO `city_translation` (`city_id`, `language_id`, `name`) VALUES (183, 'es', 'Midland');
INSERT INTO `city_translation` (`city_id`, `language_id`, `name`) VALUES (184, 'es', 'Mineápolis');
INSERT INTO `city_translation` (`city_id`, `language_id`, `name`) VALUES (185, 'es', 'Moncton');
INSERT INTO `city_translation` (`city_id`, `language_id`, `name`) VALUES (186, 'es', 'Moscú');
INSERT INTO `city_translation` (`city_id`, `language_id`, `name`) VALUES (187, 'es', 'Móstoles');
INSERT INTO `city_translation` (`city_id`, `language_id`, `name`) VALUES (188, 'es', 'Múnich');
INSERT INTO `city_translation` (`city_id`, `language_id`, `name`) VALUES (190, 'es', 'Münster');
INSERT INTO `city_translation` (`city_id`, `language_id`, `name`) VALUES (191, 'es', 'Myrtle Beach');
INSERT INTO `city_translation` (`city_id`, `language_id`, `name`) VALUES (192, 'es', 'Nashville');
INSERT INTO `city_translation` (`city_id`, `language_id`, `name`) VALUES (193, 'es', 'Nassau');
INSERT INTO `city_translation` (`city_id`, `language_id`, `name`) VALUES (194, 'es', 'Àmbito nacional');
INSERT INTO `city_translation` (`city_id`, `language_id`, `name`) VALUES (195, 'es', 'Neuhausen');
INSERT INTO `city_translation` (`city_id`, `language_id`, `name`) VALUES (196, 'es', 'Neuss');
INSERT INTO `city_translation` (`city_id`, `language_id`, `name`) VALUES (197, 'es', 'New Haven (Orange)');
INSERT INTO `city_translation` (`city_id`, `language_id`, `name`) VALUES (198, 'es', 'Nueva Orleans');
INSERT INTO `city_translation` (`city_id`, `language_id`, `name`) VALUES (199, 'es', 'Nueva York');
INSERT INTO `city_translation` (`city_id`, `language_id`, `name`) VALUES (200, 'es', 'Norfolk');
INSERT INTO `city_translation` (`city_id`, `language_id`, `name`) VALUES (201, 'es', 'Northwood');
INSERT INTO `city_translation` (`city_id`, `language_id`, `name`) VALUES (202, 'es', 'Renania del Norte-Westfalia');
INSERT INTO `city_translation` (`city_id`, `language_id`, `name`) VALUES (203, 'es', 'Núremberg');
INSERT INTO `city_translation` (`city_id`, `language_id`, `name`) VALUES (204, 'es', 'Oklahoma City');
INSERT INTO `city_translation` (`city_id`, `language_id`, `name`) VALUES (205, 'es', 'Orlando');
INSERT INTO `city_translation` (`city_id`, `language_id`, `name`) VALUES (206, 'es', 'Oslo');
INSERT INTO `city_translation` (`city_id`, `language_id`, `name`) VALUES (207, 'es', 'Pensacola');
INSERT INTO `city_translation` (`city_id`, `language_id`, `name`) VALUES (208, 'es', 'Peoria');
INSERT INTO `city_translation` (`city_id`, `language_id`, `name`) VALUES (209, 'es', 'Petaling Jaya');
INSERT INTO `city_translation` (`city_id`, `language_id`, `name`) VALUES (210, 'es', 'Filadelfia');
INSERT INTO `city_translation` (`city_id`, `language_id`, `name`) VALUES (211, 'es', 'Phoenix');
INSERT INTO `city_translation` (`city_id`, `language_id`, `name`) VALUES (212, 'es', 'Piracicaba');
INSERT INTO `city_translation` (`city_id`, `language_id`, `name`) VALUES (213, 'es', 'Pittsburgh');
INSERT INTO `city_translation` (`city_id`, `language_id`, `name`) VALUES (214, 'es', 'Plan-les-Ouates');
INSERT INTO `city_translation` (`city_id`, `language_id`, `name`) VALUES (215, 'es', 'Pompano Beach');
INSERT INTO `city_translation` (`city_id`, `language_id`, `name`) VALUES (216, 'es', 'Portland');
INSERT INTO `city_translation` (`city_id`, `language_id`, `name`) VALUES (217, 'es', 'Porto Alegre');
INSERT INTO `city_translation` (`city_id`, `language_id`, `name`) VALUES (218, 'es', 'Turquía');
INSERT INTO `city_translation` (`city_id`, `language_id`, `name`) VALUES (219, 'es', 'Raleigh');
INSERT INTO `city_translation` (`city_id`, `language_id`, `name`) VALUES (220, 'es', 'Recife');
INSERT INTO `city_translation` (`city_id`, `language_id`, `name`) VALUES (221, 'es', 'Regensburg');
INSERT INTO `city_translation` (`city_id`, `language_id`, `name`) VALUES (222, 'es', 'Reutlingen');
INSERT INTO `city_translation` (`city_id`, `language_id`, `name`) VALUES (223, 'es', 'Richland');
INSERT INTO `city_translation` (`city_id`, `language_id`, `name`) VALUES (224, 'es', 'Richmond');
INSERT INTO `city_translation` (`city_id`, `language_id`, `name`) VALUES (225, 'es', 'Riviera Beach');
INSERT INTO `city_translation` (`city_id`, `language_id`, `name`) VALUES (226, 'es', 'Roanoke');
INSERT INTO `city_translation` (`city_id`, `language_id`, `name`) VALUES (227, 'es', 'Rochester');
INSERT INTO `city_translation` (`city_id`, `language_id`, `name`) VALUES (228, 'es', 'Rostock');
INSERT INTO `city_translation` (`city_id`, `language_id`, `name`) VALUES (229, 'es', 'Rottweil');
INSERT INTO `city_translation` (`city_id`, `language_id`, `name`) VALUES (230, 'es', 'Rümlang');
INSERT INTO `city_translation` (`city_id`, `language_id`, `name`) VALUES (231, 'es', 'Saarbrücken');
INSERT INTO `city_translation` (`city_id`, `language_id`, `name`) VALUES (232, 'es', 'Salt Lake City');
INSERT INTO `city_translation` (`city_id`, `language_id`, `name`) VALUES (233, 'es', 'San Antonio');
INSERT INTO `city_translation` (`city_id`, `language_id`, `name`) VALUES (234, 'es', 'San Francisco (centro)');
INSERT INTO `city_translation` (`city_id`, `language_id`, `name`) VALUES (235, 'es', 'San José');
INSERT INTO `city_translation` (`city_id`, `language_id`, `name`) VALUES (236, 'es', 'San Leandro (Hayward)');
INSERT INTO `city_translation` (`city_id`, `language_id`, `name`) VALUES (237, 'es', 'Savannah');
INSERT INTO `city_translation` (`city_id`, `language_id`, `name`) VALUES (238, 'es', 'Scarborough');
INSERT INTO `city_translation` (`city_id`, `language_id`, `name`) VALUES (239, 'es', 'Seattle');
INSERT INTO `city_translation` (`city_id`, `language_id`, `name`) VALUES (240, 'es', 'Shreveport');
INSERT INTO `city_translation` (`city_id`, `language_id`, `name`) VALUES (241, 'es', 'Singapur');
INSERT INTO `city_translation` (`city_id`, `language_id`, `name`) VALUES (242, 'es', 'Singing');
INSERT INTO `city_translation` (`city_id`, `language_id`, `name`) VALUES (243, 'es', 'Sioux Falls');
INSERT INTO `city_translation` (`city_id`, `language_id`, `name`) VALUES (244, 'es', 'Sparks');
INSERT INTO `city_translation` (`city_id`, `language_id`, `name`) VALUES (245, 'es', 'Spokane');
INSERT INTO `city_translation` (`city_id`, `language_id`, `name`) VALUES (246, 'es', 'Springfield (Ozark)');
INSERT INTO `city_translation` (`city_id`, `language_id`, `name`) VALUES (247, 'es', 'St. Gallen');
INSERT INTO `city_translation` (`city_id`, `language_id`, `name`) VALUES (248, 'es', 'St. Louis');
INSERT INTO `city_translation` (`city_id`, `language_id`, `name`) VALUES (249, 'es', 'Estocolmo');
INSERT INTO `city_translation` (`city_id`, `language_id`, `name`) VALUES (250, 'es', 'Stuhr');
INSERT INTO `city_translation` (`city_id`, `language_id`, `name`) VALUES (251, 'es', 'Stuttgart');
INSERT INTO `city_translation` (`city_id`, `language_id`, `name`) VALUES (252, 'es', 'Sídney');
INSERT INTO `city_translation` (`city_id`, `language_id`, `name`) VALUES (253, 'es', 'Siracusa (Siracusa Oriental)');
INSERT INTO `city_translation` (`city_id`, `language_id`, `name`) VALUES (254, 'es', 'Tacoma (Universidad)');
INSERT INTO `city_translation` (`city_id`, `language_id`, `name`) VALUES (255, 'es', 'Tallahassee');
INSERT INTO `city_translation` (`city_id`, `language_id`, `name`) VALUES (256, 'es', 'Tamarac (Oficina Corporativa)');
INSERT INTO `city_translation` (`city_id`, `language_id`, `name`) VALUES (257, 'es', 'Tampa');
INSERT INTO `city_translation` (`city_id`, `language_id`, `name`) VALUES (258, 'es', 'Temple');
INSERT INTO `city_translation` (`city_id`, `language_id`, `name`) VALUES (259, 'es', 'The Woodlands');
INSERT INTO `city_translation` (`city_id`, `language_id`, `name`) VALUES (260, 'es', 'Toronto');
INSERT INTO `city_translation` (`city_id`, `language_id`, `name`) VALUES (261, 'es', 'Troisdorf');
INSERT INTO `city_translation` (`city_id`, `language_id`, `name`) VALUES (262, 'es', 'Tucson');
INSERT INTO `city_translation` (`city_id`, `language_id`, `name`) VALUES (263, 'es', 'Tulsa');
INSERT INTO `city_translation` (`city_id`, `language_id`, `name`) VALUES (264, 'es', 'Tyler');
INSERT INTO `city_translation` (`city_id`, `language_id`, `name`) VALUES (265, 'es', 'Ulm');
INSERT INTO `city_translation` (`city_id`, `language_id`, `name`) VALUES (266, 'es', 'Vero Beach');
INSERT INTO `city_translation` (`city_id`, `language_id`, `name`) VALUES (267, 'es', 'Wallingford');
INSERT INTO `city_translation` (`city_id`, `language_id`, `name`) VALUES (268, 'es', 'Walnut');
INSERT INTO `city_translation` (`city_id`, `language_id`, `name`) VALUES (269, 'es', 'Wals-Siezenheim');
INSERT INTO `city_translation` (`city_id`, `language_id`, `name`) VALUES (270, 'es', 'Washington');
INSERT INTO `city_translation` (`city_id`, `language_id`, `name`) VALUES (271, 'es', 'Waukesha');
INSERT INTO `city_translation` (`city_id`, `language_id`, `name`) VALUES (272, 'es', 'Western Babylon');
INSERT INTO `city_translation` (`city_id`, `language_id`, `name`) VALUES (273, 'es', 'West Babylon (Long Island)');
INSERT INTO `city_translation` (`city_id`, `language_id`, `name`) VALUES (274, 'es', 'West Sacramento');
INSERT INTO `city_translation` (`city_id`, `language_id`, `name`) VALUES (275, 'es', 'Westchester');
INSERT INTO `city_translation` (`city_id`, `language_id`, `name`) VALUES (276, 'es', 'Westerville');
INSERT INTO `city_translation` (`city_id`, `language_id`, `name`) VALUES (277, 'es', 'Westwood');
INSERT INTO `city_translation` (`city_id`, `language_id`, `name`) VALUES (278, 'es', 'Wichita');
INSERT INTO `city_translation` (`city_id`, `language_id`, `name`) VALUES (279, 'es', 'Viena');
INSERT INTO `city_translation` (`city_id`, `language_id`, `name`) VALUES (280, 'es', 'Wilmington');
INSERT INTO `city_translation` (`city_id`, `language_id`, `name`) VALUES (281, 'es', 'Woodside');
INSERT INTO `city_translation` (`city_id`, `language_id`, `name`) VALUES (282, 'es', 'Yangon');
INSERT INTO `city_translation` (`city_id`, `language_id`, `name`) VALUES (283, 'es', 'York');
INSERT INTO `city_translation` (`city_id`, `language_id`, `name`) VALUES (284, 'es', 'Zollikofen');
INSERT INTO `city_translation` (`city_id`, `language_id`, `name`) VALUES (285, 'es', 'Clamps');
INSERT INTO `city_translation` (`city_id`, `language_id`, `name`) VALUES (286, 'es', 'Eggenfelden');
INSERT INTO `city_translation` (`city_id`, `language_id`, `name`) VALUES (287, 'es', 'Baoji');
INSERT INTO `city_translation` (`city_id`, `language_id`, `name`) VALUES (288, 'es', 'Pekín');
INSERT INTO `city_translation` (`city_id`, `language_id`, `name`) VALUES (289, 'es', 'Changchun');
INSERT INTO `city_translation` (`city_id`, `language_id`, `name`) VALUES (290, 'es', 'Changsha');
INSERT INTO `city_translation` (`city_id`, `language_id`, `name`) VALUES (291, 'es', 'Changzhou');
INSERT INTO `city_translation` (`city_id`, `language_id`, `name`) VALUES (292, 'es', 'Chengdu');
INSERT INTO `city_translation` (`city_id`, `language_id`, `name`) VALUES (293, 'es', 'Chongqing');
INSERT INTO `city_translation` (`city_id`, `language_id`, `name`) VALUES (294, 'es', 'Dalian');
INSERT INTO `city_translation` (`city_id`, `language_id`, `name`) VALUES (295, 'es', 'Dazhou');
INSERT INTO `city_translation` (`city_id`, `language_id`, `name`) VALUES (296, 'es', 'Dezhou');
INSERT INTO `city_translation` (`city_id`, `language_id`, `name`) VALUES (297, 'es', 'Dongguan');
INSERT INTO `city_translation` (`city_id`, `language_id`, `name`) VALUES (298, 'es', 'Ezhou');
INSERT INTO `city_translation` (`city_id`, `language_id`, `name`) VALUES (299, 'es', 'Enshi');
INSERT INTO `city_translation` (`city_id`, `language_id`, `name`) VALUES (300, 'es', 'Foshan');
INSERT INTO `city_translation` (`city_id`, `language_id`, `name`) VALUES (301, 'es', 'Fuyang');
INSERT INTO `city_translation` (`city_id`, `language_id`, `name`) VALUES (302, 'es', 'Fuzhou');
INSERT INTO `city_translation` (`city_id`, `language_id`, `name`) VALUES (303, 'es', 'FuZhou TEC_NC');
INSERT INTO `city_translation` (`city_id`, `language_id`, `name`) VALUES (304, 'es', 'Guangzhou');
INSERT INTO `city_translation` (`city_id`, `language_id`, `name`) VALUES (305, 'es', 'Guiyang');
INSERT INTO `city_translation` (`city_id`, `language_id`, `name`) VALUES (306, 'es', 'Haerbin');
INSERT INTO `city_translation` (`city_id`, `language_id`, `name`) VALUES (307, 'es', 'Haikou');
INSERT INTO `city_translation` (`city_id`, `language_id`, `name`) VALUES (308, 'es', 'Handan');
INSERT INTO `city_translation` (`city_id`, `language_id`, `name`) VALUES (309, 'es', 'Hangzhou');
INSERT INTO `city_translation` (`city_id`, `language_id`, `name`) VALUES (310, 'es', 'Hanzhong');
INSERT INTO `city_translation` (`city_id`, `language_id`, `name`) VALUES (311, 'es', 'Hebi');
INSERT INTO `city_translation` (`city_id`, `language_id`, `name`) VALUES (312, 'es', 'Hefei');
INSERT INTO `city_translation` (`city_id`, `language_id`, `name`) VALUES (313, 'es', 'Hohhot');
INSERT INTO `city_translation` (`city_id`, `language_id`, `name`) VALUES (314, 'es', 'Huizhou');
INSERT INTO `city_translation` (`city_id`, `language_id`, `name`) VALUES (315, 'es', 'Jiaozuo');
INSERT INTO `city_translation` (`city_id`, `language_id`, `name`) VALUES (316, 'es', 'Jiaxing');
INSERT INTO `city_translation` (`city_id`, `language_id`, `name`) VALUES (317, 'es', 'Jinan');
INSERT INTO `city_translation` (`city_id`, `language_id`, `name`) VALUES (318, 'es', 'Jingan');
INSERT INTO `city_translation` (`city_id`, `language_id`, `name`) VALUES (319, 'es', 'Jingzhou');
INSERT INTO `city_translation` (`city_id`, `language_id`, `name`) VALUES (320, 'es', 'Jinhua');
INSERT INTO `city_translation` (`city_id`, `language_id`, `name`) VALUES (321, 'es', 'Jining');
INSERT INTO `city_translation` (`city_id`, `language_id`, `name`) VALUES (322, 'es', 'Jinzhou');
INSERT INTO `city_translation` (`city_id`, `language_id`, `name`) VALUES (323, 'es', 'Jiujiang');
INSERT INTO `city_translation` (`city_id`, `language_id`, `name`) VALUES (324, 'es', 'Kunming');
INSERT INTO `city_translation` (`city_id`, `language_id`, `name`) VALUES (325, 'es', 'Kunshan');
INSERT INTO `city_translation` (`city_id`, `language_id`, `name`) VALUES (326, 'es', 'Langfang');
INSERT INTO `city_translation` (`city_id`, `language_id`, `name`) VALUES (327, 'es', 'Lanzhou');
INSERT INTO `city_translation` (`city_id`, `language_id`, `name`) VALUES (328, 'es', 'Leshan');
INSERT INTO `city_translation` (`city_id`, `language_id`, `name`) VALUES (329, 'es', 'Lhasa');
INSERT INTO `city_translation` (`city_id`, `language_id`, `name`) VALUES (330, 'es', 'Liuzhou');
INSERT INTO `city_translation` (`city_id`, `language_id`, `name`) VALUES (331, 'es', 'Luoyang');
INSERT INTO `city_translation` (`city_id`, `language_id`, `name`) VALUES (332, 'es', 'Luzhou');
INSERT INTO `city_translation` (`city_id`, `language_id`, `name`) VALUES (333, 'es', 'Mianyang');
INSERT INTO `city_translation` (`city_id`, `language_id`, `name`) VALUES (334, 'es', 'Multi');
INSERT INTO `city_translation` (`city_id`, `language_id`, `name`) VALUES (335, 'es', 'Nanchang');
INSERT INTO `city_translation` (`city_id`, `language_id`, `name`) VALUES (336, 'es', 'Nanchong');
INSERT INTO `city_translation` (`city_id`, `language_id`, `name`) VALUES (337, 'es', 'Nanjing');
INSERT INTO `city_translation` (`city_id`, `language_id`, `name`) VALUES (338, 'es', 'Nanning');
INSERT INTO `city_translation` (`city_id`, `language_id`, `name`) VALUES (339, 'es', 'Nantong');
INSERT INTO `city_translation` (`city_id`, `language_id`, `name`) VALUES (340, 'es', 'Nanyang');
INSERT INTO `city_translation` (`city_id`, `language_id`, `name`) VALUES (341, 'es', 'Ningbo');
INSERT INTO `city_translation` (`city_id`, `language_id`, `name`) VALUES (342, 'es', 'Panzhihua');
INSERT INTO `city_translation` (`city_id`, `language_id`, `name`) VALUES (343, 'es', 'PuDong');
INSERT INTO `city_translation` (`city_id`, `language_id`, `name`) VALUES (344, 'es', 'Puyang');
INSERT INTO `city_translation` (`city_id`, `language_id`, `name`) VALUES (345, 'es', 'Qingdao');
INSERT INTO `city_translation` (`city_id`, `language_id`, `name`) VALUES (346, 'es', 'Sanya');
INSERT INTO `city_translation` (`city_id`, `language_id`, `name`) VALUES (347, 'es', 'Shanghái');
INSERT INTO `city_translation` (`city_id`, `language_id`, `name`) VALUES (348, 'es', 'Shangrao');
INSERT INTO `city_translation` (`city_id`, `language_id`, `name`) VALUES (349, 'es', 'Shantou');
INSERT INTO `city_translation` (`city_id`, `language_id`, `name`) VALUES (350, 'es', 'Shaoxing');
INSERT INTO `city_translation` (`city_id`, `language_id`, `name`) VALUES (351, 'es', 'Shenyang');
INSERT INTO `city_translation` (`city_id`, `language_id`, `name`) VALUES (352, 'es', 'Shenzhen');
INSERT INTO `city_translation` (`city_id`, `language_id`, `name`) VALUES (353, 'es', 'Shijiazhuang');
INSERT INTO `city_translation` (`city_id`, `language_id`, `name`) VALUES (354, 'es', 'Suzhou');
INSERT INTO `city_translation` (`city_id`, `language_id`, `name`) VALUES (355, 'es', 'Suzhou-SU');
INSERT INTO `city_translation` (`city_id`, `language_id`, `name`) VALUES (356, 'es', 'Taian');
INSERT INTO `city_translation` (`city_id`, `language_id`, `name`) VALUES (357, 'es', 'Taiyuan');
INSERT INTO `city_translation` (`city_id`, `language_id`, `name`) VALUES (358, 'es', 'Taizhou');
INSERT INTO `city_translation` (`city_id`, `language_id`, `name`) VALUES (359, 'es', 'Tangshan');
INSERT INTO `city_translation` (`city_id`, `language_id`, `name`) VALUES (360, 'es', 'Tianjin');
INSERT INTO `city_translation` (`city_id`, `language_id`, `name`) VALUES (361, 'es', 'Urumqi');
INSERT INTO `city_translation` (`city_id`, `language_id`, `name`) VALUES (362, 'es', 'Wanzhou');
INSERT INTO `city_translation` (`city_id`, `language_id`, `name`) VALUES (363, 'es', 'Weifang');
INSERT INTO `city_translation` (`city_id`, `language_id`, `name`) VALUES (364, 'es', 'Weinan');
INSERT INTO `city_translation` (`city_id`, `language_id`, `name`) VALUES (365, 'es', 'Wenzhou');
INSERT INTO `city_translation` (`city_id`, `language_id`, `name`) VALUES (366, 'es', 'Wuhan');
INSERT INTO `city_translation` (`city_id`, `language_id`, `name`) VALUES (367, 'es', 'Wuhu');
INSERT INTO `city_translation` (`city_id`, `language_id`, `name`) VALUES (368, 'es', 'Wuxi');
INSERT INTO `city_translation` (`city_id`, `language_id`, `name`) VALUES (369, 'es', 'Xiamen');
INSERT INTO `city_translation` (`city_id`, `language_id`, `name`) VALUES (370, 'es', 'Xian');
INSERT INTO `city_translation` (`city_id`, `language_id`, `name`) VALUES (371, 'es', 'Xianyang');
INSERT INTO `city_translation` (`city_id`, `language_id`, `name`) VALUES (372, 'es', 'Xiaogan');
INSERT INTO `city_translation` (`city_id`, `language_id`, `name`) VALUES (373, 'es', 'Xichang');
INSERT INTO `city_translation` (`city_id`, `language_id`, `name`) VALUES (374, 'es', 'Xining');
INSERT INTO `city_translation` (`city_id`, `language_id`, `name`) VALUES (375, 'es', 'Xinxiang');
INSERT INTO `city_translation` (`city_id`, `language_id`, `name`) VALUES (376, 'es', 'Xinyang');
INSERT INTO `city_translation` (`city_id`, `language_id`, `name`) VALUES (377, 'es', 'Xuzhou');
INSERT INTO `city_translation` (`city_id`, `language_id`, `name`) VALUES (378, 'es', 'Yantai');
INSERT INTO `city_translation` (`city_id`, `language_id`, `name`) VALUES (379, 'es', 'Yinchuan');
INSERT INTO `city_translation` (`city_id`, `language_id`, `name`) VALUES (380, 'es', 'Yulin');
INSERT INTO `city_translation` (`city_id`, `language_id`, `name`) VALUES (381, 'es', 'Zhengzhou');
INSERT INTO `city_translation` (`city_id`, `language_id`, `name`) VALUES (382, 'es', 'Zhenjiang');
INSERT INTO `city_translation` (`city_id`, `language_id`, `name`) VALUES (383, 'es', 'Zhongshán');
INSERT INTO `city_translation` (`city_id`, `language_id`, `name`) VALUES (384, 'es', 'Zhuhai');
INSERT INTO `city_translation` (`city_id`, `language_id`, `name`) VALUES (385, 'es', 'Zhuzhou');
INSERT INTO `city_translation` (`city_id`, `language_id`, `name`) VALUES (386, 'es', 'Zunyi');
INSERT INTO `city_translation` (`city_id`, `language_id`, `name`) VALUES (387, 'es', 'Florencia');
INSERT INTO `city_translation` (`city_id`, `language_id`, `name`) VALUES (388, 'es', 'Fort Worth');
INSERT INTO `city_translation` (`city_id`, `language_id`, `name`) VALUES (389, 'es', 'Annone di Brianza');
INSERT INTO `city_translation` (`city_id`, `language_id`, `name`) VALUES (390, 'es', 'Morbegno');
INSERT INTO `city_translation` (`city_id`, `language_id`, `name`) VALUES (391, 'es', 'Módena');
INSERT INTO `city_translation` (`city_id`, `language_id`, `name`) VALUES (392, 'es', 'Cagliari');
INSERT INTO `city_translation` (`city_id`, `language_id`, `name`) VALUES (393, 'es', 'Brescia');
INSERT INTO `city_translation` (`city_id`, `language_id`, `name`) VALUES (394, 'es', 'Vicenza');
INSERT INTO `city_translation` (`city_id`, `language_id`, `name`) VALUES (395, 'es', 'Mezzolombardo (TN)');
INSERT INTO `city_translation` (`city_id`, `language_id`, `name`) VALUES (396, 'es', 'Rimini');
INSERT INTO `city_translation` (`city_id`, `language_id`, `name`) VALUES (397, 'es', 'Séptimo de Pescantina (VR)');
INSERT INTO `city_translation` (`city_id`, `language_id`, `name`) VALUES (398, 'es', 'Nápoles');
INSERT INTO `city_translation` (`city_id`, `language_id`, `name`) VALUES (399, 'es', 'Peschiera Borromeo (MI)');
INSERT INTO `city_translation` (`city_id`, `language_id`, `name`) VALUES (400, 'es', 'Alejandría');
INSERT INTO `city_translation` (`city_id`, `language_id`, `name`) VALUES (401, 'es', 'Roma');
INSERT INTO `city_translation` (`city_id`, `language_id`, `name`) VALUES (402, 'es', 'Mestre');
INSERT INTO `city_translation` (`city_id`, `language_id`, `name`) VALUES (403, 'es', 'Turín');
INSERT INTO `city_translation` (`city_id`, `language_id`, `name`) VALUES (404, 'es', 'Imperia');
INSERT INTO `city_translation` (`city_id`, `language_id`, `name`) VALUES (405, 'es', 'Catania');
INSERT INTO `city_translation` (`city_id`, `language_id`, `name`) VALUES (406, 'es', 'Fort Wayne');
INSERT INTO `city_translation` (`city_id`, `language_id`, `name`) VALUES (407, 'es', 'Omaha');
INSERT INTO `city_translation` (`city_id`, `language_id`, `name`) VALUES (408, 'es', 'Des Moines');
INSERT INTO `city_translation` (`city_id`, `language_id`, `name`) VALUES (409, 'es', 'San Francisco');
INSERT INTO `city_translation` (`city_id`, `language_id`, `name`) VALUES (410, 'es', 'Egg Harbor Township');
INSERT INTO `city_translation` (`city_id`, `language_id`, `name`) VALUES (411, 'es', 'Shrewsbury');
INSERT INTO `city_translation` (`city_id`, `language_id`, `name`) VALUES (412, 'es', 'Springfield (IL)');
INSERT INTO `city_translation` (`city_id`, `language_id`, `name`) VALUES (413, 'es', 'Hollins');
INSERT INTO `city_translation` (`city_id`, `language_id`, `name`) VALUES (414, 'es', 'Edison');
INSERT INTO `city_translation` (`city_id`, `language_id`, `name`) VALUES (415, 'es', 'Hong Kong');
INSERT INTO `city_translation` (`city_id`, `language_id`, `name`) VALUES (416, 'es', 'Olive Branch');
INSERT INTO `city_translation` (`city_id`, `language_id`, `name`) VALUES (417, 'es', 'Riccione');
INSERT INTO `city_translation` (`city_id`, `language_id`, `name`) VALUES (418, 'es', 'Madrid');
INSERT INTO `city_translation` (`city_id`, `language_id`, `name`) VALUES (419, 'es', 'Sintra');
INSERT INTO `city_translation` (`city_id`, `language_id`, `name`) VALUES (420, 'es', 'Mieres');
INSERT INTO `city_translation` (`city_id`, `language_id`, `name`) VALUES (421, 'es', 'Guang\'an');
INSERT INTO `city_translation` (`city_id`, `language_id`, `name`) VALUES (99999, 'es', 'No city');

INSERT INTO `city_translation` (`city_id`, `language_id`, `name`) VALUES (1, 'fr', 'Addison');
INSERT INTO `city_translation` (`city_id`, `language_id`, `name`) VALUES (2, 'fr', 'Albuquerque');
INSERT INTO `city_translation` (`city_id`, `language_id`, `name`) VALUES (3, 'fr', 'Alexandria');
INSERT INTO `city_translation` (`city_id`, `language_id`, `name`) VALUES (4, 'fr', 'Allentown');
INSERT INTO `city_translation` (`city_id`, `language_id`, `name`) VALUES (5, 'fr', 'Alpharetta');
INSERT INTO `city_translation` (`city_id`, `language_id`, `name`) VALUES (6, 'fr', 'Anaheim');
INSERT INTO `city_translation` (`city_id`, `language_id`, `name`) VALUES (7, 'fr', 'Anchorage');
INSERT INTO `city_translation` (`city_id`, `language_id`, `name`) VALUES (8, 'fr', 'Ashland');
INSERT INTO `city_translation` (`city_id`, `language_id`, `name`) VALUES (9, 'fr', 'Atlanta');
INSERT INTO `city_translation` (`city_id`, `language_id`, `name`) VALUES (10, 'fr', 'Auburn Hills');
INSERT INTO `city_translation` (`city_id`, `language_id`, `name`) VALUES (11, 'fr', 'Augsbourg');
INSERT INTO `city_translation` (`city_id`, `language_id`, `name`) VALUES (12, 'fr', 'Austin');
INSERT INTO `city_translation` (`city_id`, `language_id`, `name`) VALUES (13, 'fr', 'Bakersfield');
INSERT INTO `city_translation` (`city_id`, `language_id`, `name`) VALUES (14, 'fr', 'Bangkok');
INSERT INTO `city_translation` (`city_id`, `language_id`, `name`) VALUES (15, 'fr', 'Baton Rouge');
INSERT INTO `city_translation` (`city_id`, `language_id`, `name`) VALUES (16, 'fr', 'Bayreuth');
INSERT INTO `city_translation` (`city_id`, `language_id`, `name`) VALUES (17, 'fr', 'Belgrade');
INSERT INTO `city_translation` (`city_id`, `language_id`, `name`) VALUES (18, 'fr', 'Bellevue');
INSERT INTO `city_translation` (`city_id`, `language_id`, `name`) VALUES (19, 'fr', 'Belo Horizonte');
INSERT INTO `city_translation` (`city_id`, `language_id`, `name`) VALUES (20, 'fr', 'Berlin');
INSERT INTO `city_translation` (`city_id`, `language_id`, `name`) VALUES (21, 'fr', 'Bessemer');
INSERT INTO `city_translation` (`city_id`, `language_id`, `name`) VALUES (22, 'fr', 'Bethpage');
INSERT INTO `city_translation` (`city_id`, `language_id`, `name`) VALUES (23, 'fr', 'Bielefeld');
INSERT INTO `city_translation` (`city_id`, `language_id`, `name`) VALUES (24, 'fr', 'Birmingham (US)');
INSERT INTO `city_translation` (`city_id`, `language_id`, `name`) VALUES (25, 'fr', 'Bochum');
INSERT INTO `city_translation` (`city_id`, `language_id`, `name`) VALUES (26, 'fr', 'Boise');
INSERT INTO `city_translation` (`city_id`, `language_id`, `name`) VALUES (27, 'fr', 'Bolivar');
INSERT INTO `city_translation` (`city_id`, `language_id`, `name`) VALUES (28, 'fr', 'Bradenton');
INSERT INTO `city_translation` (`city_id`, `language_id`, `name`) VALUES (29, 'fr', 'Brandebourg Havel');
INSERT INTO `city_translation` (`city_id`, `language_id`, `name`) VALUES (30, 'fr', 'Brasilia');
INSERT INTO `city_translation` (`city_id`, `language_id`, `name`) VALUES (31, 'fr', 'Brême');
INSERT INTO `city_translation` (`city_id`, `language_id`, `name`) VALUES (32, 'fr', 'Brewer');
INSERT INTO `city_translation` (`city_id`, `language_id`, `name`) VALUES (33, 'fr', 'Broadview Heights');
INSERT INTO `city_translation` (`city_id`, `language_id`, `name`) VALUES (34, 'fr', 'Broken Arrow');
INSERT INTO `city_translation` (`city_id`, `language_id`, `name`) VALUES (35, 'fr', 'Bubsheim');
INSERT INTO `city_translation` (`city_id`, `language_id`, `name`) VALUES (36, 'fr', 'Budapest');
INSERT INTO `city_translation` (`city_id`, `language_id`, `name`) VALUES (37, 'fr', 'Buffalo');
INSERT INTO `city_translation` (`city_id`, `language_id`, `name`) VALUES (38, 'fr', 'Burbank');
INSERT INTO `city_translation` (`city_id`, `language_id`, `name`) VALUES (39, 'fr', 'Calgary');
INSERT INTO `city_translation` (`city_id`, `language_id`, `name`) VALUES (40, 'fr', 'Cantano');
INSERT INTO `city_translation` (`city_id`, `language_id`, `name`) VALUES (41, 'fr', 'Capelle aan den Ijssel');
INSERT INTO `city_translation` (`city_id`, `language_id`, `name`) VALUES (42, 'fr', 'Cerritos');
INSERT INTO `city_translation` (`city_id`, `language_id`, `name`) VALUES (43, 'fr', 'Charleston');
INSERT INTO `city_translation` (`city_id`, `language_id`, `name`) VALUES (44, 'fr', 'Charlotte');
INSERT INTO `city_translation` (`city_id`, `language_id`, `name`) VALUES (45, 'fr', 'Chattanooga');
INSERT INTO `city_translation` (`city_id`, `language_id`, `name`) VALUES (46, 'fr', 'Cheektowaga');
INSERT INTO `city_translation` (`city_id`, `language_id`, `name`) VALUES (47, 'fr', 'Chemnitz');
INSERT INTO `city_translation` (`city_id`, `language_id`, `name`) VALUES (48, 'fr', 'Chesapeake');
INSERT INTO `city_translation` (`city_id`, `language_id`, `name`) VALUES (49, 'fr', 'Chicago');
INSERT INTO `city_translation` (`city_id`, `language_id`, `name`) VALUES (50, 'fr', 'Cincinnati');
INSERT INTO `city_translation` (`city_id`, `language_id`, `name`) VALUES (51, 'fr', 'Ciudad de Panama');
INSERT INTO `city_translation` (`city_id`, `language_id`, `name`) VALUES (52, 'fr', 'Cleveland');
INSERT INTO `city_translation` (`city_id`, `language_id`, `name`) VALUES (53, 'fr', 'College park');
INSERT INTO `city_translation` (`city_id`, `language_id`, `name`) VALUES (54, 'fr', 'Cologno Monzese');
INSERT INTO `city_translation` (`city_id`, `language_id`, `name`) VALUES (55, 'fr', 'Colorado Springs');
INSERT INTO `city_translation` (`city_id`, `language_id`, `name`) VALUES (56, 'fr', 'Columbia');
INSERT INTO `city_translation` (`city_id`, `language_id`, `name`) VALUES (57, 'fr', 'Columbus');
INSERT INTO `city_translation` (`city_id`, `language_id`, `name`) VALUES (58, 'fr', 'Coppell');
INSERT INTO `city_translation` (`city_id`, `language_id`, `name`) VALUES (59, 'fr', 'Corpus Christi');
INSERT INTO `city_translation` (`city_id`, `language_id`, `name`) VALUES (60, 'fr', 'Cottonwood Heights');
INSERT INTO `city_translation` (`city_id`, `language_id`, `name`) VALUES (61, 'fr', 'Cranford');
INSERT INTO `city_translation` (`city_id`, `language_id`, `name`) VALUES (62, 'fr', 'Dallas');
INSERT INTO `city_translation` (`city_id`, `language_id`, `name`) VALUES (63, 'fr', 'Darmstadt');
INSERT INTO `city_translation` (`city_id`, `language_id`, `name`) VALUES (64, 'fr', 'Dartmouth');
INSERT INTO `city_translation` (`city_id`, `language_id`, `name`) VALUES (65, 'fr', 'Denklingen');
INSERT INTO `city_translation` (`city_id`, `language_id`, `name`) VALUES (66, 'fr', 'Denver');
INSERT INTO `city_translation` (`city_id`, `language_id`, `name`) VALUES (67, 'fr', 'Détroit');
INSERT INTO `city_translation` (`city_id`, `language_id`, `name`) VALUES (68, 'fr', 'Dortmund');
INSERT INTO `city_translation` (`city_id`, `language_id`, `name`) VALUES (69, 'fr', 'Downers Grove');
INSERT INTO `city_translation` (`city_id`, `language_id`, `name`) VALUES (70, 'fr', 'Dresde');
INSERT INTO `city_translation` (`city_id`, `language_id`, `name`) VALUES (71, 'fr', 'Dunwoody');
INSERT INTO `city_translation` (`city_id`, `language_id`, `name`) VALUES (72, 'fr', 'Düsseldorf');
INSERT INTO `city_translation` (`city_id`, `language_id`, `name`) VALUES (73, 'fr', 'El Cajon');
INSERT INTO `city_translation` (`city_id`, `language_id`, `name`) VALUES (74, 'fr', 'El Paso');
INSERT INTO `city_translation` (`city_id`, `language_id`, `name`) VALUES (75, 'fr', 'Erfurt');
INSERT INTO `city_translation` (`city_id`, `language_id`, `name`) VALUES (76, 'fr', 'Essen');
INSERT INTO `city_translation` (`city_id`, `language_id`, `name`) VALUES (77, 'fr', 'Esslingen');
INSERT INTO `city_translation` (`city_id`, `language_id`, `name`) VALUES (78, 'fr', 'Eugene');
INSERT INTO `city_translation` (`city_id`, `language_id`, `name`) VALUES (79, 'fr', 'Evansville');
INSERT INTO `city_translation` (`city_id`, `language_id`, `name`) VALUES (80, 'fr', 'Everett');
INSERT INTO `city_translation` (`city_id`, `language_id`, `name`) VALUES (81, 'fr', 'Fargo');
INSERT INTO `city_translation` (`city_id`, `language_id`, `name`) VALUES (82, 'fr', 'Feldkirchen');
INSERT INTO `city_translation` (`city_id`, `language_id`, `name`) VALUES (83, 'fr', 'Fellbach');
INSERT INTO `city_translation` (`city_id`, `language_id`, `name`) VALUES (84, 'fr', 'Filderstadt');
INSERT INTO `city_translation` (`city_id`, `language_id`, `name`) VALUES (85, 'fr', 'Foggia');
INSERT INTO `city_translation` (`city_id`, `language_id`, `name`) VALUES (86, 'fr', 'Forst');
INSERT INTO `city_translation` (`city_id`, `language_id`, `name`) VALUES (87, 'fr', 'Fort Collins');
INSERT INTO `city_translation` (`city_id`, `language_id`, `name`) VALUES (88, 'fr', 'Fortaleza');
INSERT INTO `city_translation` (`city_id`, `language_id`, `name`) VALUES (89, 'fr', 'Francfort-sur-le-Main');
INSERT INTO `city_translation` (`city_id`, `language_id`, `name`) VALUES (90, 'fr', 'Freiburg in Breisgau');
INSERT INTO `city_translation` (`city_id`, `language_id`, `name`) VALUES (91, 'fr', 'Fresno');
INSERT INTO `city_translation` (`city_id`, `language_id`, `name`) VALUES (92, 'fr', 'Frisco');
INSERT INTO `city_translation` (`city_id`, `language_id`, `name`) VALUES (93, 'fr', 'Ft. Lauderdale');
INSERT INTO `city_translation` (`city_id`, `language_id`, `name`) VALUES (94, 'fr', 'Ft. Myers');
INSERT INTO `city_translation` (`city_id`, `language_id`, `name`) VALUES (95, 'fr', 'Ft. Worth');
INSERT INTO `city_translation` (`city_id`, `language_id`, `name`) VALUES (96, 'fr', 'Fürth');
INSERT INTO `city_translation` (`city_id`, `language_id`, `name`) VALUES (97, 'fr', 'Fulda');
INSERT INTO `city_translation` (`city_id`, `language_id`, `name`) VALUES (98, 'fr', 'Gainesville');
INSERT INTO `city_translation` (`city_id`, `language_id`, `name`) VALUES (99, 'fr', 'Germantown');
INSERT INTO `city_translation` (`city_id`, `language_id`, `name`) VALUES (100, 'fr', 'Gieen');
INSERT INTO `city_translation` (`city_id`, `language_id`, `name`) VALUES (101, 'fr', 'Gingen');
INSERT INTO `city_translation` (`city_id`, `language_id`, `name`) VALUES (102, 'fr', 'Ginsheim');
INSERT INTO `city_translation` (`city_id`, `language_id`, `name`) VALUES (103, 'fr', 'Gochsheim');
INSERT INTO `city_translation` (`city_id`, `language_id`, `name`) VALUES (104, 'fr', 'Goleta');
INSERT INTO `city_translation` (`city_id`, `language_id`, `name`) VALUES (105, 'fr', 'Grand Rapids');
INSERT INTO `city_translation` (`city_id`, `language_id`, `name`) VALUES (106, 'fr', 'Graz');
INSERT INTO `city_translation` (`city_id`, `language_id`, `name`) VALUES (107, 'fr', 'Greensboro');
INSERT INTO `city_translation` (`city_id`, `language_id`, `name`) VALUES (108, 'fr', 'Greenville');
INSERT INTO `city_translation` (`city_id`, `language_id`, `name`) VALUES (109, 'fr', 'Greenwood Village');
INSERT INTO `city_translation` (`city_id`, `language_id`, `name`) VALUES (110, 'fr', 'Guaiba');
INSERT INTO `city_translation` (`city_id`, `language_id`, `name`) VALUES (111, 'fr', 'Guaiba-Portoalegre');
INSERT INTO `city_translation` (`city_id`, `language_id`, `name`) VALUES (112, 'fr', 'Guarulhos');
INSERT INTO `city_translation` (`city_id`, `language_id`, `name`) VALUES (113, 'fr', 'Gypsum');
INSERT INTO `city_translation` (`city_id`, `language_id`, `name`) VALUES (114, 'fr', 'Hallberg Moss');
INSERT INTO `city_translation` (`city_id`, `language_id`, `name`) VALUES (115, 'fr', 'Hambourg');
INSERT INTO `city_translation` (`city_id`, `language_id`, `name`) VALUES (116, 'fr', 'Hamm');
INSERT INTO `city_translation` (`city_id`, `language_id`, `name`) VALUES (117, 'fr', 'Hanover');
INSERT INTO `city_translation` (`city_id`, `language_id`, `name`) VALUES (118, 'fr', 'Harahan');
INSERT INTO `city_translation` (`city_id`, `language_id`, `name`) VALUES (119, 'fr', 'Hayward');
INSERT INTO `city_translation` (`city_id`, `language_id`, `name`) VALUES (120, 'fr', 'Heilbronn');
INSERT INTO `city_translation` (`city_id`, `language_id`, `name`) VALUES (121, 'fr', 'Himmelstadt');
INSERT INTO `city_translation` (`city_id`, `language_id`, `name`) VALUES (122, 'fr', 'Hô Chi Minh-Ville');
INSERT INTO `city_translation` (`city_id`, `language_id`, `name`) VALUES (123, 'fr', 'Honolulu');
INSERT INTO `city_translation` (`city_id`, `language_id`, `name`) VALUES (124, 'fr', 'Hoover');
INSERT INTO `city_translation` (`city_id`, `language_id`, `name`) VALUES (125, 'fr', 'Horn Lake');
INSERT INTO `city_translation` (`city_id`, `language_id`, `name`) VALUES (126, 'fr', 'Houston');
INSERT INTO `city_translation` (`city_id`, `language_id`, `name`) VALUES (127, 'fr', 'Huntsville');
INSERT INTO `city_translation` (`city_id`, `language_id`, `name`) VALUES (128, 'fr', 'Hürth');
INSERT INTO `city_translation` (`city_id`, `language_id`, `name`) VALUES (129, 'fr', 'Indianapolis');
INSERT INTO `city_translation` (`city_id`, `language_id`, `name`) VALUES (130, 'fr', 'Irvine');
INSERT INTO `city_translation` (`city_id`, `language_id`, `name`) VALUES (131, 'fr', 'Isernhagen-Altwarmbüchen');
INSERT INTO `city_translation` (`city_id`, `language_id`, `name`) VALUES (132, 'fr', 'Istanbul');
INSERT INTO `city_translation` (`city_id`, `language_id`, `name`) VALUES (133, 'fr', 'Jackson');
INSERT INTO `city_translation` (`city_id`, `language_id`, `name`) VALUES (134, 'fr', 'Jacksonville');
INSERT INTO `city_translation` (`city_id`, `language_id`, `name`) VALUES (135, 'fr', 'Jakarta');
INSERT INTO `city_translation` (`city_id`, `language_id`, `name`) VALUES (136, 'fr', 'João Pessoa');
INSERT INTO `city_translation` (`city_id`, `language_id`, `name`) VALUES (137, 'fr', 'Juneau');
INSERT INTO `city_translation` (`city_id`, `language_id`, `name`) VALUES (138, 'fr', 'Kansas City');
INSERT INTO `city_translation` (`city_id`, `language_id`, `name`) VALUES (139, 'fr', 'Karlsruhe');
INSERT INTO `city_translation` (`city_id`, `language_id`, `name`) VALUES (140, 'fr', 'Kassel');
INSERT INTO `city_translation` (`city_id`, `language_id`, `name`) VALUES (141, 'fr', 'Kennesaw');
INSERT INTO `city_translation` (`city_id`, `language_id`, `name`) VALUES (142, 'fr', 'Key West');
INSERT INTO `city_translation` (`city_id`, `language_id`, `name`) VALUES (143, 'fr', 'Kiel');
INSERT INTO `city_translation` (`city_id`, `language_id`, `name`) VALUES (144, 'fr', 'Roi de Prusse');
INSERT INTO `city_translation` (`city_id`, `language_id`, `name`) VALUES (145, 'fr', 'Kirkland');
INSERT INTO `city_translation` (`city_id`, `language_id`, `name`) VALUES (146, 'fr', 'Knoxville');
INSERT INTO `city_translation` (`city_id`, `language_id`, `name`) VALUES (147, 'fr', 'Cologne');
INSERT INTO `city_translation` (`city_id`, `language_id`, `name`) VALUES (148, 'fr', 'Crimping aan den IJssel');
INSERT INTO `city_translation` (`city_id`, `language_id`, `name`) VALUES (149, 'fr', 'Kuala Lumpur');
INSERT INTO `city_translation` (`city_id`, `language_id`, `name`) VALUES (150, 'fr', 'Lake Havasu City');
INSERT INTO `city_translation` (`city_id`, `language_id`, `name`) VALUES (151, 'fr', 'Langenhagen');
INSERT INTO `city_translation` (`city_id`, `language_id`, `name`) VALUES (152, 'fr', 'Las Vegas');
INSERT INTO `city_translation` (`city_id`, `language_id`, `name`) VALUES (153, 'fr', 'Leinfelden-Echterdingen');
INSERT INTO `city_translation` (`city_id`, `language_id`, `name`) VALUES (154, 'fr', 'Leipzig');
INSERT INTO `city_translation` (`city_id`, `language_id`, `name`) VALUES (155, 'fr', 'Lenexa');
INSERT INTO `city_translation` (`city_id`, `language_id`, `name`) VALUES (156, 'fr', 'Lenton, Nottingham');
INSERT INTO `city_translation` (`city_id`, `language_id`, `name`) VALUES (157, 'fr', 'Lexington');
INSERT INTO `city_translation` (`city_id`, `language_id`, `name`) VALUES (158, 'fr', 'Lincoln');
INSERT INTO `city_translation` (`city_id`, `language_id`, `name`) VALUES (159, 'fr', 'Linthicum');
INSERT INTO `city_translation` (`city_id`, `language_id`, `name`) VALUES (160, 'fr', 'Lisle');
INSERT INTO `city_translation` (`city_id`, `language_id`, `name`) VALUES (161, 'fr', 'Little Rock');
INSERT INTO `city_translation` (`city_id`, `language_id`, `name`) VALUES (162, 'fr', 'Livonia');
INSERT INTO `city_translation` (`city_id`, `language_id`, `name`) VALUES (163, 'fr', 'Logan');
INSERT INTO `city_translation` (`city_id`, `language_id`, `name`) VALUES (164, 'fr', 'Lombard');
INSERT INTO `city_translation` (`city_id`, `language_id`, `name`) VALUES (165, 'fr', 'Long Island');
INSERT INTO `city_translation` (`city_id`, `language_id`, `name`) VALUES (166, 'fr', 'Lorton (NOVA)');
INSERT INTO `city_translation` (`city_id`, `language_id`, `name`) VALUES (167, 'fr', 'Los Angeles');
INSERT INTO `city_translation` (`city_id`, `language_id`, `name`) VALUES (168, 'fr', 'Louisville');
INSERT INTO `city_translation` (`city_id`, `language_id`, `name`) VALUES (169, 'fr', 'Lubbock');
INSERT INTO `city_translation` (`city_id`, `language_id`, `name`) VALUES (170, 'fr', 'Macapa');
INSERT INTO `city_translation` (`city_id`, `language_id`, `name`) VALUES (171, 'fr', 'Maceio');
INSERT INTO `city_translation` (`city_id`, `language_id`, `name`) VALUES (172, 'fr', 'Macon');
INSERT INTO `city_translation` (`city_id`, `language_id`, `name`) VALUES (173, 'fr', 'Madison');
INSERT INTO `city_translation` (`city_id`, `language_id`, `name`) VALUES (174, 'fr', 'Magdebourg');
INSERT INTO `city_translation` (`city_id`, `language_id`, `name`) VALUES (175, 'fr', 'Manaus');
INSERT INTO `city_translation` (`city_id`, `language_id`, `name`) VALUES (176, 'fr', 'Manchester');
INSERT INTO `city_translation` (`city_id`, `language_id`, `name`) VALUES (177, 'fr', 'Mannheim');
INSERT INTO `city_translation` (`city_id`, `language_id`, `name`) VALUES (178, 'fr', 'Marietta');
INSERT INTO `city_translation` (`city_id`, `language_id`, `name`) VALUES (179, 'fr', 'Markkleeberg');
INSERT INTO `city_translation` (`city_id`, `language_id`, `name`) VALUES (180, 'fr', 'Memphis');
INSERT INTO `city_translation` (`city_id`, `language_id`, `name`) VALUES (181, 'fr', 'Miami');
INSERT INTO `city_translation` (`city_id`, `language_id`, `name`) VALUES (182, 'fr', 'Middleton');
INSERT INTO `city_translation` (`city_id`, `language_id`, `name`) VALUES (183, 'fr', 'Midland');
INSERT INTO `city_translation` (`city_id`, `language_id`, `name`) VALUES (184, 'fr', 'Minneapolis');
INSERT INTO `city_translation` (`city_id`, `language_id`, `name`) VALUES (185, 'fr', 'Moncton');
INSERT INTO `city_translation` (`city_id`, `language_id`, `name`) VALUES (186, 'fr', 'Moscow');
INSERT INTO `city_translation` (`city_id`, `language_id`, `name`) VALUES (187, 'fr', 'Móstoles');
INSERT INTO `city_translation` (`city_id`, `language_id`, `name`) VALUES (188, 'fr', 'Munich');
INSERT INTO `city_translation` (`city_id`, `language_id`, `name`) VALUES (190, 'fr', 'Münster');
INSERT INTO `city_translation` (`city_id`, `language_id`, `name`) VALUES (191, 'fr', 'Myrtle Beach');
INSERT INTO `city_translation` (`city_id`, `language_id`, `name`) VALUES (192, 'fr', 'Nashville');
INSERT INTO `city_translation` (`city_id`, `language_id`, `name`) VALUES (193, 'fr', 'Nassau');
INSERT INTO `city_translation` (`city_id`, `language_id`, `name`) VALUES (194, 'fr', 'Nationwide');
INSERT INTO `city_translation` (`city_id`, `language_id`, `name`) VALUES (195, 'fr', 'Neuhausen');
INSERT INTO `city_translation` (`city_id`, `language_id`, `name`) VALUES (196, 'fr', 'Neuss');
INSERT INTO `city_translation` (`city_id`, `language_id`, `name`) VALUES (197, 'fr', 'New Haven (Orange)');
INSERT INTO `city_translation` (`city_id`, `language_id`, `name`) VALUES (198, 'fr', 'La Nouvelle-Orléans');
INSERT INTO `city_translation` (`city_id`, `language_id`, `name`) VALUES (199, 'fr', 'New York');
INSERT INTO `city_translation` (`city_id`, `language_id`, `name`) VALUES (200, 'fr', 'Norfolk');
INSERT INTO `city_translation` (`city_id`, `language_id`, `name`) VALUES (201, 'fr', 'Northwood');
INSERT INTO `city_translation` (`city_id`, `language_id`, `name`) VALUES (202, 'fr', 'NRW');
INSERT INTO `city_translation` (`city_id`, `language_id`, `name`) VALUES (203, 'fr', 'Nuremberg');
INSERT INTO `city_translation` (`city_id`, `language_id`, `name`) VALUES (204, 'fr', 'Oklahoma City');
INSERT INTO `city_translation` (`city_id`, `language_id`, `name`) VALUES (205, 'fr', 'Orlando');
INSERT INTO `city_translation` (`city_id`, `language_id`, `name`) VALUES (206, 'fr', 'Oslo');
INSERT INTO `city_translation` (`city_id`, `language_id`, `name`) VALUES (207, 'fr', 'Pensacola');
INSERT INTO `city_translation` (`city_id`, `language_id`, `name`) VALUES (208, 'fr', 'Peoria');
INSERT INTO `city_translation` (`city_id`, `language_id`, `name`) VALUES (209, 'fr', 'Petaling Jaya');
INSERT INTO `city_translation` (`city_id`, `language_id`, `name`) VALUES (210, 'fr', 'Philadelphia');
INSERT INTO `city_translation` (`city_id`, `language_id`, `name`) VALUES (211, 'fr', 'Phoenix');
INSERT INTO `city_translation` (`city_id`, `language_id`, `name`) VALUES (212, 'fr', 'Piracicaba');
INSERT INTO `city_translation` (`city_id`, `language_id`, `name`) VALUES (213, 'fr', 'Pittsburgh');
INSERT INTO `city_translation` (`city_id`, `language_id`, `name`) VALUES (214, 'fr', 'Plan-les-Ouates');
INSERT INTO `city_translation` (`city_id`, `language_id`, `name`) VALUES (215, 'fr', 'Pompano Beach');
INSERT INTO `city_translation` (`city_id`, `language_id`, `name`) VALUES (216, 'fr', 'Portland');
INSERT INTO `city_translation` (`city_id`, `language_id`, `name`) VALUES (217, 'fr', 'Porto Alegre');
INSERT INTO `city_translation` (`city_id`, `language_id`, `name`) VALUES (218, 'fr', 'Turkey');
INSERT INTO `city_translation` (`city_id`, `language_id`, `name`) VALUES (219, 'fr', 'Raleigh');
INSERT INTO `city_translation` (`city_id`, `language_id`, `name`) VALUES (220, 'fr', 'Recife');
INSERT INTO `city_translation` (`city_id`, `language_id`, `name`) VALUES (221, 'fr', 'Regensburg');
INSERT INTO `city_translation` (`city_id`, `language_id`, `name`) VALUES (222, 'fr', 'Reutlingen');
INSERT INTO `city_translation` (`city_id`, `language_id`, `name`) VALUES (223, 'fr', 'Richland');
INSERT INTO `city_translation` (`city_id`, `language_id`, `name`) VALUES (224, 'fr', 'Richmond');
INSERT INTO `city_translation` (`city_id`, `language_id`, `name`) VALUES (225, 'fr', 'Riviera Beach');
INSERT INTO `city_translation` (`city_id`, `language_id`, `name`) VALUES (226, 'fr', 'Roanoke');
INSERT INTO `city_translation` (`city_id`, `language_id`, `name`) VALUES (227, 'fr', 'Rochester');
INSERT INTO `city_translation` (`city_id`, `language_id`, `name`) VALUES (228, 'fr', 'Rostock');
INSERT INTO `city_translation` (`city_id`, `language_id`, `name`) VALUES (229, 'fr', 'Rottweil');
INSERT INTO `city_translation` (`city_id`, `language_id`, `name`) VALUES (230, 'fr', 'Rümlang');
INSERT INTO `city_translation` (`city_id`, `language_id`, `name`) VALUES (231, 'fr', 'Sarrebruck');
INSERT INTO `city_translation` (`city_id`, `language_id`, `name`) VALUES (232, 'fr', 'Salt Lake City');
INSERT INTO `city_translation` (`city_id`, `language_id`, `name`) VALUES (233, 'fr', 'San Antonio');
INSERT INTO `city_translation` (`city_id`, `language_id`, `name`) VALUES (234, 'fr', 'San Francisco (centre-ville)');
INSERT INTO `city_translation` (`city_id`, `language_id`, `name`) VALUES (235, 'fr', 'San Jose');
INSERT INTO `city_translation` (`city_id`, `language_id`, `name`) VALUES (236, 'fr', 'San Leandro (Hayward)');
INSERT INTO `city_translation` (`city_id`, `language_id`, `name`) VALUES (237, 'fr', 'Savannah');
INSERT INTO `city_translation` (`city_id`, `language_id`, `name`) VALUES (238, 'fr', 'Scarborough');
INSERT INTO `city_translation` (`city_id`, `language_id`, `name`) VALUES (239, 'fr', 'Seattle');
INSERT INTO `city_translation` (`city_id`, `language_id`, `name`) VALUES (240, 'fr', 'Shreveport');
INSERT INTO `city_translation` (`city_id`, `language_id`, `name`) VALUES (241, 'fr', 'Singapour');
INSERT INTO `city_translation` (`city_id`, `language_id`, `name`) VALUES (242, 'fr', 'Singing');
INSERT INTO `city_translation` (`city_id`, `language_id`, `name`) VALUES (243, 'fr', 'Sioux Falls');
INSERT INTO `city_translation` (`city_id`, `language_id`, `name`) VALUES (244, 'fr', 'Sparks');
INSERT INTO `city_translation` (`city_id`, `language_id`, `name`) VALUES (245, 'fr', 'Spokane');
INSERT INTO `city_translation` (`city_id`, `language_id`, `name`) VALUES (246, 'fr', 'Springfield (Ozark)');
INSERT INTO `city_translation` (`city_id`, `language_id`, `name`) VALUES (247, 'fr', 'Saint-Gall');
INSERT INTO `city_translation` (`city_id`, `language_id`, `name`) VALUES (248, 'fr', 'St. Louis');
INSERT INTO `city_translation` (`city_id`, `language_id`, `name`) VALUES (249, 'fr', 'Stockholm');
INSERT INTO `city_translation` (`city_id`, `language_id`, `name`) VALUES (250, 'fr', 'Stuhr');
INSERT INTO `city_translation` (`city_id`, `language_id`, `name`) VALUES (251, 'fr', 'Stuttgart');
INSERT INTO `city_translation` (`city_id`, `language_id`, `name`) VALUES (252, 'fr', 'Sydney');
INSERT INTO `city_translation` (`city_id`, `language_id`, `name`) VALUES (253, 'fr', 'Syracuse (East Syracuse)');
INSERT INTO `city_translation` (`city_id`, `language_id`, `name`) VALUES (254, 'fr', 'Tacoma (University Place)');
INSERT INTO `city_translation` (`city_id`, `language_id`, `name`) VALUES (255, 'fr', 'Tallahassee');
INSERT INTO `city_translation` (`city_id`, `language_id`, `name`) VALUES (256, 'fr', 'Tamarac (Corp Office)');
INSERT INTO `city_translation` (`city_id`, `language_id`, `name`) VALUES (257, 'fr', 'Tampa');
INSERT INTO `city_translation` (`city_id`, `language_id`, `name`) VALUES (258, 'fr', 'Temple');
INSERT INTO `city_translation` (`city_id`, `language_id`, `name`) VALUES (259, 'fr', 'The Woodlands');
INSERT INTO `city_translation` (`city_id`, `language_id`, `name`) VALUES (260, 'fr', 'Toronto');
INSERT INTO `city_translation` (`city_id`, `language_id`, `name`) VALUES (261, 'fr', 'Troisdorf');
INSERT INTO `city_translation` (`city_id`, `language_id`, `name`) VALUES (262, 'fr', 'Tucson');
INSERT INTO `city_translation` (`city_id`, `language_id`, `name`) VALUES (263, 'fr', 'Tulsa');
INSERT INTO `city_translation` (`city_id`, `language_id`, `name`) VALUES (264, 'fr', 'Tyler');
INSERT INTO `city_translation` (`city_id`, `language_id`, `name`) VALUES (265, 'fr', 'Ulm');
INSERT INTO `city_translation` (`city_id`, `language_id`, `name`) VALUES (266, 'fr', 'Vero Beach');
INSERT INTO `city_translation` (`city_id`, `language_id`, `name`) VALUES (267, 'fr', 'Wallingford');
INSERT INTO `city_translation` (`city_id`, `language_id`, `name`) VALUES (268, 'fr', 'Walnut');
INSERT INTO `city_translation` (`city_id`, `language_id`, `name`) VALUES (269, 'fr', 'Wals-Siezenheim');
INSERT INTO `city_translation` (`city_id`, `language_id`, `name`) VALUES (270, 'fr', 'Washington');
INSERT INTO `city_translation` (`city_id`, `language_id`, `name`) VALUES (271, 'fr', 'Waukesha');
INSERT INTO `city_translation` (`city_id`, `language_id`, `name`) VALUES (272, 'fr', 'Western Babylon');
INSERT INTO `city_translation` (`city_id`, `language_id`, `name`) VALUES (273, 'fr', 'West Babylon (Long Island)');
INSERT INTO `city_translation` (`city_id`, `language_id`, `name`) VALUES (274, 'fr', 'West Sacramento');
INSERT INTO `city_translation` (`city_id`, `language_id`, `name`) VALUES (275, 'fr', 'Westchester');
INSERT INTO `city_translation` (`city_id`, `language_id`, `name`) VALUES (276, 'fr', 'Westerville');
INSERT INTO `city_translation` (`city_id`, `language_id`, `name`) VALUES (277, 'fr', 'Westwood');
INSERT INTO `city_translation` (`city_id`, `language_id`, `name`) VALUES (278, 'fr', 'Wichita');
INSERT INTO `city_translation` (`city_id`, `language_id`, `name`) VALUES (279, 'fr', 'Vienna');
INSERT INTO `city_translation` (`city_id`, `language_id`, `name`) VALUES (280, 'fr', 'Wilmington');
INSERT INTO `city_translation` (`city_id`, `language_id`, `name`) VALUES (281, 'fr', 'Woodside');
INSERT INTO `city_translation` (`city_id`, `language_id`, `name`) VALUES (282, 'fr', 'Yangon');
INSERT INTO `city_translation` (`city_id`, `language_id`, `name`) VALUES (283, 'fr', 'York');
INSERT INTO `city_translation` (`city_id`, `language_id`, `name`) VALUES (284, 'fr', 'Zollikofen');
INSERT INTO `city_translation` (`city_id`, `language_id`, `name`) VALUES (285, 'fr', 'Clamps');
INSERT INTO `city_translation` (`city_id`, `language_id`, `name`) VALUES (286, 'fr', 'Eggenfelden');
INSERT INTO `city_translation` (`city_id`, `language_id`, `name`) VALUES (287, 'fr', 'Baoji');
INSERT INTO `city_translation` (`city_id`, `language_id`, `name`) VALUES (288, 'fr', 'Beijing');
INSERT INTO `city_translation` (`city_id`, `language_id`, `name`) VALUES (289, 'fr', 'Changchun');
INSERT INTO `city_translation` (`city_id`, `language_id`, `name`) VALUES (290, 'fr', 'Changsha');
INSERT INTO `city_translation` (`city_id`, `language_id`, `name`) VALUES (291, 'fr', 'Changzhou');
INSERT INTO `city_translation` (`city_id`, `language_id`, `name`) VALUES (292, 'fr', 'Chengdu');
INSERT INTO `city_translation` (`city_id`, `language_id`, `name`) VALUES (293, 'fr', 'Chongqing');
INSERT INTO `city_translation` (`city_id`, `language_id`, `name`) VALUES (294, 'fr', 'Dalian');
INSERT INTO `city_translation` (`city_id`, `language_id`, `name`) VALUES (295, 'fr', 'Dazhou');
INSERT INTO `city_translation` (`city_id`, `language_id`, `name`) VALUES (296, 'fr', 'Dezhou');
INSERT INTO `city_translation` (`city_id`, `language_id`, `name`) VALUES (297, 'fr', 'Dongguan');
INSERT INTO `city_translation` (`city_id`, `language_id`, `name`) VALUES (298, 'fr', 'Ezhou');
INSERT INTO `city_translation` (`city_id`, `language_id`, `name`) VALUES (299, 'fr', 'Enshi');
INSERT INTO `city_translation` (`city_id`, `language_id`, `name`) VALUES (300, 'fr', 'Foshan');
INSERT INTO `city_translation` (`city_id`, `language_id`, `name`) VALUES (301, 'fr', 'Fuyang');
INSERT INTO `city_translation` (`city_id`, `language_id`, `name`) VALUES (302, 'fr', 'Fuzhou');
INSERT INTO `city_translation` (`city_id`, `language_id`, `name`) VALUES (303, 'fr', 'FuZhou TEC_NC');
INSERT INTO `city_translation` (`city_id`, `language_id`, `name`) VALUES (304, 'fr', 'Guangzhou');
INSERT INTO `city_translation` (`city_id`, `language_id`, `name`) VALUES (305, 'fr', 'Guiyang');
INSERT INTO `city_translation` (`city_id`, `language_id`, `name`) VALUES (306, 'fr', 'Haerbin');
INSERT INTO `city_translation` (`city_id`, `language_id`, `name`) VALUES (307, 'fr', 'Haikou');
INSERT INTO `city_translation` (`city_id`, `language_id`, `name`) VALUES (308, 'fr', 'Handan');
INSERT INTO `city_translation` (`city_id`, `language_id`, `name`) VALUES (309, 'fr', 'Hangzhou');
INSERT INTO `city_translation` (`city_id`, `language_id`, `name`) VALUES (310, 'fr', 'Hanzhong');
INSERT INTO `city_translation` (`city_id`, `language_id`, `name`) VALUES (311, 'fr', 'Hebi');
INSERT INTO `city_translation` (`city_id`, `language_id`, `name`) VALUES (312, 'fr', 'Hefei');
INSERT INTO `city_translation` (`city_id`, `language_id`, `name`) VALUES (313, 'fr', 'Hohhot');
INSERT INTO `city_translation` (`city_id`, `language_id`, `name`) VALUES (314, 'fr', 'Huizhou');
INSERT INTO `city_translation` (`city_id`, `language_id`, `name`) VALUES (315, 'fr', 'Jiaozuo');
INSERT INTO `city_translation` (`city_id`, `language_id`, `name`) VALUES (316, 'fr', 'Jiaxing');
INSERT INTO `city_translation` (`city_id`, `language_id`, `name`) VALUES (317, 'fr', 'Jinan');
INSERT INTO `city_translation` (`city_id`, `language_id`, `name`) VALUES (318, 'fr', 'Jingan');
INSERT INTO `city_translation` (`city_id`, `language_id`, `name`) VALUES (319, 'fr', 'Jingzhou');
INSERT INTO `city_translation` (`city_id`, `language_id`, `name`) VALUES (320, 'fr', 'Jinhua');
INSERT INTO `city_translation` (`city_id`, `language_id`, `name`) VALUES (321, 'fr', 'Jining');
INSERT INTO `city_translation` (`city_id`, `language_id`, `name`) VALUES (322, 'fr', 'Jinzhou');
INSERT INTO `city_translation` (`city_id`, `language_id`, `name`) VALUES (323, 'fr', 'Jiujiang');
INSERT INTO `city_translation` (`city_id`, `language_id`, `name`) VALUES (324, 'fr', 'Kunming');
INSERT INTO `city_translation` (`city_id`, `language_id`, `name`) VALUES (325, 'fr', 'Kunshan');
INSERT INTO `city_translation` (`city_id`, `language_id`, `name`) VALUES (326, 'fr', 'Langfang');
INSERT INTO `city_translation` (`city_id`, `language_id`, `name`) VALUES (327, 'fr', 'Lanzhou');
INSERT INTO `city_translation` (`city_id`, `language_id`, `name`) VALUES (328, 'fr', 'Leshan');
INSERT INTO `city_translation` (`city_id`, `language_id`, `name`) VALUES (329, 'fr', 'Lhasa');
INSERT INTO `city_translation` (`city_id`, `language_id`, `name`) VALUES (330, 'fr', 'Liuzhou');
INSERT INTO `city_translation` (`city_id`, `language_id`, `name`) VALUES (331, 'fr', 'Luoyang');
INSERT INTO `city_translation` (`city_id`, `language_id`, `name`) VALUES (332, 'fr', 'Luzhou');
INSERT INTO `city_translation` (`city_id`, `language_id`, `name`) VALUES (333, 'fr', 'Mianyang');
INSERT INTO `city_translation` (`city_id`, `language_id`, `name`) VALUES (334, 'fr', 'Multi');
INSERT INTO `city_translation` (`city_id`, `language_id`, `name`) VALUES (335, 'fr', 'Nanchang');
INSERT INTO `city_translation` (`city_id`, `language_id`, `name`) VALUES (336, 'fr', 'Nanchong');
INSERT INTO `city_translation` (`city_id`, `language_id`, `name`) VALUES (337, 'fr', 'Nanjing');
INSERT INTO `city_translation` (`city_id`, `language_id`, `name`) VALUES (338, 'fr', 'Nanning');
INSERT INTO `city_translation` (`city_id`, `language_id`, `name`) VALUES (339, 'fr', 'Nantong');
INSERT INTO `city_translation` (`city_id`, `language_id`, `name`) VALUES (340, 'fr', 'Nanyang');
INSERT INTO `city_translation` (`city_id`, `language_id`, `name`) VALUES (341, 'fr', 'Ningbo');
INSERT INTO `city_translation` (`city_id`, `language_id`, `name`) VALUES (342, 'fr', 'Panzhihua');
INSERT INTO `city_translation` (`city_id`, `language_id`, `name`) VALUES (343, 'fr', 'PuDong');
INSERT INTO `city_translation` (`city_id`, `language_id`, `name`) VALUES (344, 'fr', 'Puyang');
INSERT INTO `city_translation` (`city_id`, `language_id`, `name`) VALUES (345, 'fr', 'Qingdao');
INSERT INTO `city_translation` (`city_id`, `language_id`, `name`) VALUES (346, 'fr', 'Sanya');
INSERT INTO `city_translation` (`city_id`, `language_id`, `name`) VALUES (347, 'fr', 'Shanghai');
INSERT INTO `city_translation` (`city_id`, `language_id`, `name`) VALUES (348, 'fr', 'Shangrao');
INSERT INTO `city_translation` (`city_id`, `language_id`, `name`) VALUES (349, 'fr', 'Shantou');
INSERT INTO `city_translation` (`city_id`, `language_id`, `name`) VALUES (350, 'fr', 'Shaoxing');
INSERT INTO `city_translation` (`city_id`, `language_id`, `name`) VALUES (351, 'fr', 'Shenyang');
INSERT INTO `city_translation` (`city_id`, `language_id`, `name`) VALUES (352, 'fr', 'Shenzhen');
INSERT INTO `city_translation` (`city_id`, `language_id`, `name`) VALUES (353, 'fr', 'Shijiazhuang');
INSERT INTO `city_translation` (`city_id`, `language_id`, `name`) VALUES (354, 'fr', 'Suzhou');
INSERT INTO `city_translation` (`city_id`, `language_id`, `name`) VALUES (355, 'fr', 'Suzhou-SU');
INSERT INTO `city_translation` (`city_id`, `language_id`, `name`) VALUES (356, 'fr', 'Taian');
INSERT INTO `city_translation` (`city_id`, `language_id`, `name`) VALUES (357, 'fr', 'Taiyuan');
INSERT INTO `city_translation` (`city_id`, `language_id`, `name`) VALUES (358, 'fr', 'Taizhou');
INSERT INTO `city_translation` (`city_id`, `language_id`, `name`) VALUES (359, 'fr', 'Tangshan');
INSERT INTO `city_translation` (`city_id`, `language_id`, `name`) VALUES (360, 'fr', 'Tianjin');
INSERT INTO `city_translation` (`city_id`, `language_id`, `name`) VALUES (361, 'fr', 'Urumqi');
INSERT INTO `city_translation` (`city_id`, `language_id`, `name`) VALUES (362, 'fr', 'Wanzhou');
INSERT INTO `city_translation` (`city_id`, `language_id`, `name`) VALUES (363, 'fr', 'Weifang');
INSERT INTO `city_translation` (`city_id`, `language_id`, `name`) VALUES (364, 'fr', 'Weinan');
INSERT INTO `city_translation` (`city_id`, `language_id`, `name`) VALUES (365, 'fr', 'Wenzhou');
INSERT INTO `city_translation` (`city_id`, `language_id`, `name`) VALUES (366, 'fr', 'Wuhan');
INSERT INTO `city_translation` (`city_id`, `language_id`, `name`) VALUES (367, 'fr', 'Wuhu');
INSERT INTO `city_translation` (`city_id`, `language_id`, `name`) VALUES (368, 'fr', 'Wuxi');
INSERT INTO `city_translation` (`city_id`, `language_id`, `name`) VALUES (369, 'fr', 'Xiamen');
INSERT INTO `city_translation` (`city_id`, `language_id`, `name`) VALUES (370, 'fr', 'Xian');
INSERT INTO `city_translation` (`city_id`, `language_id`, `name`) VALUES (371, 'fr', 'Xianyang');
INSERT INTO `city_translation` (`city_id`, `language_id`, `name`) VALUES (372, 'fr', 'Xiaogan');
INSERT INTO `city_translation` (`city_id`, `language_id`, `name`) VALUES (373, 'fr', 'Xichang');
INSERT INTO `city_translation` (`city_id`, `language_id`, `name`) VALUES (374, 'fr', 'Xining');
INSERT INTO `city_translation` (`city_id`, `language_id`, `name`) VALUES (375, 'fr', 'Xinxiang');
INSERT INTO `city_translation` (`city_id`, `language_id`, `name`) VALUES (376, 'fr', 'Xinyang');
INSERT INTO `city_translation` (`city_id`, `language_id`, `name`) VALUES (377, 'fr', 'Xuzhou');
INSERT INTO `city_translation` (`city_id`, `language_id`, `name`) VALUES (378, 'fr', 'Yantai');
INSERT INTO `city_translation` (`city_id`, `language_id`, `name`) VALUES (379, 'fr', 'Yinchuan');
INSERT INTO `city_translation` (`city_id`, `language_id`, `name`) VALUES (380, 'fr', 'Yulin');
INSERT INTO `city_translation` (`city_id`, `language_id`, `name`) VALUES (381, 'fr', 'Zhengzhou');
INSERT INTO `city_translation` (`city_id`, `language_id`, `name`) VALUES (382, 'fr', 'Zhenjiang');
INSERT INTO `city_translation` (`city_id`, `language_id`, `name`) VALUES (383, 'fr', 'Zhongshan');
INSERT INTO `city_translation` (`city_id`, `language_id`, `name`) VALUES (384, 'fr', 'Zhuhai');
INSERT INTO `city_translation` (`city_id`, `language_id`, `name`) VALUES (385, 'fr', 'Zhuzhou');
INSERT INTO `city_translation` (`city_id`, `language_id`, `name`) VALUES (386, 'fr', 'Zunyi');
INSERT INTO `city_translation` (`city_id`, `language_id`, `name`) VALUES (387, 'fr', 'Florence');
INSERT INTO `city_translation` (`city_id`, `language_id`, `name`) VALUES (388, 'fr', 'Fort Worth');
INSERT INTO `city_translation` (`city_id`, `language_id`, `name`) VALUES (389, 'fr', 'Annone di Brianza');
INSERT INTO `city_translation` (`city_id`, `language_id`, `name`) VALUES (390, 'fr', 'Morbegno');
INSERT INTO `city_translation` (`city_id`, `language_id`, `name`) VALUES (391, 'fr', 'Modena');
INSERT INTO `city_translation` (`city_id`, `language_id`, `name`) VALUES (392, 'fr', 'Cagliari');
INSERT INTO `city_translation` (`city_id`, `language_id`, `name`) VALUES (393, 'fr', 'Brescia');
INSERT INTO `city_translation` (`city_id`, `language_id`, `name`) VALUES (394, 'fr', 'Vicenza');
INSERT INTO `city_translation` (`city_id`, `language_id`, `name`) VALUES (395, 'fr', 'Mezzolombardo (TN)');
INSERT INTO `city_translation` (`city_id`, `language_id`, `name`) VALUES (396, 'fr', 'Rimini');
INSERT INTO `city_translation` (`city_id`, `language_id`, `name`) VALUES (397, 'fr', 'Settimo di Pescantina (VR)');
INSERT INTO `city_translation` (`city_id`, `language_id`, `name`) VALUES (398, 'fr', 'Naples');
INSERT INTO `city_translation` (`city_id`, `language_id`, `name`) VALUES (399, 'fr', 'Peschiera Borromeo (MI)');
INSERT INTO `city_translation` (`city_id`, `language_id`, `name`) VALUES (400, 'fr', 'Alexandria');
INSERT INTO `city_translation` (`city_id`, `language_id`, `name`) VALUES (401, 'fr', 'Rome');
INSERT INTO `city_translation` (`city_id`, `language_id`, `name`) VALUES (402, 'fr', 'Mestre');
INSERT INTO `city_translation` (`city_id`, `language_id`, `name`) VALUES (403, 'fr', 'Turin');
INSERT INTO `city_translation` (`city_id`, `language_id`, `name`) VALUES (404, 'fr', 'Imperia');
INSERT INTO `city_translation` (`city_id`, `language_id`, `name`) VALUES (405, 'fr', 'Catania');
INSERT INTO `city_translation` (`city_id`, `language_id`, `name`) VALUES (406, 'fr', 'Fort Wayne');
INSERT INTO `city_translation` (`city_id`, `language_id`, `name`) VALUES (407, 'fr', 'Omaha');
INSERT INTO `city_translation` (`city_id`, `language_id`, `name`) VALUES (408, 'fr', 'Des Moines');
INSERT INTO `city_translation` (`city_id`, `language_id`, `name`) VALUES (409, 'fr', 'San Francisco');
INSERT INTO `city_translation` (`city_id`, `language_id`, `name`) VALUES (410, 'fr', 'Egg Harbor Township');
INSERT INTO `city_translation` (`city_id`, `language_id`, `name`) VALUES (411, 'fr', 'Shrewsbury');
INSERT INTO `city_translation` (`city_id`, `language_id`, `name`) VALUES (412, 'fr', 'Springfield (IL)');
INSERT INTO `city_translation` (`city_id`, `language_id`, `name`) VALUES (413, 'fr', 'Hollins');
INSERT INTO `city_translation` (`city_id`, `language_id`, `name`) VALUES (414, 'fr', 'Edison');
INSERT INTO `city_translation` (`city_id`, `language_id`, `name`) VALUES (415, 'fr', 'Hong Kong');
INSERT INTO `city_translation` (`city_id`, `language_id`, `name`) VALUES (416, 'fr', 'Olive Branch');
INSERT INTO `city_translation` (`city_id`, `language_id`, `name`) VALUES (417, 'fr', 'Riccione');
INSERT INTO `city_translation` (`city_id`, `language_id`, `name`) VALUES (418, 'fr', 'Madrid');
INSERT INTO `city_translation` (`city_id`, `language_id`, `name`) VALUES (419, 'fr', 'Sintra');
INSERT INTO `city_translation` (`city_id`, `language_id`, `name`) VALUES (420, 'fr', 'Mieres');
INSERT INTO `city_translation` (`city_id`, `language_id`, `name`) VALUES (421, 'fr', 'Guang\'an');
INSERT INTO `city_translation` (`city_id`, `language_id`, `name`) VALUES (99999, 'fr', 'Aucun Ville');

INSERT INTO `city_translation` (`city_id`,`language_id`,`name`) VALUES (422,'de','A Coruña');
INSERT INTO `city_translation` (`city_id`,`language_id`,`name`) VALUES (422,'en','A Coruña');
INSERT INTO `city_translation` (`city_id`,`language_id`,`name`) VALUES (422,'es','A Coruña');
INSERT INTO `city_translation` (`city_id`,`language_id`,`name`) VALUES (422,'zh','阿科鲁尼亚');
INSERT INTO `city_translation` (`city_id`,`language_id`,`name`) VALUES (422,'fr','La Corogne');

INSERT INTO `city_translation` (`city_id`,`language_id`,`name`) VALUES (423,'de','Albacete');
INSERT INTO `city_translation` (`city_id`,`language_id`,`name`) VALUES (423,'en','Albacete');
INSERT INTO `city_translation` (`city_id`,`language_id`,`name`) VALUES (423,'es','Albacete');
INSERT INTO `city_translation` (`city_id`,`language_id`,`name`) VALUES (423,'zh','阿尔巴塞特');
INSERT INTO `city_translation` (`city_id`,`language_id`,`name`) VALUES (423,'fr','Albacete');
INSERT INTO `city_translation` (`city_id`,`language_id`,`name`) VALUES (424,'de','Albany');
INSERT INTO `city_translation` (`city_id`,`language_id`,`name`) VALUES (424,'en','Albany');
INSERT INTO `city_translation` (`city_id`,`language_id`,`name`) VALUES (424,'es','Albany');
INSERT INTO `city_translation` (`city_id`,`language_id`,`name`) VALUES (424,'zh','阿尔巴尼');
INSERT INTO `city_translation` (`city_id`,`language_id`,`name`) VALUES (424,'fr','Albany');
INSERT INTO `city_translation` (`city_id`,`language_id`,`name`) VALUES (425,'de','Alcañiz');
INSERT INTO `city_translation` (`city_id`,`language_id`,`name`) VALUES (425,'en','Alcañiz');
INSERT INTO `city_translation` (`city_id`,`language_id`,`name`) VALUES (425,'es','Alcañiz');
INSERT INTO `city_translation` (`city_id`,`language_id`,`name`) VALUES (425,'zh','Alcañiz');
INSERT INTO `city_translation` (`city_id`,`language_id`,`name`) VALUES (425,'fr','Alcañiz');
INSERT INTO `city_translation` (`city_id`,`language_id`,`name`) VALUES (426,'de','Alcorcón');
INSERT INTO `city_translation` (`city_id`,`language_id`,`name`) VALUES (426,'en','Alcorcón');
INSERT INTO `city_translation` (`city_id`,`language_id`,`name`) VALUES (426,'fr','Alcorcon');
INSERT INTO `city_translation` (`city_id`,`language_id`,`name`) VALUES (426,'es','Alcorcón');
INSERT INTO `city_translation` (`city_id`,`language_id`,`name`) VALUES (426,'zh','阿尔科孔');
INSERT INTO `city_translation` (`city_id`,`language_id`,`name`) VALUES (427,'de','Algeciras');
INSERT INTO `city_translation` (`city_id`,`language_id`,`name`) VALUES (427,'en','Algeciras');
INSERT INTO `city_translation` (`city_id`,`language_id`,`name`) VALUES (427,'es','Algeciras');
INSERT INTO `city_translation` (`city_id`,`language_id`,`name`) VALUES (427,'zh','阿尔赫西拉斯');
INSERT INTO `city_translation` (`city_id`,`language_id`,`name`) VALUES (427,'fr','Algeciras');
INSERT INTO `city_translation` (`city_id`,`language_id`,`name`) VALUES (428,'de','Algeciras');
INSERT INTO `city_translation` (`city_id`,`language_id`,`name`) VALUES (428,'en','Algeciras');
INSERT INTO `city_translation` (`city_id`,`language_id`,`name`) VALUES (428,'es','Algeciras');
INSERT INTO `city_translation` (`city_id`,`language_id`,`name`) VALUES (428,'zh','阿尔赫西拉斯');
INSERT INTO `city_translation` (`city_id`,`language_id`,`name`) VALUES (428,'fr','Algeciras');
INSERT INTO `city_translation` (`city_id`,`language_id`,`name`) VALUES (429,'de','Alicante');
INSERT INTO `city_translation` (`city_id`,`language_id`,`name`) VALUES (429,'en','Alicante');
INSERT INTO `city_translation` (`city_id`,`language_id`,`name`) VALUES (429,'es','Alicante');
INSERT INTO `city_translation` (`city_id`,`language_id`,`name`) VALUES (429,'zh','阿利坎特');
INSERT INTO `city_translation` (`city_id`,`language_id`,`name`) VALUES (429,'fr','Alicante');
INSERT INTO `city_translation` (`city_id`,`language_id`,`name`) VALUES (430,'de','Almería');
INSERT INTO `city_translation` (`city_id`,`language_id`,`name`) VALUES (430,'en','Almería');
INSERT INTO `city_translation` (`city_id`,`language_id`,`name`) VALUES (430,'es','Almería');
INSERT INTO `city_translation` (`city_id`,`language_id`,`name`) VALUES (430,'zh','阿尔梅里亚');
INSERT INTO `city_translation` (`city_id`,`language_id`,`name`) VALUES (430,'fr','Almería');
INSERT INTO `city_translation` (`city_id`,`language_id`,`name`) VALUES (431,'de','Amman');
INSERT INTO `city_translation` (`city_id`,`language_id`,`name`) VALUES (431,'en','Amman');
INSERT INTO `city_translation` (`city_id`,`language_id`,`name`) VALUES (431,'es','Amman');
INSERT INTO `city_translation` (`city_id`,`language_id`,`name`) VALUES (431,'zh','安曼');
INSERT INTO `city_translation` (`city_id`,`language_id`,`name`) VALUES (431,'fr','Amman');
INSERT INTO `city_translation` (`city_id`,`language_id`,`name`) VALUES (432,'de','Andoain');
INSERT INTO `city_translation` (`city_id`,`language_id`,`name`) VALUES (432,'en','Andoain');
INSERT INTO `city_translation` (`city_id`,`language_id`,`name`) VALUES (432,'es','Andoain');
INSERT INTO `city_translation` (`city_id`,`language_id`,`name`) VALUES (432,'zh','安多恩');
INSERT INTO `city_translation` (`city_id`,`language_id`,`name`) VALUES (432,'fr','Andoain');
INSERT INTO `city_translation` (`city_id`,`language_id`,`name`) VALUES (433,'de','Aranda de Duero');
INSERT INTO `city_translation` (`city_id`,`language_id`,`name`) VALUES (433,'en','Aranda de Duero');
INSERT INTO `city_translation` (`city_id`,`language_id`,`name`) VALUES (433,'es','Aranda de Duero');
INSERT INTO `city_translation` (`city_id`,`language_id`,`name`) VALUES (433,'zh','阿兰达-杜罗 ');
INSERT INTO `city_translation` (`city_id`,`language_id`,`name`) VALUES (433,'fr','Aranda de Duero');
INSERT INTO `city_translation` (`city_id`,`language_id`,`name`) VALUES (434,'de','Arrecife');
INSERT INTO `city_translation` (`city_id`,`language_id`,`name`) VALUES (434,'en','Arrecife - Lanzarote');
INSERT INTO `city_translation` (`city_id`,`language_id`,`name`) VALUES (434,'es','Arrecife - Lanzarote');
INSERT INTO `city_translation` (`city_id`,`language_id`,`name`) VALUES (434,'zh','阿雷西费-兰萨罗特岛');
INSERT INTO `city_translation` (`city_id`,`language_id`,`name`) VALUES (434,'fr','Arrecife - Lanzarote');
INSERT INTO `city_translation` (`city_id`,`language_id`,`name`) VALUES (435,'de','Ávila');
INSERT INTO `city_translation` (`city_id`,`language_id`,`name`) VALUES (435,'en','Ávila');
INSERT INTO `city_translation` (`city_id`,`language_id`,`name`) VALUES (435,'es','Ávila');
INSERT INTO `city_translation` (`city_id`,`language_id`,`name`) VALUES (435,'zh','阿维拉');
INSERT INTO `city_translation` (`city_id`,`language_id`,`name`) VALUES (435,'fr','Ávila');
INSERT INTO `city_translation` (`city_id`,`language_id`,`name`) VALUES (436,'de','Badajoz');
INSERT INTO `city_translation` (`city_id`,`language_id`,`name`) VALUES (436,'en','Badajoz');
INSERT INTO `city_translation` (`city_id`,`language_id`,`name`) VALUES (436,'es','Badajoz');
INSERT INTO `city_translation` (`city_id`,`language_id`,`name`) VALUES (436,'zh','巴达霍斯');
INSERT INTO `city_translation` (`city_id`,`language_id`,`name`) VALUES (436,'fr','Badajoz');
INSERT INTO `city_translation` (`city_id`,`language_id`,`name`) VALUES (437,'de','Barcelona');
INSERT INTO `city_translation` (`city_id`,`language_id`,`name`) VALUES (437,'en','Barcelona');
INSERT INTO `city_translation` (`city_id`,`language_id`,`name`) VALUES (437,'es','Barcelona');
INSERT INTO `city_translation` (`city_id`,`language_id`,`name`) VALUES (437,'zh','巴塞罗那');
INSERT INTO `city_translation` (`city_id`,`language_id`,`name`) VALUES (437,'fr','Barcelone');
INSERT INTO `city_translation` (`city_id`,`language_id`,`name`) VALUES (438,'de','Benidorm');
INSERT INTO `city_translation` (`city_id`,`language_id`,`name`) VALUES (438,'en','Benidorm');
INSERT INTO `city_translation` (`city_id`,`language_id`,`name`) VALUES (438,'es','Benidorm');
INSERT INTO `city_translation` (`city_id`,`language_id`,`name`) VALUES (438,'zh','贝尼多姆');
INSERT INTO `city_translation` (`city_id`,`language_id`,`name`) VALUES (438,'fr','Benidorm');
INSERT INTO `city_translation` (`city_id`,`language_id`,`name`) VALUES (439,'de','Briviesca');
INSERT INTO `city_translation` (`city_id`,`language_id`,`name`) VALUES (439,'en','Briviesca');
INSERT INTO `city_translation` (`city_id`,`language_id`,`name`) VALUES (439,'es','Briviesca');
INSERT INTO `city_translation` (`city_id`,`language_id`,`name`) VALUES (439,'zh','布里维埃斯卡');
INSERT INTO `city_translation` (`city_id`,`language_id`,`name`) VALUES (439,'fr','Briviesca');
INSERT INTO `city_translation` (`city_id`,`language_id`,`name`) VALUES (440,'de','Burgos');
INSERT INTO `city_translation` (`city_id`,`language_id`,`name`) VALUES (440,'en','Burgos');
INSERT INTO `city_translation` (`city_id`,`language_id`,`name`) VALUES (440,'es','Burgos');
INSERT INTO `city_translation` (`city_id`,`language_id`,`name`) VALUES (440,'zh','布尔戈斯');
INSERT INTO `city_translation` (`city_id`,`language_id`,`name`) VALUES (440,'fr','Burgos');
INSERT INTO `city_translation` (`city_id`,`language_id`,`name`) VALUES (441,'de','Cáceres');
INSERT INTO `city_translation` (`city_id`,`language_id`,`name`) VALUES (441,'en','Cáceres');
INSERT INTO `city_translation` (`city_id`,`language_id`,`name`) VALUES (441,'es','Cáceres');
INSERT INTO `city_translation` (`city_id`,`language_id`,`name`) VALUES (441,'zh','卡塞雷斯');
INSERT INTO `city_translation` (`city_id`,`language_id`,`name`) VALUES (441,'fr','Cáceres');
INSERT INTO `city_translation` (`city_id`,`language_id`,`name`) VALUES (442,'de','Cádiz');
INSERT INTO `city_translation` (`city_id`,`language_id`,`name`) VALUES (442,'en','Cádiz');
INSERT INTO `city_translation` (`city_id`,`language_id`,`name`) VALUES (442,'es','Cádiz');
INSERT INTO `city_translation` (`city_id`,`language_id`,`name`) VALUES (442,'zh','加的斯');
INSERT INTO `city_translation` (`city_id`,`language_id`,`name`) VALUES (442,'fr','Cadix');
INSERT INTO `city_translation` (`city_id`,`language_id`,`name`) VALUES (443,'de','Calahorra');
INSERT INTO `city_translation` (`city_id`,`language_id`,`name`) VALUES (443,'en','Calahorra');
INSERT INTO `city_translation` (`city_id`,`language_id`,`name`) VALUES (443,'es','Calahorra');
INSERT INTO `city_translation` (`city_id`,`language_id`,`name`) VALUES (443,'zh','卡拉霍拉');
INSERT INTO `city_translation` (`city_id`,`language_id`,`name`) VALUES (443,'fr','Calahorra');
INSERT INTO `city_translation` (`city_id`,`language_id`,`name`) VALUES (444,'de','Calatayud');
INSERT INTO `city_translation` (`city_id`,`language_id`,`name`) VALUES (444,'en','Calatayud');
INSERT INTO `city_translation` (`city_id`,`language_id`,`name`) VALUES (444,'es','Calatayud');
INSERT INTO `city_translation` (`city_id`,`language_id`,`name`) VALUES (444,'zh','卡拉塔尤德');
INSERT INTO `city_translation` (`city_id`,`language_id`,`name`) VALUES (444,'fr','Calatayud');
INSERT INTO `city_translation` (`city_id`,`language_id`,`name`) VALUES (445,'de','Carbajosa de la Sagrada');
INSERT INTO `city_translation` (`city_id`,`language_id`,`name`) VALUES (445,'en','Carbajosa de la Sagrada');
INSERT INTO `city_translation` (`city_id`,`language_id`,`name`) VALUES (445,'es','Carbajosa de la Sagrada');
INSERT INTO `city_translation` (`city_id`,`language_id`,`name`) VALUES (445,'zh','卡巴约萨-德拉-萨格拉达');
INSERT INTO `city_translation` (`city_id`,`language_id`,`name`) VALUES (445,'fr','Carbajosa de la Sagrada');
INSERT INTO `city_translation` (`city_id`,`language_id`,`name`) VALUES (446,'de','Cartagena');
INSERT INTO `city_translation` (`city_id`,`language_id`,`name`) VALUES (446,'en','Cartagena');
INSERT INTO `city_translation` (`city_id`,`language_id`,`name`) VALUES (446,'es','Cartagena');
INSERT INTO `city_translation` (`city_id`,`language_id`,`name`) VALUES (446,'zh','卡塔赫纳');
INSERT INTO `city_translation` (`city_id`,`language_id`,`name`) VALUES (446,'fr','Cartagena');
INSERT INTO `city_translation` (`city_id`,`language_id`,`name`) VALUES (447,'de','Castellón de la Plana');
INSERT INTO `city_translation` (`city_id`,`language_id`,`name`) VALUES (447,'en','Castellón');
INSERT INTO `city_translation` (`city_id`,`language_id`,`name`) VALUES (447,'es','Castellón');
INSERT INTO `city_translation` (`city_id`,`language_id`,`name`) VALUES (447,'zh','卡斯特利翁');
INSERT INTO `city_translation` (`city_id`,`language_id`,`name`) VALUES (447,'fr','Castellón');
INSERT INTO `city_translation` (`city_id`,`language_id`,`name`) VALUES (448,'de','Castelo Branco');
INSERT INTO `city_translation` (`city_id`,`language_id`,`name`) VALUES (448,'en','Castelo Branco');
INSERT INTO `city_translation` (`city_id`,`language_id`,`name`) VALUES (448,'es','Castelo Branco');
INSERT INTO `city_translation` (`city_id`,`language_id`,`name`) VALUES (448,'zh','布兰科城堡');
INSERT INTO `city_translation` (`city_id`,`language_id`,`name`) VALUES (448,'fr','Castelo Branco');
INSERT INTO `city_translation` (`city_id`,`language_id`,`name`) VALUES (449,'de','Cerdanyola del Vallès');
INSERT INTO `city_translation` (`city_id`,`language_id`,`name`) VALUES (449,'en','Cerdanyola del Valles');
INSERT INTO `city_translation` (`city_id`,`language_id`,`name`) VALUES (449,'es','Cerdanyola del Valles');
INSERT INTO `city_translation` (`city_id`,`language_id`,`name`) VALUES (449,'zh','卡塔赫纳');
INSERT INTO `city_translation` (`city_id`,`language_id`,`name`) VALUES (449,'fr','Cerdanyola del Valles');
INSERT INTO `city_translation` (`city_id`,`language_id`,`name`) VALUES (450,'de','Ceuta');
INSERT INTO `city_translation` (`city_id`,`language_id`,`name`) VALUES (450,'en','Ceuta');
INSERT INTO `city_translation` (`city_id`,`language_id`,`name`) VALUES (450,'es','Ceuta');
INSERT INTO `city_translation` (`city_id`,`language_id`,`name`) VALUES (450,'zh','休达');
INSERT INTO `city_translation` (`city_id`,`language_id`,`name`) VALUES (450,'fr','Ceuta');
INSERT INTO `city_translation` (`city_id`,`language_id`,`name`) VALUES (451,'de','Ciudad Real');
INSERT INTO `city_translation` (`city_id`,`language_id`,`name`) VALUES (451,'en','Ciudad Real');
INSERT INTO `city_translation` (`city_id`,`language_id`,`name`) VALUES (451,'es','Ciudad Real');
INSERT INTO `city_translation` (`city_id`,`language_id`,`name`) VALUES (451,'zh','雷阿尔城');
INSERT INTO `city_translation` (`city_id`,`language_id`,`name`) VALUES (451,'fr','Ciudad Real');
INSERT INTO `city_translation` (`city_id`,`language_id`,`name`) VALUES (452,'de','Coimbra');
INSERT INTO `city_translation` (`city_id`,`language_id`,`name`) VALUES (452,'en','Coimbra');
INSERT INTO `city_translation` (`city_id`,`language_id`,`name`) VALUES (452,'es','Coimbra');
INSERT INTO `city_translation` (`city_id`,`language_id`,`name`) VALUES (452,'zh','科英布拉');
INSERT INTO `city_translation` (`city_id`,`language_id`,`name`) VALUES (452,'fr','Coimbra');
INSERT INTO `city_translation` (`city_id`,`language_id`,`name`) VALUES (453,'de','Province of Córdoba');
INSERT INTO `city_translation` (`city_id`,`language_id`,`name`) VALUES (453,'en','Córdoba');
INSERT INTO `city_translation` (`city_id`,`language_id`,`name`) VALUES (453,'es','Córdoba');
INSERT INTO `city_translation` (`city_id`,`language_id`,`name`) VALUES (453,'zh','Córdoba');
INSERT INTO `city_translation` (`city_id`,`language_id`,`name`) VALUES (453,'fr','Córdoba');
INSERT INTO `city_translation` (`city_id`,`language_id`,`name`) VALUES (454,'de','Province of Cuenca');
INSERT INTO `city_translation` (`city_id`,`language_id`,`name`) VALUES (454,'en','Cuenca');
INSERT INTO `city_translation` (`city_id`,`language_id`,`name`) VALUES (454,'es','Cuenca');
INSERT INTO `city_translation` (`city_id`,`language_id`,`name`) VALUES (454,'zh','昆卡');
INSERT INTO `city_translation` (`city_id`,`language_id`,`name`) VALUES (454,'fr','Cuenca');
INSERT INTO `city_translation` (`city_id`,`language_id`,`name`) VALUES (455,'de','Derio');
INSERT INTO `city_translation` (`city_id`,`language_id`,`name`) VALUES (455,'en','Derio');
INSERT INTO `city_translation` (`city_id`,`language_id`,`name`) VALUES (455,'es','Derio');
INSERT INTO `city_translation` (`city_id`,`language_id`,`name`) VALUES (455,'zh','德里奥');
INSERT INTO `city_translation` (`city_id`,`language_id`,`name`) VALUES (455,'fr','Derio');
INSERT INTO `city_translation` (`city_id`,`language_id`,`name`) VALUES (456,'de','Doha');
INSERT INTO `city_translation` (`city_id`,`language_id`,`name`) VALUES (456,'en','Doha');
INSERT INTO `city_translation` (`city_id`,`language_id`,`name`) VALUES (456,'es','Doha');
INSERT INTO `city_translation` (`city_id`,`language_id`,`name`) VALUES (456,'zh','多哈');
INSERT INTO `city_translation` (`city_id`,`language_id`,`name`) VALUES (456,'fr','Doha');
INSERT INTO `city_translation` (`city_id`,`language_id`,`name`) VALUES (457,'de','Dubai');
INSERT INTO `city_translation` (`city_id`,`language_id`,`name`) VALUES (457,'en','Dubai');
INSERT INTO `city_translation` (`city_id`,`language_id`,`name`) VALUES (457,'es','Dubai');
INSERT INTO `city_translation` (`city_id`,`language_id`,`name`) VALUES (457,'zh','迪拜');
INSERT INTO `city_translation` (`city_id`,`language_id`,`name`) VALUES (457,'fr','Dubaï');
INSERT INTO `city_translation` (`city_id`,`language_id`,`name`) VALUES (458,'de','Eibar');
INSERT INTO `city_translation` (`city_id`,`language_id`,`name`) VALUES (458,'en','Eibar');
INSERT INTO `city_translation` (`city_id`,`language_id`,`name`) VALUES (458,'es','Eibar');
INSERT INTO `city_translation` (`city_id`,`language_id`,`name`) VALUES (458,'zh','埃瓦尔');
INSERT INTO `city_translation` (`city_id`,`language_id`,`name`) VALUES (458,'fr','Eibar');
INSERT INTO `city_translation` (`city_id`,`language_id`,`name`) VALUES (459,'de','Ferrol');
INSERT INTO `city_translation` (`city_id`,`language_id`,`name`) VALUES (459,'en','Ferrol');
INSERT INTO `city_translation` (`city_id`,`language_id`,`name`) VALUES (459,'es','Ferrol');
INSERT INTO `city_translation` (`city_id`,`language_id`,`name`) VALUES (459,'zh','费罗尔');
INSERT INTO `city_translation` (`city_id`,`language_id`,`name`) VALUES (459,'fr','Ferrol');
INSERT INTO `city_translation` (`city_id`,`language_id`,`name`) VALUES (460,'de','Funchal');
INSERT INTO `city_translation` (`city_id`,`language_id`,`name`) VALUES (460,'en','Funchal');
INSERT INTO `city_translation` (`city_id`,`language_id`,`name`) VALUES (460,'es','Funchal');
INSERT INTO `city_translation` (`city_id`,`language_id`,`name`) VALUES (460,'zh','丰沙尔');
INSERT INTO `city_translation` (`city_id`,`language_id`,`name`) VALUES (460,'fr','Funchal');
INSERT INTO `city_translation` (`city_id`,`language_id`,`name`) VALUES (461,'de','Gijón');
INSERT INTO `city_translation` (`city_id`,`language_id`,`name`) VALUES (461,'en','Gijón');
INSERT INTO `city_translation` (`city_id`,`language_id`,`name`) VALUES (461,'es','Gijón');
INSERT INTO `city_translation` (`city_id`,`language_id`,`name`) VALUES (461,'zh','希洪');
INSERT INTO `city_translation` (`city_id`,`language_id`,`name`) VALUES (461,'fr','Gijón');
INSERT INTO `city_translation` (`city_id`,`language_id`,`name`) VALUES (462,'de','Girona');
INSERT INTO `city_translation` (`city_id`,`language_id`,`name`) VALUES (462,'en','Girona');
INSERT INTO `city_translation` (`city_id`,`language_id`,`name`) VALUES (462,'es','Girona');
INSERT INTO `city_translation` (`city_id`,`language_id`,`name`) VALUES (462,'zh','赫罗纳');
INSERT INTO `city_translation` (`city_id`,`language_id`,`name`) VALUES (462,'fr','Girona');
INSERT INTO `city_translation` (`city_id`,`language_id`,`name`) VALUES (463,'de','Granada');
INSERT INTO `city_translation` (`city_id`,`language_id`,`name`) VALUES (463,'en','Granada');
INSERT INTO `city_translation` (`city_id`,`language_id`,`name`) VALUES (463,'es','Granada');
INSERT INTO `city_translation` (`city_id`,`language_id`,`name`) VALUES (463,'zh','格拉纳达');
INSERT INTO `city_translation` (`city_id`,`language_id`,`name`) VALUES (463,'fr','Grenade');
INSERT INTO `city_translation` (`city_id`,`language_id`,`name`) VALUES (464,'de','Guadalajara');
INSERT INTO `city_translation` (`city_id`,`language_id`,`name`) VALUES (464,'en','Guadalajara');
INSERT INTO `city_translation` (`city_id`,`language_id`,`name`) VALUES (464,'es','Guadalajara');
INSERT INTO `city_translation` (`city_id`,`language_id`,`name`) VALUES (464,'zh','瓜达拉哈拉');
INSERT INTO `city_translation` (`city_id`,`language_id`,`name`) VALUES (464,'fr','Guadalajara');
INSERT INTO `city_translation` (`city_id`,`language_id`,`name`) VALUES (465,'de','Hanoi');
INSERT INTO `city_translation` (`city_id`,`language_id`,`name`) VALUES (465,'en','Hanoi');
INSERT INTO `city_translation` (`city_id`,`language_id`,`name`) VALUES (465,'es','Hanoi');
INSERT INTO `city_translation` (`city_id`,`language_id`,`name`) VALUES (465,'zh','河内');
INSERT INTO `city_translation` (`city_id`,`language_id`,`name`) VALUES (465,'fr','Hanoi');
INSERT INTO `city_translation` (`city_id`,`language_id`,`name`) VALUES (466,'de','Huelva');
INSERT INTO `city_translation` (`city_id`,`language_id`,`name`) VALUES (466,'en','Huelva');
INSERT INTO `city_translation` (`city_id`,`language_id`,`name`) VALUES (466,'es','Huelva');
INSERT INTO `city_translation` (`city_id`,`language_id`,`name`) VALUES (466,'zh','韦尔瓦');
INSERT INTO `city_translation` (`city_id`,`language_id`,`name`) VALUES (466,'fr','Huelva');
INSERT INTO `city_translation` (`city_id`,`language_id`,`name`) VALUES (467,'de','Huesca');
INSERT INTO `city_translation` (`city_id`,`language_id`,`name`) VALUES (467,'en','Huesca');
INSERT INTO `city_translation` (`city_id`,`language_id`,`name`) VALUES (467,'es','Huesca');
INSERT INTO `city_translation` (`city_id`,`language_id`,`name`) VALUES (467,'zh','韦斯卡');
INSERT INTO `city_translation` (`city_id`,`language_id`,`name`) VALUES (467,'fr','Huesca');
INSERT INTO `city_translation` (`city_id`,`language_id`,`name`) VALUES (468,'de','Ibiza');
INSERT INTO `city_translation` (`city_id`,`language_id`,`name`) VALUES (468,'en','Ibiza');
INSERT INTO `city_translation` (`city_id`,`language_id`,`name`) VALUES (468,'es','Ibiza');
INSERT INTO `city_translation` (`city_id`,`language_id`,`name`) VALUES (468,'zh','伊比沙');
INSERT INTO `city_translation` (`city_id`,`language_id`,`name`) VALUES (468,'fr','Ibiza');
INSERT INTO `city_translation` (`city_id`,`language_id`,`name`) VALUES (469,'de','Jaén');
INSERT INTO `city_translation` (`city_id`,`language_id`,`name`) VALUES (469,'en','Jaén');
INSERT INTO `city_translation` (`city_id`,`language_id`,`name`) VALUES (469,'es','Jaén');
INSERT INTO `city_translation` (`city_id`,`language_id`,`name`) VALUES (469,'zh','哈恩');
INSERT INTO `city_translation` (`city_id`,`language_id`,`name`) VALUES (469,'fr','Jaén');
INSERT INTO `city_translation` (`city_id`,`language_id`,`name`) VALUES (470,'de','Kairo');
INSERT INTO `city_translation` (`city_id`,`language_id`,`name`) VALUES (470,'en','Cairo');
INSERT INTO `city_translation` (`city_id`,`language_id`,`name`) VALUES (470,'es','Kairo');
INSERT INTO `city_translation` (`city_id`,`language_id`,`name`) VALUES (470,'zh','凯罗');
INSERT INTO `city_translation` (`city_id`,`language_id`,`name`) VALUES (470,'fr','Le Caire');
INSERT INTO `city_translation` (`city_id`,`language_id`,`name`) VALUES (471,'de','Kuwait');
INSERT INTO `city_translation` (`city_id`,`language_id`,`name`) VALUES (471,'en','Kuwait');
INSERT INTO `city_translation` (`city_id`,`language_id`,`name`) VALUES (471,'es','Kuwait');
INSERT INTO `city_translation` (`city_id`,`language_id`,`name`) VALUES (471,'zh','科威特');
INSERT INTO `city_translation` (`city_id`,`language_id`,`name`) VALUES (471,'fr','Koweït');
INSERT INTO `city_translation` (`city_id`,`language_id`,`name`) VALUES (472,'de','San Cristóbal de La Laguna');
INSERT INTO `city_translation` (`city_id`,`language_id`,`name`) VALUES (472,'en','La Laguna');
INSERT INTO `city_translation` (`city_id`,`language_id`,`name`) VALUES (472,'es','La Laguna');
INSERT INTO `city_translation` (`city_id`,`language_id`,`name`) VALUES (472,'zh','拉古纳');
INSERT INTO `city_translation` (`city_id`,`language_id`,`name`) VALUES (472,'fr','La Laguna');
INSERT INTO `city_translation` (`city_id`,`language_id`,`name`) VALUES (473,'de','Laredo');
INSERT INTO `city_translation` (`city_id`,`language_id`,`name`) VALUES (473,'en','Laredo');
INSERT INTO `city_translation` (`city_id`,`language_id`,`name`) VALUES (473,'es','Laredo');
INSERT INTO `city_translation` (`city_id`,`language_id`,`name`) VALUES (473,'zh','拉雷多');
INSERT INTO `city_translation` (`city_id`,`language_id`,`name`) VALUES (473,'fr','Laredo');
INSERT INTO `city_translation` (`city_id`,`language_id`,`name`) VALUES (474,'de','Las Palmas');
INSERT INTO `city_translation` (`city_id`,`language_id`,`name`) VALUES (474,'en','Las Palmas de Gran Canaria');
INSERT INTO `city_translation` (`city_id`,`language_id`,`name`) VALUES (474,'es','Las Palmas de Gran Canaria');
INSERT INTO `city_translation` (`city_id`,`language_id`,`name`) VALUES (474,'zh','大加那利岛的拉斯帕尔马斯');
INSERT INTO `city_translation` (`city_id`,`language_id`,`name`) VALUES (474,'fr','Las Palmas de Gran Canaria');
INSERT INTO `city_translation` (`city_id`,`language_id`,`name`) VALUES (475,'de','León');
INSERT INTO `city_translation` (`city_id`,`language_id`,`name`) VALUES (475,'en','León');
INSERT INTO `city_translation` (`city_id`,`language_id`,`name`) VALUES (475,'es','León');
INSERT INTO `city_translation` (`city_id`,`language_id`,`name`) VALUES (475,'zh','莱昂');
INSERT INTO `city_translation` (`city_id`,`language_id`,`name`) VALUES (475,'fr','León');
INSERT INTO `city_translation` (`city_id`,`language_id`,`name`) VALUES (476,'de','Lleida');
INSERT INTO `city_translation` (`city_id`,`language_id`,`name`) VALUES (476,'en','Lleida');
INSERT INTO `city_translation` (`city_id`,`language_id`,`name`) VALUES (476,'es','Lleida');
INSERT INTO `city_translation` (`city_id`,`language_id`,`name`) VALUES (476,'zh','Lleida');
INSERT INTO `city_translation` (`city_id`,`language_id`,`name`) VALUES (476,'fr','Lleida');
INSERT INTO `city_translation` (`city_id`,`language_id`,`name`) VALUES (477,'de','Logroño');
INSERT INTO `city_translation` (`city_id`,`language_id`,`name`) VALUES (477,'en','Logroño');
INSERT INTO `city_translation` (`city_id`,`language_id`,`name`) VALUES (477,'es','Logroño');
INSERT INTO `city_translation` (`city_id`,`language_id`,`name`) VALUES (477,'zh','洛格罗尼奥');
INSERT INTO `city_translation` (`city_id`,`language_id`,`name`) VALUES (477,'fr','Logroño');
INSERT INTO `city_translation` (`city_id`,`language_id`,`name`) VALUES (478,'de','Loulé');
INSERT INTO `city_translation` (`city_id`,`language_id`,`name`) VALUES (478,'en','Loulé');
INSERT INTO `city_translation` (`city_id`,`language_id`,`name`) VALUES (478,'es','Loulé');
INSERT INTO `city_translation` (`city_id`,`language_id`,`name`) VALUES (478,'zh','卢莱');
INSERT INTO `city_translation` (`city_id`,`language_id`,`name`) VALUES (478,'fr','Loulé');
INSERT INTO `city_translation` (`city_id`,`language_id`,`name`) VALUES (479,'de','Lugo');
INSERT INTO `city_translation` (`city_id`,`language_id`,`name`) VALUES (479,'en','Lugo');
INSERT INTO `city_translation` (`city_id`,`language_id`,`name`) VALUES (479,'es','Lugo');
INSERT INTO `city_translation` (`city_id`,`language_id`,`name`) VALUES (479,'zh','卢戈');
INSERT INTO `city_translation` (`city_id`,`language_id`,`name`) VALUES (479,'fr','Lugo');
INSERT INTO `city_translation` (`city_id`,`language_id`,`name`) VALUES (480,'de','Mahón');
INSERT INTO `city_translation` (`city_id`,`language_id`,`name`) VALUES (480,'en','Mahón');
INSERT INTO `city_translation` (`city_id`,`language_id`,`name`) VALUES (480,'es','Mahón');
INSERT INTO `city_translation` (`city_id`,`language_id`,`name`) VALUES (480,'zh','马洪');
INSERT INTO `city_translation` (`city_id`,`language_id`,`name`) VALUES (480,'fr','Mahón');
INSERT INTO `city_translation` (`city_id`,`language_id`,`name`) VALUES (481,'de','Málaga');
INSERT INTO `city_translation` (`city_id`,`language_id`,`name`) VALUES (481,'en','Málaga');
INSERT INTO `city_translation` (`city_id`,`language_id`,`name`) VALUES (481,'es','Málaga');
INSERT INTO `city_translation` (`city_id`,`language_id`,`name`) VALUES (481,'zh','马拉加');
INSERT INTO `city_translation` (`city_id`,`language_id`,`name`) VALUES (481,'fr','Málaga');
INSERT INTO `city_translation` (`city_id`,`language_id`,`name`) VALUES (482,'de','Manama');
INSERT INTO `city_translation` (`city_id`,`language_id`,`name`) VALUES (482,'en','Manama');
INSERT INTO `city_translation` (`city_id`,`language_id`,`name`) VALUES (482,'es','Manama');
INSERT INTO `city_translation` (`city_id`,`language_id`,`name`) VALUES (482,'zh','麦纳麦');
INSERT INTO `city_translation` (`city_id`,`language_id`,`name`) VALUES (482,'fr','Manama');
INSERT INTO `city_translation` (`city_id`,`language_id`,`name`) VALUES (483,'de','Manresa');
INSERT INTO `city_translation` (`city_id`,`language_id`,`name`) VALUES (483,'en','Manresa');
INSERT INTO `city_translation` (`city_id`,`language_id`,`name`) VALUES (483,'es','Manresa');
INSERT INTO `city_translation` (`city_id`,`language_id`,`name`) VALUES (483,'zh','马尼拉');
INSERT INTO `city_translation` (`city_id`,`language_id`,`name`) VALUES (483,'fr','Manresa');
INSERT INTO `city_translation` (`city_id`,`language_id`,`name`) VALUES (484,'de','Melilla');
INSERT INTO `city_translation` (`city_id`,`language_id`,`name`) VALUES (484,'en','Melilla');
INSERT INTO `city_translation` (`city_id`,`language_id`,`name`) VALUES (484,'es','Melilla');
INSERT INTO `city_translation` (`city_id`,`language_id`,`name`) VALUES (484,'zh','梅里亚');
INSERT INTO `city_translation` (`city_id`,`language_id`,`name`) VALUES (484,'fr','Melilla');
INSERT INTO `city_translation` (`city_id`,`language_id`,`name`) VALUES (485,'de','Monona');
INSERT INTO `city_translation` (`city_id`,`language_id`,`name`) VALUES (485,'en','Monona');
INSERT INTO `city_translation` (`city_id`,`language_id`,`name`) VALUES (485,'es','Monona');
INSERT INTO `city_translation` (`city_id`,`language_id`,`name`) VALUES (485,'zh','莫诺纳');
INSERT INTO `city_translation` (`city_id`,`language_id`,`name`) VALUES (485,'fr','Monona');
INSERT INTO `city_translation` (`city_id`,`language_id`,`name`) VALUES (486,'de','Murcia');
INSERT INTO `city_translation` (`city_id`,`language_id`,`name`) VALUES (486,'en','Murcia');
INSERT INTO `city_translation` (`city_id`,`language_id`,`name`) VALUES (486,'es','Murcia');
INSERT INTO `city_translation` (`city_id`,`language_id`,`name`) VALUES (486,'zh','穆尔西亚');
INSERT INTO `city_translation` (`city_id`,`language_id`,`name`) VALUES (486,'fr','Murcia');
INSERT INTO `city_translation` (`city_id`,`language_id`,`name`) VALUES (487,'de','Ourense');
INSERT INTO `city_translation` (`city_id`,`language_id`,`name`) VALUES (487,'en','Ourense');
INSERT INTO `city_translation` (`city_id`,`language_id`,`name`) VALUES (487,'es','Ourense');
INSERT INTO `city_translation` (`city_id`,`language_id`,`name`) VALUES (487,'zh','奥伦塞');
INSERT INTO `city_translation` (`city_id`,`language_id`,`name`) VALUES (487,'fr','Ourense');
INSERT INTO `city_translation` (`city_id`,`language_id`,`name`) VALUES (488,'de','Palencia');
INSERT INTO `city_translation` (`city_id`,`language_id`,`name`) VALUES (488,'en','Palencia');
INSERT INTO `city_translation` (`city_id`,`language_id`,`name`) VALUES (488,'es','Palencia');
INSERT INTO `city_translation` (`city_id`,`language_id`,`name`) VALUES (488,'zh','帕伦西亚');
INSERT INTO `city_translation` (`city_id`,`language_id`,`name`) VALUES (488,'fr','Palencia');
INSERT INTO `city_translation` (`city_id`,`language_id`,`name`) VALUES (489,'de','Palma');
INSERT INTO `city_translation` (`city_id`,`language_id`,`name`) VALUES (489,'en','Palma de Mallorca');
INSERT INTO `city_translation` (`city_id`,`language_id`,`name`) VALUES (489,'es','Palma de Mallorca');
INSERT INTO `city_translation` (`city_id`,`language_id`,`name`) VALUES (489,'zh','马略卡岛的帕尔马');
INSERT INTO `city_translation` (`city_id`,`language_id`,`name`) VALUES (489,'fr','Palma de Mallorca');
INSERT INTO `city_translation` (`city_id`,`language_id`,`name`) VALUES (490,'de','Pamplona');
INSERT INTO `city_translation` (`city_id`,`language_id`,`name`) VALUES (490,'en','Pamplona');
INSERT INTO `city_translation` (`city_id`,`language_id`,`name`) VALUES (490,'es','Pamplona');
INSERT INTO `city_translation` (`city_id`,`language_id`,`name`) VALUES (490,'zh','潘普洛纳');
INSERT INTO `city_translation` (`city_id`,`language_id`,`name`) VALUES (490,'fr','Pamplona');
INSERT INTO `city_translation` (`city_id`,`language_id`,`name`) VALUES (491,'de','Paterna');
INSERT INTO `city_translation` (`city_id`,`language_id`,`name`) VALUES (491,'en','Paterna');
INSERT INTO `city_translation` (`city_id`,`language_id`,`name`) VALUES (491,'es','Paterna');
INSERT INTO `city_translation` (`city_id`,`language_id`,`name`) VALUES (491,'zh','帕特纳');
INSERT INTO `city_translation` (`city_id`,`language_id`,`name`) VALUES (491,'fr','Paterna');
INSERT INTO `city_translation` (`city_id`,`language_id`,`name`) VALUES (492,'de','Puerto del Rosario');
INSERT INTO `city_translation` (`city_id`,`language_id`,`name`) VALUES (492,'en','Puerto del Rosario');
INSERT INTO `city_translation` (`city_id`,`language_id`,`name`) VALUES (492,'es','Puerto del Rosario');
INSERT INTO `city_translation` (`city_id`,`language_id`,`name`) VALUES (492,'zh','罗萨里奥区');
INSERT INTO `city_translation` (`city_id`,`language_id`,`name`) VALUES (492,'fr','Puerto del Rosario');
INSERT INTO `city_translation` (`city_id`,`language_id`,`name`) VALUES (493,'de','Phnom Penh');
INSERT INTO `city_translation` (`city_id`,`language_id`,`name`) VALUES (493,'en','Phnom Penh');
INSERT INTO `city_translation` (`city_id`,`language_id`,`name`) VALUES (493,'es','Phnom Penh');
INSERT INTO `city_translation` (`city_id`,`language_id`,`name`) VALUES (493,'zh','金边');
INSERT INTO `city_translation` (`city_id`,`language_id`,`name`) VALUES (493,'fr','Phnom Penh');
INSERT INTO `city_translation` (`city_id`,`language_id`,`name`) VALUES (494,'de','Ponferrada');
INSERT INTO `city_translation` (`city_id`,`language_id`,`name`) VALUES (494,'en','Ponferrada');
INSERT INTO `city_translation` (`city_id`,`language_id`,`name`) VALUES (494,'es','Ponferrada');
INSERT INTO `city_translation` (`city_id`,`language_id`,`name`) VALUES (494,'zh','庞费拉达');
INSERT INTO `city_translation` (`city_id`,`language_id`,`name`) VALUES (494,'fr','Ponferrada');
INSERT INTO `city_translation` (`city_id`,`language_id`,`name`) VALUES (495,'de','Ponta Delgada');
INSERT INTO `city_translation` (`city_id`,`language_id`,`name`) VALUES (495,'en','Ponta Delgada');
INSERT INTO `city_translation` (`city_id`,`language_id`,`name`) VALUES (495,'es','Ponta Delgada');
INSERT INTO `city_translation` (`city_id`,`language_id`,`name`) VALUES (495,'zh','庞塔德尔加达');
INSERT INTO `city_translation` (`city_id`,`language_id`,`name`) VALUES (495,'fr','Ponta Delgada');
INSERT INTO `city_translation` (`city_id`,`language_id`,`name`) VALUES (496,'de','Pontevedra');
INSERT INTO `city_translation` (`city_id`,`language_id`,`name`) VALUES (496,'en','Pontevedra');
INSERT INTO `city_translation` (`city_id`,`language_id`,`name`) VALUES (496,'es','Pontevedra');
INSERT INTO `city_translation` (`city_id`,`language_id`,`name`) VALUES (496,'zh','庞特韦德拉');
INSERT INTO `city_translation` (`city_id`,`language_id`,`name`) VALUES (496,'fr','Pontevedra');
INSERT INTO `city_translation` (`city_id`,`language_id`,`name`) VALUES (497,'de','Porto');
INSERT INTO `city_translation` (`city_id`,`language_id`,`name`) VALUES (497,'en','Porto');
INSERT INTO `city_translation` (`city_id`,`language_id`,`name`) VALUES (497,'es','Porto');
INSERT INTO `city_translation` (`city_id`,`language_id`,`name`) VALUES (497,'zh','波尔图');
INSERT INTO `city_translation` (`city_id`,`language_id`,`name`) VALUES (497,'fr','Porto');
INSERT INTO `city_translation` (`city_id`,`language_id`,`name`) VALUES (498,'de','Riyadh');
INSERT INTO `city_translation` (`city_id`,`language_id`,`name`) VALUES (498,'en','Riyadh');
INSERT INTO `city_translation` (`city_id`,`language_id`,`name`) VALUES (498,'es','Riad');
INSERT INTO `city_translation` (`city_id`,`language_id`,`name`) VALUES (498,'zh','利雅得');
INSERT INTO `city_translation` (`city_id`,`language_id`,`name`) VALUES (498,'fr','Riyadh');
INSERT INTO `city_translation` (`city_id`,`language_id`,`name`) VALUES (499,'de','San Miguel de Abona');
INSERT INTO `city_translation` (`city_id`,`language_id`,`name`) VALUES (499,'en','San Miguel de Abona');
INSERT INTO `city_translation` (`city_id`,`language_id`,`name`) VALUES (499,'es','San Miguel de Abona');
INSERT INTO `city_translation` (`city_id`,`language_id`,`name`) VALUES (499,'zh','圣米格尔-德-阿博纳');
INSERT INTO `city_translation` (`city_id`,`language_id`,`name`) VALUES (499,'fr','San Miguel de Abona');
INSERT INTO `city_translation` (`city_id`,`language_id`,`name`) VALUES (500,'de','San Pedro de Alcántara');
INSERT INTO `city_translation` (`city_id`,`language_id`,`name`) VALUES (500,'en','San Pedro de Alcántara');
INSERT INTO `city_translation` (`city_id`,`language_id`,`name`) VALUES (500,'es','San Pedro de Alcántara');
INSERT INTO `city_translation` (`city_id`,`language_id`,`name`) VALUES (500,'zh','圣佩德罗-德阿尔坎塔拉');
INSERT INTO `city_translation` (`city_id`,`language_id`,`name`) VALUES (500,'fr','San Pedro de Alcántara');
INSERT INTO `city_translation` (`city_id`,`language_id`,`name`) VALUES (501,'de','San Sebastián');
INSERT INTO `city_translation` (`city_id`,`language_id`,`name`) VALUES (501,'en','San Sebastián');
INSERT INTO `city_translation` (`city_id`,`language_id`,`name`) VALUES (501,'es','San Sebastián');
INSERT INTO `city_translation` (`city_id`,`language_id`,`name`) VALUES (501,'zh','圣塞巴斯蒂安');
INSERT INTO `city_translation` (`city_id`,`language_id`,`name`) VALUES (501,'fr','San Sebastián');
INSERT INTO `city_translation` (`city_id`,`language_id`,`name`) VALUES (502,'de','Santa Cruz de La Palma');
INSERT INTO `city_translation` (`city_id`,`language_id`,`name`) VALUES (502,'en','Santa Cruz de la Palma');
INSERT INTO `city_translation` (`city_id`,`language_id`,`name`) VALUES (502,'es','Santa Cruz de la Palma');
INSERT INTO `city_translation` (`city_id`,`language_id`,`name`) VALUES (502,'zh','圣克鲁斯-德拉帕尔马');
INSERT INTO `city_translation` (`city_id`,`language_id`,`name`) VALUES (502,'fr','Santa Cruz de la Palma');
INSERT INTO `city_translation` (`city_id`,`language_id`,`name`) VALUES (503,'de','Santander');
INSERT INTO `city_translation` (`city_id`,`language_id`,`name`) VALUES (503,'en','Santander');
INSERT INTO `city_translation` (`city_id`,`language_id`,`name`) VALUES (503,'es','Santander');
INSERT INTO `city_translation` (`city_id`,`language_id`,`name`) VALUES (503,'zh','桑坦德');
INSERT INTO `city_translation` (`city_id`,`language_id`,`name`) VALUES (503,'fr','Santander');
INSERT INTO `city_translation` (`city_id`,`language_id`,`name`) VALUES (504,'de','Santarém');
INSERT INTO `city_translation` (`city_id`,`language_id`,`name`) VALUES (504,'en','Santarém');
INSERT INTO `city_translation` (`city_id`,`language_id`,`name`) VALUES (504,'es','Santarém');
INSERT INTO `city_translation` (`city_id`,`language_id`,`name`) VALUES (504,'zh','桑塔雷姆');
INSERT INTO `city_translation` (`city_id`,`language_id`,`name`) VALUES (504,'fr','Santarém');
INSERT INTO `city_translation` (`city_id`,`language_id`,`name`) VALUES (505,'de','Santiago de Compostela');
INSERT INTO `city_translation` (`city_id`,`language_id`,`name`) VALUES (505,'en','Santiago de Compostela');
INSERT INTO `city_translation` (`city_id`,`language_id`,`name`) VALUES (505,'es','Santiago de Compostela');
INSERT INTO `city_translation` (`city_id`,`language_id`,`name`) VALUES (505,'zh','圣地亚哥-德孔波斯特拉');
INSERT INTO `city_translation` (`city_id`,`language_id`,`name`) VALUES (505,'fr','Saint-Jacques-de-Compostelle');
INSERT INTO `city_translation` (`city_id`,`language_id`,`name`) VALUES (506,'de','Segovia');
INSERT INTO `city_translation` (`city_id`,`language_id`,`name`) VALUES (506,'en','Segovia');
INSERT INTO `city_translation` (`city_id`,`language_id`,`name`) VALUES (506,'es','Segovia');
INSERT INTO `city_translation` (`city_id`,`language_id`,`name`) VALUES (506,'zh','塞戈维亚');
INSERT INTO `city_translation` (`city_id`,`language_id`,`name`) VALUES (506,'fr','Segovia');
INSERT INTO `city_translation` (`city_id`,`language_id`,`name`) VALUES (507,'de','Setúbal');
INSERT INTO `city_translation` (`city_id`,`language_id`,`name`) VALUES (507,'en','Setúbal');
INSERT INTO `city_translation` (`city_id`,`language_id`,`name`) VALUES (507,'es','Setúbal');
INSERT INTO `city_translation` (`city_id`,`language_id`,`name`) VALUES (507,'zh','塞图巴尔');
INSERT INTO `city_translation` (`city_id`,`language_id`,`name`) VALUES (507,'fr','Setúbal');
INSERT INTO `city_translation` (`city_id`,`language_id`,`name`) VALUES (508,'de','Seville');
INSERT INTO `city_translation` (`city_id`,`language_id`,`name`) VALUES (508,'en','Seville');
INSERT INTO `city_translation` (`city_id`,`language_id`,`name`) VALUES (508,'es','Sevilla');
INSERT INTO `city_translation` (`city_id`,`language_id`,`name`) VALUES (508,'zh','塞维利亚');
INSERT INTO `city_translation` (`city_id`,`language_id`,`name`) VALUES (508,'fr','Séville');
INSERT INTO `city_translation` (`city_id`,`language_id`,`name`) VALUES (509,'de','Soria');
INSERT INTO `city_translation` (`city_id`,`language_id`,`name`) VALUES (509,'en','Soria');
INSERT INTO `city_translation` (`city_id`,`language_id`,`name`) VALUES (509,'es','Soria');
INSERT INTO `city_translation` (`city_id`,`language_id`,`name`) VALUES (509,'zh','索里亚');
INSERT INTO `city_translation` (`city_id`,`language_id`,`name`) VALUES (509,'fr','Soria');
INSERT INTO `city_translation` (`city_id`,`language_id`,`name`) VALUES (510,'de','Taipeh Stadt');
INSERT INTO `city_translation` (`city_id`,`language_id`,`name`) VALUES (510,'en','Taipei City');
INSERT INTO `city_translation` (`city_id`,`language_id`,`name`) VALUES (510,'es','Ciudad de Taipei');
INSERT INTO `city_translation` (`city_id`,`language_id`,`name`) VALUES (510,'zh','台北市');
INSERT INTO `city_translation` (`city_id`,`language_id`,`name`) VALUES (510,'fr','Ville de Taipei');
INSERT INTO `city_translation` (`city_id`,`language_id`,`name`) VALUES (511,'de','Talavera de la Reina');
INSERT INTO `city_translation` (`city_id`,`language_id`,`name`) VALUES (511,'en','Talavera de la Reina');
INSERT INTO `city_translation` (`city_id`,`language_id`,`name`) VALUES (511,'es','Talavera de la Reina');
INSERT INTO `city_translation` (`city_id`,`language_id`,`name`) VALUES (511,'zh','塔拉维拉-德拉雷纳');
INSERT INTO `city_translation` (`city_id`,`language_id`,`name`) VALUES (511,'fr','Talavera de la Reina');
INSERT INTO `city_translation` (`city_id`,`language_id`,`name`) VALUES (512,'de','Tarragona');
INSERT INTO `city_translation` (`city_id`,`language_id`,`name`) VALUES (512,'en','Tarragona');
INSERT INTO `city_translation` (`city_id`,`language_id`,`name`) VALUES (512,'es','Tarragona');
INSERT INTO `city_translation` (`city_id`,`language_id`,`name`) VALUES (512,'zh','塔拉戈纳');
INSERT INTO `city_translation` (`city_id`,`language_id`,`name`) VALUES (512,'fr','Tarragona');
INSERT INTO `city_translation` (`city_id`,`language_id`,`name`) VALUES (513,'de','Tavernes V.');
INSERT INTO `city_translation` (`city_id`,`language_id`,`name`) VALUES (513,'en','Tavernes V.');
INSERT INTO `city_translation` (`city_id`,`language_id`,`name`) VALUES (513,'es','Tavernes V.');
INSERT INTO `city_translation` (`city_id`,`language_id`,`name`) VALUES (513,'zh','Tavernes V.');
INSERT INTO `city_translation` (`city_id`,`language_id`,`name`) VALUES (513,'fr','Tavernes V.');
INSERT INTO `city_translation` (`city_id`,`language_id`,`name`) VALUES (514,'de','Teruel');
INSERT INTO `city_translation` (`city_id`,`language_id`,`name`) VALUES (514,'en','Teruel');
INSERT INTO `city_translation` (`city_id`,`language_id`,`name`) VALUES (514,'es','Teruel');
INSERT INTO `city_translation` (`city_id`,`language_id`,`name`) VALUES (514,'zh','特鲁埃尔');
INSERT INTO `city_translation` (`city_id`,`language_id`,`name`) VALUES (514,'fr','Teruel');
INSERT INTO `city_translation` (`city_id`,`language_id`,`name`) VALUES (515,'de','Toledo');
INSERT INTO `city_translation` (`city_id`,`language_id`,`name`) VALUES (515,'en','Toledo');
INSERT INTO `city_translation` (`city_id`,`language_id`,`name`) VALUES (515,'es','Toledo');
INSERT INTO `city_translation` (`city_id`,`language_id`,`name`) VALUES (515,'zh','托莱多');
INSERT INTO `city_translation` (`city_id`,`language_id`,`name`) VALUES (515,'fr','Tolède');
INSERT INTO `city_translation` (`city_id`,`language_id`,`name`) VALUES (516,'de','Torrelavega');
INSERT INTO `city_translation` (`city_id`,`language_id`,`name`) VALUES (516,'en','Torrelavega');
INSERT INTO `city_translation` (`city_id`,`language_id`,`name`) VALUES (516,'es','Torrelavega');
INSERT INTO `city_translation` (`city_id`,`language_id`,`name`) VALUES (516,'zh','Torrelavega');
INSERT INTO `city_translation` (`city_id`,`language_id`,`name`) VALUES (516,'fr','Torrelavega');
INSERT INTO `city_translation` (`city_id`,`language_id`,`name`) VALUES (517,'de','Tortosa');
INSERT INTO `city_translation` (`city_id`,`language_id`,`name`) VALUES (517,'en','Tortosa');
INSERT INTO `city_translation` (`city_id`,`language_id`,`name`) VALUES (517,'es','Tortosa');
INSERT INTO `city_translation` (`city_id`,`language_id`,`name`) VALUES (517,'zh','托尔托萨');
INSERT INTO `city_translation` (`city_id`,`language_id`,`name`) VALUES (517,'fr','Tortosa');
INSERT INTO `city_translation` (`city_id`,`language_id`,`name`) VALUES (518,'de','Tudela');
INSERT INTO `city_translation` (`city_id`,`language_id`,`name`) VALUES (518,'en','Tudela');
INSERT INTO `city_translation` (`city_id`,`language_id`,`name`) VALUES (518,'es','Tudela');
INSERT INTO `city_translation` (`city_id`,`language_id`,`name`) VALUES (518,'zh','图德拉');
INSERT INTO `city_translation` (`city_id`,`language_id`,`name`) VALUES (518,'fr','Tudela');
INSERT INTO `city_translation` (`city_id`,`language_id`,`name`) VALUES (519,'de','Vielha e Mijaran');
INSERT INTO `city_translation` (`city_id`,`language_id`,`name`) VALUES (519,'en','Vielha');
INSERT INTO `city_translation` (`city_id`,`language_id`,`name`) VALUES (519,'es','Vielha');
INSERT INTO `city_translation` (`city_id`,`language_id`,`name`) VALUES (519,'zh','维尔哈');
INSERT INTO `city_translation` (`city_id`,`language_id`,`name`) VALUES (519,'fr','Vielha');
INSERT INTO `city_translation` (`city_id`,`language_id`,`name`) VALUES (520,'de','Vigo');
INSERT INTO `city_translation` (`city_id`,`language_id`,`name`) VALUES (520,'en','Vigo');
INSERT INTO `city_translation` (`city_id`,`language_id`,`name`) VALUES (520,'es','Vigo');
INSERT INTO `city_translation` (`city_id`,`language_id`,`name`) VALUES (520,'zh','维戈');
INSERT INTO `city_translation` (`city_id`,`language_id`,`name`) VALUES (520,'fr','Vigo');
INSERT INTO `city_translation` (`city_id`,`language_id`,`name`) VALUES (521,'de','Viladecans');
INSERT INTO `city_translation` (`city_id`,`language_id`,`name`) VALUES (521,'en','Viladecans');
INSERT INTO `city_translation` (`city_id`,`language_id`,`name`) VALUES (521,'es','Viladecans');
INSERT INTO `city_translation` (`city_id`,`language_id`,`name`) VALUES (521,'zh','维拉德坎斯');
INSERT INTO `city_translation` (`city_id`,`language_id`,`name`) VALUES (521,'fr','Viladecans');
INSERT INTO `city_translation` (`city_id`,`language_id`,`name`) VALUES (522,'de','Viladecans');
INSERT INTO `city_translation` (`city_id`,`language_id`,`name`) VALUES (522,'en','Viladecans');
INSERT INTO `city_translation` (`city_id`,`language_id`,`name`) VALUES (522,'es','Viladecans');
INSERT INTO `city_translation` (`city_id`,`language_id`,`name`) VALUES (522,'zh','维拉德坎斯');
INSERT INTO `city_translation` (`city_id`,`language_id`,`name`) VALUES (522,'fr','Viladecans');
INSERT INTO `city_translation` (`city_id`,`language_id`,`name`) VALUES (523,'de','Villarcayo de Merindad de Castilla la Vieja');
INSERT INTO `city_translation` (`city_id`,`language_id`,`name`) VALUES (523,'en','Villarcayo');
INSERT INTO `city_translation` (`city_id`,`language_id`,`name`) VALUES (523,'es','Villarcayo');
INSERT INTO `city_translation` (`city_id`,`language_id`,`name`) VALUES (523,'zh','维拉卡约');
INSERT INTO `city_translation` (`city_id`,`language_id`,`name`) VALUES (523,'fr','Villarcayo');
INSERT INTO `city_translation` (`city_id`,`language_id`,`name`) VALUES (524,'de','Vitoria-Gasteiz');
INSERT INTO `city_translation` (`city_id`,`language_id`,`name`) VALUES (524,'en','Vitoria');
INSERT INTO `city_translation` (`city_id`,`language_id`,`name`) VALUES (524,'es','Vitoria');
INSERT INTO `city_translation` (`city_id`,`language_id`,`name`) VALUES (524,'zh','维多利亚');
INSERT INTO `city_translation` (`city_id`,`language_id`,`name`) VALUES (524,'fr','Vitoria');
INSERT INTO `city_translation` (`city_id`,`language_id`,`name`) VALUES (525,'de','Zamora');
INSERT INTO `city_translation` (`city_id`,`language_id`,`name`) VALUES (525,'en','Zamora');
INSERT INTO `city_translation` (`city_id`,`language_id`,`name`) VALUES (525,'es','Zamora');
INSERT INTO `city_translation` (`city_id`,`language_id`,`name`) VALUES (525,'zh','萨莫拉');
INSERT INTO `city_translation` (`city_id`,`language_id`,`name`) VALUES (525,'fr','Zamora');
INSERT INTO `city_translation` (`city_id`,`language_id`,`name`) VALUES (526,'de','Zaragoza');
INSERT INTO `city_translation` (`city_id`,`language_id`,`name`) VALUES (526,'en','Zaragoza');
INSERT INTO `city_translation` (`city_id`,`language_id`,`name`) VALUES (526,'es','Zaragoza');
INSERT INTO `city_translation` (`city_id`,`language_id`,`name`) VALUES (526,'zh','萨拉戈萨');
INSERT INTO `city_translation` (`city_id`,`language_id`,`name`) VALUES (526,'fr','Saragosse');
INSERT INTO `city_translation` (`city_id`,`language_id`,`name`) VALUES (527,'de','Zaratán');
INSERT INTO `city_translation` (`city_id`,`language_id`,`name`) VALUES (527,'en','Zaratán');
INSERT INTO `city_translation` (`city_id`,`language_id`,`name`) VALUES (527,'es','Zaratán');
INSERT INTO `city_translation` (`city_id`,`language_id`,`name`) VALUES (527,'zh','扎拉坦');
INSERT INTO `city_translation` (`city_id`,`language_id`,`name`) VALUES (527,'fr','Zaratán');
INSERT INTO `city_translation` (`city_id`,`language_id`,`name`) VALUES (528,'de','Weyhe');
INSERT INTO `city_translation` (`city_id`,`language_id`,`name`) VALUES (528,'en','Weyhe');
INSERT INTO `city_translation` (`city_id`,`language_id`,`name`) VALUES (528,'es','Weyhe');
INSERT INTO `city_translation` (`city_id`,`language_id`,`name`) VALUES (528,'zh','Weyhe');
INSERT INTO `city_translation` (`city_id`,`language_id`,`name`) VALUES (528,'fr','Weyhe');
INSERT INTO `city_translation` (`city_id`,`language_id`,`name`) VALUES (529,'de','Aix-En-Provence');
INSERT INTO `city_translation` (`city_id`,`language_id`,`name`) VALUES (529,'en','Aix-En-Provence');
INSERT INTO `city_translation` (`city_id`,`language_id`,`name`) VALUES (529,'zh','Aix-En-Provence');
INSERT INTO `city_translation` (`city_id`,`language_id`,`name`) VALUES (529,'es','Aix-En-Provence');
INSERT INTO `city_translation` (`city_id`,`language_id`,`name`) VALUES (529,'fr','Aix-En-Provence');
INSERT INTO `city_translation` (`city_id`,`language_id`,`name`) VALUES (530,'de','Brest');
INSERT INTO `city_translation` (`city_id`,`language_id`,`name`) VALUES (530,'en','Brest');
INSERT INTO `city_translation` (`city_id`,`language_id`,`name`) VALUES (530,'zh','Brest');
INSERT INTO `city_translation` (`city_id`,`language_id`,`name`) VALUES (530,'es','Brest');
INSERT INTO `city_translation` (`city_id`,`language_id`,`name`) VALUES (530,'fr','Brest');
INSERT INTO `city_translation` (`city_id`,`language_id`,`name`) VALUES (531,'de','Cannes');
INSERT INTO `city_translation` (`city_id`,`language_id`,`name`) VALUES (531,'en','Cannes');
INSERT INTO `city_translation` (`city_id`,`language_id`,`name`) VALUES (531,'zh','Cannes');
INSERT INTO `city_translation` (`city_id`,`language_id`,`name`) VALUES (531,'es','Cannes');
INSERT INTO `city_translation` (`city_id`,`language_id`,`name`) VALUES (531,'fr','Cannes');
INSERT INTO `city_translation` (`city_id`,`language_id`,`name`) VALUES (532,'de','Cesson Sevigne');
INSERT INTO `city_translation` (`city_id`,`language_id`,`name`) VALUES (532,'en','Cesson Sevigne');
INSERT INTO `city_translation` (`city_id`,`language_id`,`name`) VALUES (532,'zh','Cesson Sevigne');
INSERT INTO `city_translation` (`city_id`,`language_id`,`name`) VALUES (532,'es','Cesson Sevigne');
INSERT INTO `city_translation` (`city_id`,`language_id`,`name`) VALUES (532,'fr','Cesson Sevigne');
INSERT INTO `city_translation` (`city_id`,`language_id`,`name`) VALUES (533,'de','Chambray Les Tours');
INSERT INTO `city_translation` (`city_id`,`language_id`,`name`) VALUES (533,'en','Chambray Les Tours');
INSERT INTO `city_translation` (`city_id`,`language_id`,`name`) VALUES (533,'zh','Chambray Les Tours');
INSERT INTO `city_translation` (`city_id`,`language_id`,`name`) VALUES (533,'es','Chambray Les Tours');
INSERT INTO `city_translation` (`city_id`,`language_id`,`name`) VALUES (533,'fr','Chambray Les Tours');
INSERT INTO `city_translation` (`city_id`,`language_id`,`name`) VALUES (534,'de','Chatelaillon Plage');
INSERT INTO `city_translation` (`city_id`,`language_id`,`name`) VALUES (534,'en','Chatelaillon Plage');
INSERT INTO `city_translation` (`city_id`,`language_id`,`name`) VALUES (534,'zh','Chatelaillon Plage');
INSERT INTO `city_translation` (`city_id`,`language_id`,`name`) VALUES (534,'es','Chatelaillon Plage');
INSERT INTO `city_translation` (`city_id`,`language_id`,`name`) VALUES (534,'fr','Chatelaillon Plage');
INSERT INTO `city_translation` (`city_id`,`language_id`,`name`) VALUES (535,'de','Clermont Ferrand');
INSERT INTO `city_translation` (`city_id`,`language_id`,`name`) VALUES (535,'en','Clermont Ferrand');
INSERT INTO `city_translation` (`city_id`,`language_id`,`name`) VALUES (535,'zh','Clermont Ferrand');
INSERT INTO `city_translation` (`city_id`,`language_id`,`name`) VALUES (535,'es','Clermont Ferrand');
INSERT INTO `city_translation` (`city_id`,`language_id`,`name`) VALUES (535,'fr','Clermont Ferrand');
INSERT INTO `city_translation` (`city_id`,`language_id`,`name`) VALUES (536,'de','Compiegne');
INSERT INTO `city_translation` (`city_id`,`language_id`,`name`) VALUES (536,'en','Compiegne');
INSERT INTO `city_translation` (`city_id`,`language_id`,`name`) VALUES (536,'zh','Compiegne');
INSERT INTO `city_translation` (`city_id`,`language_id`,`name`) VALUES (536,'es','Compiegne');
INSERT INTO `city_translation` (`city_id`,`language_id`,`name`) VALUES (536,'fr','Compiegne');
INSERT INTO `city_translation` (`city_id`,`language_id`,`name`) VALUES (537,'de','Creney Pres Troyes');
INSERT INTO `city_translation` (`city_id`,`language_id`,`name`) VALUES (537,'en','Creney Pres Troyes');
INSERT INTO `city_translation` (`city_id`,`language_id`,`name`) VALUES (537,'zh','Creney Pres Troyes');
INSERT INTO `city_translation` (`city_id`,`language_id`,`name`) VALUES (537,'es','Creney Pres Troyes');
INSERT INTO `city_translation` (`city_id`,`language_id`,`name`) VALUES (537,'fr','Creney Pres Troyes');
INSERT INTO `city_translation` (`city_id`,`language_id`,`name`) VALUES (538,'de','Croissy Beaubourg');
INSERT INTO `city_translation` (`city_id`,`language_id`,`name`) VALUES (538,'en','Croissy Beaubourg');
INSERT INTO `city_translation` (`city_id`,`language_id`,`name`) VALUES (538,'zh','Croissy Beaubourg');
INSERT INTO `city_translation` (`city_id`,`language_id`,`name`) VALUES (538,'es','Croissy Beaubourg');
INSERT INTO `city_translation` (`city_id`,`language_id`,`name`) VALUES (538,'fr','Croissy Beaubourg');
INSERT INTO `city_translation` (`city_id`,`language_id`,`name`) VALUES (539,'de','Dijon');
INSERT INTO `city_translation` (`city_id`,`language_id`,`name`) VALUES (539,'en','Dijon');
INSERT INTO `city_translation` (`city_id`,`language_id`,`name`) VALUES (539,'zh','Dijon');
INSERT INTO `city_translation` (`city_id`,`language_id`,`name`) VALUES (539,'es','Dijon');
INSERT INTO `city_translation` (`city_id`,`language_id`,`name`) VALUES (539,'fr','Dijon');
INSERT INTO `city_translation` (`city_id`,`language_id`,`name`) VALUES (540,'de','Drumettaz Clarafond');
INSERT INTO `city_translation` (`city_id`,`language_id`,`name`) VALUES (540,'en','Drumettaz Clarafond');
INSERT INTO `city_translation` (`city_id`,`language_id`,`name`) VALUES (540,'zh','Drumettaz Clarafond');
INSERT INTO `city_translation` (`city_id`,`language_id`,`name`) VALUES (540,'es','Drumettaz Clarafond');
INSERT INTO `city_translation` (`city_id`,`language_id`,`name`) VALUES (540,'fr','Drumettaz Clarafond');
INSERT INTO `city_translation` (`city_id`,`language_id`,`name`) VALUES (541,'de','Ecole-Valentin');
INSERT INTO `city_translation` (`city_id`,`language_id`,`name`) VALUES (541,'en','Ecole-Valentin');
INSERT INTO `city_translation` (`city_id`,`language_id`,`name`) VALUES (541,'zh','Ecole-Valentin');
INSERT INTO `city_translation` (`city_id`,`language_id`,`name`) VALUES (541,'es','Ecole-Valentin');
INSERT INTO `city_translation` (`city_id`,`language_id`,`name`) VALUES (541,'fr','Ecole-Valentin');
INSERT INTO `city_translation` (`city_id`,`language_id`,`name`) VALUES (542,'de','Eybens');
INSERT INTO `city_translation` (`city_id`,`language_id`,`name`) VALUES (542,'en','Eybens');
INSERT INTO `city_translation` (`city_id`,`language_id`,`name`) VALUES (542,'zh','Eybens');
INSERT INTO `city_translation` (`city_id`,`language_id`,`name`) VALUES (542,'es','Eybens');
INSERT INTO `city_translation` (`city_id`,`language_id`,`name`) VALUES (542,'fr','Eybens');
INSERT INTO `city_translation` (`city_id`,`language_id`,`name`) VALUES (543,'de','Frejus');
INSERT INTO `city_translation` (`city_id`,`language_id`,`name`) VALUES (543,'en','Frejus');
INSERT INTO `city_translation` (`city_id`,`language_id`,`name`) VALUES (543,'zh','Frejus');
INSERT INTO `city_translation` (`city_id`,`language_id`,`name`) VALUES (543,'es','Frejus');
INSERT INTO `city_translation` (`city_id`,`language_id`,`name`) VALUES (543,'fr','Frejus');
INSERT INTO `city_translation` (`city_id`,`language_id`,`name`) VALUES (544,'de','Harfleur');
INSERT INTO `city_translation` (`city_id`,`language_id`,`name`) VALUES (544,'en','Harfleur');
INSERT INTO `city_translation` (`city_id`,`language_id`,`name`) VALUES (544,'zh','Harfleur');
INSERT INTO `city_translation` (`city_id`,`language_id`,`name`) VALUES (544,'es','Harfleur');
INSERT INTO `city_translation` (`city_id`,`language_id`,`name`) VALUES (544,'fr','Harfleur');
INSERT INTO `city_translation` (`city_id`,`language_id`,`name`) VALUES (545,'de','Hoenheim');
INSERT INTO `city_translation` (`city_id`,`language_id`,`name`) VALUES (545,'en','Hoenheim');
INSERT INTO `city_translation` (`city_id`,`language_id`,`name`) VALUES (545,'zh','Hoenheim');
INSERT INTO `city_translation` (`city_id`,`language_id`,`name`) VALUES (545,'es','Hoenheim');
INSERT INTO `city_translation` (`city_id`,`language_id`,`name`) VALUES (545,'fr','Hoenheim');
INSERT INTO `city_translation` (`city_id`,`language_id`,`name`) VALUES (546,'de','Illzach');
INSERT INTO `city_translation` (`city_id`,`language_id`,`name`) VALUES (546,'en','Illzach');
INSERT INTO `city_translation` (`city_id`,`language_id`,`name`) VALUES (546,'zh','Illzach');
INSERT INTO `city_translation` (`city_id`,`language_id`,`name`) VALUES (546,'es','Illzach');
INSERT INTO `city_translation` (`city_id`,`language_id`,`name`) VALUES (546,'fr','Illzach');
INSERT INTO `city_translation` (`city_id`,`language_id`,`name`) VALUES (547,'de','Ivry Sur Seine');
INSERT INTO `city_translation` (`city_id`,`language_id`,`name`) VALUES (547,'en','Ivry Sur Seine');
INSERT INTO `city_translation` (`city_id`,`language_id`,`name`) VALUES (547,'zh','Ivry Sur Seine');
INSERT INTO `city_translation` (`city_id`,`language_id`,`name`) VALUES (547,'es','Ivry Sur Seine');
INSERT INTO `city_translation` (`city_id`,`language_id`,`name`) VALUES (547,'fr','Ivry Sur Seine');
INSERT INTO `city_translation` (`city_id`,`language_id`,`name`) VALUES (548,'de','Jouy Aux Arches');
INSERT INTO `city_translation` (`city_id`,`language_id`,`name`) VALUES (548,'en','Jouy Aux Arches');
INSERT INTO `city_translation` (`city_id`,`language_id`,`name`) VALUES (548,'zh','Jouy Aux Arches');
INSERT INTO `city_translation` (`city_id`,`language_id`,`name`) VALUES (548,'es','Jouy Aux Arches');
INSERT INTO `city_translation` (`city_id`,`language_id`,`name`) VALUES (548,'fr','Jouy Aux Arches');
INSERT INTO `city_translation` (`city_id`,`language_id`,`name`) VALUES (549,'de','La Chapelle Saint Mesmin');
INSERT INTO `city_translation` (`city_id`,`language_id`,`name`) VALUES (549,'en','La Chapelle Saint Mesmin');
INSERT INTO `city_translation` (`city_id`,`language_id`,`name`) VALUES (549,'zh','La Chapelle Saint Mesmin');
INSERT INTO `city_translation` (`city_id`,`language_id`,`name`) VALUES (549,'es','La Chapelle Saint Mesmin');
INSERT INTO `city_translation` (`city_id`,`language_id`,`name`) VALUES (549,'fr','La Chapelle Saint Mesmin');
INSERT INTO `city_translation` (`city_id`,`language_id`,`name`) VALUES (550,'de','La Farlede');
INSERT INTO `city_translation` (`city_id`,`language_id`,`name`) VALUES (550,'en','La Farlede');
INSERT INTO `city_translation` (`city_id`,`language_id`,`name`) VALUES (550,'zh','La Farlede');
INSERT INTO `city_translation` (`city_id`,`language_id`,`name`) VALUES (550,'es','La Farlede');
INSERT INTO `city_translation` (`city_id`,`language_id`,`name`) VALUES (550,'fr','La Farlede');
INSERT INTO `city_translation` (`city_id`,`language_id`,`name`) VALUES (551,'de','La Plaine St Denis');
INSERT INTO `city_translation` (`city_id`,`language_id`,`name`) VALUES (551,'en','La Plaine St Denis');
INSERT INTO `city_translation` (`city_id`,`language_id`,`name`) VALUES (551,'zh','La Plaine St Denis');
INSERT INTO `city_translation` (`city_id`,`language_id`,`name`) VALUES (551,'es','La Plaine St Denis');
INSERT INTO `city_translation` (`city_id`,`language_id`,`name`) VALUES (551,'fr','La Plaine St Denis');
INSERT INTO `city_translation` (`city_id`,`language_id`,`name`) VALUES (552,'de','La Ricamarie');
INSERT INTO `city_translation` (`city_id`,`language_id`,`name`) VALUES (552,'en','La Ricamarie');
INSERT INTO `city_translation` (`city_id`,`language_id`,`name`) VALUES (552,'zh','La Ricamarie');
INSERT INTO `city_translation` (`city_id`,`language_id`,`name`) VALUES (552,'es','La Ricamarie');
INSERT INTO `city_translation` (`city_id`,`language_id`,`name`) VALUES (552,'fr','La Ricamarie');
INSERT INTO `city_translation` (`city_id`,`language_id`,`name`) VALUES (553,'de','Lanester');
INSERT INTO `city_translation` (`city_id`,`language_id`,`name`) VALUES (553,'en','Lanester');
INSERT INTO `city_translation` (`city_id`,`language_id`,`name`) VALUES (553,'zh','Lanester');
INSERT INTO `city_translation` (`city_id`,`language_id`,`name`) VALUES (553,'es','Lanester');
INSERT INTO `city_translation` (`city_id`,`language_id`,`name`) VALUES (553,'fr','Lanester');
INSERT INTO `city_translation` (`city_id`,`language_id`,`name`) VALUES (554,'de','Le Lamentin');
INSERT INTO `city_translation` (`city_id`,`language_id`,`name`) VALUES (554,'en','Le Lamentin');
INSERT INTO `city_translation` (`city_id`,`language_id`,`name`) VALUES (554,'zh','Le Lamentin');
INSERT INTO `city_translation` (`city_id`,`language_id`,`name`) VALUES (554,'es','Le Lamentin');
INSERT INTO `city_translation` (`city_id`,`language_id`,`name`) VALUES (554,'fr','Le Lamentin');
INSERT INTO `city_translation` (`city_id`,`language_id`,`name`) VALUES (555,'de','Le Mans');
INSERT INTO `city_translation` (`city_id`,`language_id`,`name`) VALUES (555,'en','Le Mans');
INSERT INTO `city_translation` (`city_id`,`language_id`,`name`) VALUES (555,'zh','Le Mans');
INSERT INTO `city_translation` (`city_id`,`language_id`,`name`) VALUES (555,'es','Le Mans');
INSERT INTO `city_translation` (`city_id`,`language_id`,`name`) VALUES (555,'fr','Le Mans');
INSERT INTO `city_translation` (`city_id`,`language_id`,`name`) VALUES (556,'de','Les Lilas');
INSERT INTO `city_translation` (`city_id`,`language_id`,`name`) VALUES (556,'en','Les Lilas');
INSERT INTO `city_translation` (`city_id`,`language_id`,`name`) VALUES (556,'zh','Les Lilas');
INSERT INTO `city_translation` (`city_id`,`language_id`,`name`) VALUES (556,'es','Les Lilas');
INSERT INTO `city_translation` (`city_id`,`language_id`,`name`) VALUES (556,'fr','Les Lilas');
INSERT INTO `city_translation` (`city_id`,`language_id`,`name`) VALUES (557,'de','Les Sorinieres');
INSERT INTO `city_translation` (`city_id`,`language_id`,`name`) VALUES (557,'en','Les Sorinieres');
INSERT INTO `city_translation` (`city_id`,`language_id`,`name`) VALUES (557,'zh','Les Sorinieres');
INSERT INTO `city_translation` (`city_id`,`language_id`,`name`) VALUES (557,'es','Les Sorinieres');
INSERT INTO `city_translation` (`city_id`,`language_id`,`name`) VALUES (557,'fr','Les Sorinieres');
INSERT INTO `city_translation` (`city_id`,`language_id`,`name`) VALUES (558,'de','Marcq En Baroeul');
INSERT INTO `city_translation` (`city_id`,`language_id`,`name`) VALUES (558,'en','Marcq En Baroeul');
INSERT INTO `city_translation` (`city_id`,`language_id`,`name`) VALUES (558,'zh','Marcq En Baroeul');
INSERT INTO `city_translation` (`city_id`,`language_id`,`name`) VALUES (558,'es','Marcq En Baroeul');
INSERT INTO `city_translation` (`city_id`,`language_id`,`name`) VALUES (558,'fr','Marcq En Baroeul');
INSERT INTO `city_translation` (`city_id`,`language_id`,`name`) VALUES (559,'de','Marseille');
INSERT INTO `city_translation` (`city_id`,`language_id`,`name`) VALUES (559,'en','Marseille');
INSERT INTO `city_translation` (`city_id`,`language_id`,`name`) VALUES (559,'zh','Marseille');
INSERT INTO `city_translation` (`city_id`,`language_id`,`name`) VALUES (559,'es','Marseille');
INSERT INTO `city_translation` (`city_id`,`language_id`,`name`) VALUES (559,'fr','Marseille');
INSERT INTO `city_translation` (`city_id`,`language_id`,`name`) VALUES (560,'de','Maxeville');
INSERT INTO `city_translation` (`city_id`,`language_id`,`name`) VALUES (560,'en','Maxeville');
INSERT INTO `city_translation` (`city_id`,`language_id`,`name`) VALUES (560,'zh','Maxeville');
INSERT INTO `city_translation` (`city_id`,`language_id`,`name`) VALUES (560,'es','Maxeville');
INSERT INTO `city_translation` (`city_id`,`language_id`,`name`) VALUES (560,'fr','Maxeville');
INSERT INTO `city_translation` (`city_id`,`language_id`,`name`) VALUES (561,'de','Merignac');
INSERT INTO `city_translation` (`city_id`,`language_id`,`name`) VALUES (561,'en','Merignac');
INSERT INTO `city_translation` (`city_id`,`language_id`,`name`) VALUES (561,'zh','Merignac');
INSERT INTO `city_translation` (`city_id`,`language_id`,`name`) VALUES (561,'es','Merignac');
INSERT INTO `city_translation` (`city_id`,`language_id`,`name`) VALUES (561,'fr','Merignac');
INSERT INTO `city_translation` (`city_id`,`language_id`,`name`) VALUES (562,'de','Monaco');
INSERT INTO `city_translation` (`city_id`,`language_id`,`name`) VALUES (562,'en','Monaco');
INSERT INTO `city_translation` (`city_id`,`language_id`,`name`) VALUES (562,'zh','Monaco');
INSERT INTO `city_translation` (`city_id`,`language_id`,`name`) VALUES (562,'es','Monaco');
INSERT INTO `city_translation` (`city_id`,`language_id`,`name`) VALUES (562,'fr','Monaco');
INSERT INTO `city_translation` (`city_id`,`language_id`,`name`) VALUES (563,'de','Moneteau');
INSERT INTO `city_translation` (`city_id`,`language_id`,`name`) VALUES (563,'en','Moneteau');
INSERT INTO `city_translation` (`city_id`,`language_id`,`name`) VALUES (563,'zh','Moneteau');
INSERT INTO `city_translation` (`city_id`,`language_id`,`name`) VALUES (563,'es','Moneteau');
INSERT INTO `city_translation` (`city_id`,`language_id`,`name`) VALUES (563,'fr','Moneteau');
INSERT INTO `city_translation` (`city_id`,`language_id`,`name`) VALUES (564,'de','Montfavet');
INSERT INTO `city_translation` (`city_id`,`language_id`,`name`) VALUES (564,'en','Montfavet');
INSERT INTO `city_translation` (`city_id`,`language_id`,`name`) VALUES (564,'zh','Montfavet');
INSERT INTO `city_translation` (`city_id`,`language_id`,`name`) VALUES (564,'es','Montfavet');
INSERT INTO `city_translation` (`city_id`,`language_id`,`name`) VALUES (564,'fr','Montfavet');
INSERT INTO `city_translation` (`city_id`,`language_id`,`name`) VALUES (565,'de','Montpellier');
INSERT INTO `city_translation` (`city_id`,`language_id`,`name`) VALUES (565,'en','Montpellier');
INSERT INTO `city_translation` (`city_id`,`language_id`,`name`) VALUES (565,'zh','Montpellier');
INSERT INTO `city_translation` (`city_id`,`language_id`,`name`) VALUES (565,'es','Montpellier');
INSERT INTO `city_translation` (`city_id`,`language_id`,`name`) VALUES (565,'fr','Montpellier');
INSERT INTO `city_translation` (`city_id`,`language_id`,`name`) VALUES (566,'de','Nimes');
INSERT INTO `city_translation` (`city_id`,`language_id`,`name`) VALUES (566,'en','Nimes');
INSERT INTO `city_translation` (`city_id`,`language_id`,`name`) VALUES (566,'zh','Nimes');
INSERT INTO `city_translation` (`city_id`,`language_id`,`name`) VALUES (566,'es','Nimes');
INSERT INTO `city_translation` (`city_id`,`language_id`,`name`) VALUES (566,'fr','Nimes');
INSERT INTO `city_translation` (`city_id`,`language_id`,`name`) VALUES (567,'de','Noisiiel');
INSERT INTO `city_translation` (`city_id`,`language_id`,`name`) VALUES (567,'en','Noisiiel');
INSERT INTO `city_translation` (`city_id`,`language_id`,`name`) VALUES (567,'zh','Noisiiel');
INSERT INTO `city_translation` (`city_id`,`language_id`,`name`) VALUES (567,'es','Noisiiel');
INSERT INTO `city_translation` (`city_id`,`language_id`,`name`) VALUES (567,'fr','Noisiiel');
INSERT INTO `city_translation` (`city_id`,`language_id`,`name`) VALUES (568,'de','Osny');
INSERT INTO `city_translation` (`city_id`,`language_id`,`name`) VALUES (568,'en','Osny');
INSERT INTO `city_translation` (`city_id`,`language_id`,`name`) VALUES (568,'zh','Osny');
INSERT INTO `city_translation` (`city_id`,`language_id`,`name`) VALUES (568,'es','Osny');
INSERT INTO `city_translation` (`city_id`,`language_id`,`name`) VALUES (568,'fr','Osny');
INSERT INTO `city_translation` (`city_id`,`language_id`,`name`) VALUES (569,'de','Panazol');
INSERT INTO `city_translation` (`city_id`,`language_id`,`name`) VALUES (569,'en','Panazol');
INSERT INTO `city_translation` (`city_id`,`language_id`,`name`) VALUES (569,'zh','Panazol');
INSERT INTO `city_translation` (`city_id`,`language_id`,`name`) VALUES (569,'es','Panazol');
INSERT INTO `city_translation` (`city_id`,`language_id`,`name`) VALUES (569,'fr','Panazol');
INSERT INTO `city_translation` (`city_id`,`language_id`,`name`) VALUES (570,'de','Perpignan');
INSERT INTO `city_translation` (`city_id`,`language_id`,`name`) VALUES (570,'en','Perpignan');
INSERT INTO `city_translation` (`city_id`,`language_id`,`name`) VALUES (570,'zh','Perpignan');
INSERT INTO `city_translation` (`city_id`,`language_id`,`name`) VALUES (570,'es','Perpignan');
INSERT INTO `city_translation` (`city_id`,`language_id`,`name`) VALUES (570,'fr','Perpignan');
INSERT INTO `city_translation` (`city_id`,`language_id`,`name`) VALUES (571,'de','Peyrehorade');
INSERT INTO `city_translation` (`city_id`,`language_id`,`name`) VALUES (571,'en','Peyrehorade');
INSERT INTO `city_translation` (`city_id`,`language_id`,`name`) VALUES (571,'zh','Peyrehorade');
INSERT INTO `city_translation` (`city_id`,`language_id`,`name`) VALUES (571,'es','Peyrehorade');
INSERT INTO `city_translation` (`city_id`,`language_id`,`name`) VALUES (571,'fr','Peyrehorade');
INSERT INTO `city_translation` (`city_id`,`language_id`,`name`) VALUES (572,'de','Reims');
INSERT INTO `city_translation` (`city_id`,`language_id`,`name`) VALUES (572,'en','Reims');
INSERT INTO `city_translation` (`city_id`,`language_id`,`name`) VALUES (572,'zh','Reims');
INSERT INTO `city_translation` (`city_id`,`language_id`,`name`) VALUES (572,'es','Reims');
INSERT INTO `city_translation` (`city_id`,`language_id`,`name`) VALUES (572,'fr','Reims');
INSERT INTO `city_translation` (`city_id`,`language_id`,`name`) VALUES (573,'de','Rueil Malmaison');
INSERT INTO `city_translation` (`city_id`,`language_id`,`name`) VALUES (573,'en','Rueil Malmaison');
INSERT INTO `city_translation` (`city_id`,`language_id`,`name`) VALUES (573,'zh','Rueil Malmaison');
INSERT INTO `city_translation` (`city_id`,`language_id`,`name`) VALUES (573,'es','Rueil Malmaison');
INSERT INTO `city_translation` (`city_id`,`language_id`,`name`) VALUES (573,'fr','Rueil Malmaison');
INSERT INTO `city_translation` (`city_id`,`language_id`,`name`) VALUES (574,'de','Saint Genis Laval');
INSERT INTO `city_translation` (`city_id`,`language_id`,`name`) VALUES (574,'en','Saint Genis Laval');
INSERT INTO `city_translation` (`city_id`,`language_id`,`name`) VALUES (574,'zh','Saint Genis Laval');
INSERT INTO `city_translation` (`city_id`,`language_id`,`name`) VALUES (574,'es','Saint Genis Laval');
INSERT INTO `city_translation` (`city_id`,`language_id`,`name`) VALUES (574,'fr','Saint Genis Laval');
INSERT INTO `city_translation` (`city_id`,`language_id`,`name`) VALUES (575,'de','Saint Jeannet');
INSERT INTO `city_translation` (`city_id`,`language_id`,`name`) VALUES (575,'en','Saint Jeannet');
INSERT INTO `city_translation` (`city_id`,`language_id`,`name`) VALUES (575,'zh','Saint Jeannet');
INSERT INTO `city_translation` (`city_id`,`language_id`,`name`) VALUES (575,'es','Saint Jeannet');
INSERT INTO `city_translation` (`city_id`,`language_id`,`name`) VALUES (575,'fr','Saint Jeannet');
INSERT INTO `city_translation` (`city_id`,`language_id`,`name`) VALUES (576,'de','Saint Leonard');
INSERT INTO `city_translation` (`city_id`,`language_id`,`name`) VALUES (576,'en','Saint Leonard');
INSERT INTO `city_translation` (`city_id`,`language_id`,`name`) VALUES (576,'zh','Saint Leonard');
INSERT INTO `city_translation` (`city_id`,`language_id`,`name`) VALUES (576,'es','Saint Leonard');
INSERT INTO `city_translation` (`city_id`,`language_id`,`name`) VALUES (576,'fr','Saint Leonard');
INSERT INTO `city_translation` (`city_id`,`language_id`,`name`) VALUES (577,'de','Sotteville Les Rouen');
INSERT INTO `city_translation` (`city_id`,`language_id`,`name`) VALUES (577,'en','Sotteville Les Rouen');
INSERT INTO `city_translation` (`city_id`,`language_id`,`name`) VALUES (577,'zh','Sotteville Les Rouen');
INSERT INTO `city_translation` (`city_id`,`language_id`,`name`) VALUES (577,'es','Sotteville Les Rouen');
INSERT INTO `city_translation` (`city_id`,`language_id`,`name`) VALUES (577,'fr','Sotteville Les Rouen');
INSERT INTO `city_translation` (`city_id`,`language_id`,`name`) VALUES (578,'de','St Barthelemy D Anjou');
INSERT INTO `city_translation` (`city_id`,`language_id`,`name`) VALUES (578,'en','St Barthelemy D Anjou');
INSERT INTO `city_translation` (`city_id`,`language_id`,`name`) VALUES (578,'zh','St Barthelemy D Anjou');
INSERT INTO `city_translation` (`city_id`,`language_id`,`name`) VALUES (578,'es','St Barthelemy D Anjou');
INSERT INTO `city_translation` (`city_id`,`language_id`,`name`) VALUES (578,'fr','Saint-Barthélemy D Anjou');
INSERT INTO `city_translation` (`city_id`,`language_id`,`name`) VALUES (579,'de','Thue Et Mue');
INSERT INTO `city_translation` (`city_id`,`language_id`,`name`) VALUES (579,'en','Thue Et Mue');
INSERT INTO `city_translation` (`city_id`,`language_id`,`name`) VALUES (579,'zh','Thue Et Mue');
INSERT INTO `city_translation` (`city_id`,`language_id`,`name`) VALUES (579,'es','Thue Et Mue');
INSERT INTO `city_translation` (`city_id`,`language_id`,`name`) VALUES (579,'fr','Thue Et Mue');
INSERT INTO `city_translation` (`city_id`,`language_id`,`name`) VALUES (580,'de','Tollevast');
INSERT INTO `city_translation` (`city_id`,`language_id`,`name`) VALUES (580,'en','Tollevast');
INSERT INTO `city_translation` (`city_id`,`language_id`,`name`) VALUES (580,'zh','Tollevast');
INSERT INTO `city_translation` (`city_id`,`language_id`,`name`) VALUES (580,'es','Tollevast');
INSERT INTO `city_translation` (`city_id`,`language_id`,`name`) VALUES (580,'fr','Tollevast');
INSERT INTO `city_translation` (`city_id`,`language_id`,`name`) VALUES (581,'de','Toulouse');
INSERT INTO `city_translation` (`city_id`,`language_id`,`name`) VALUES (581,'en','Toulouse');
INSERT INTO `city_translation` (`city_id`,`language_id`,`name`) VALUES (581,'zh','Toulouse');
INSERT INTO `city_translation` (`city_id`,`language_id`,`name`) VALUES (581,'es','Toulouse');
INSERT INTO `city_translation` (`city_id`,`language_id`,`name`) VALUES (581,'fr','Toulouse');
INSERT INTO `city_translation` (`city_id`,`language_id`,`name`) VALUES (582,'de','Toledo (Ohio)');
INSERT INTO `city_translation` (`city_id`,`language_id`,`name`) VALUES (582,'en','Toledo (Ohio)');
INSERT INTO `city_translation` (`city_id`,`language_id`,`name`) VALUES (582,'zh','Toledo (Ohio)');
INSERT INTO `city_translation` (`city_id`,`language_id`,`name`) VALUES (582,'es','Toledo (Ohio)');
INSERT INTO `city_translation` (`city_id`,`language_id`,`name`) VALUES (582,'fr','Toledo (Ohio)');
INSERT INTO `city_translation` (`city_id`,`language_id`,`name`) VALUES (583,'de','Senden-Bösensell');
INSERT INTO `city_translation` (`city_id`,`language_id`,`name`) VALUES (583,'en','Senden-Bösensell');
INSERT INTO `city_translation` (`city_id`,`language_id`,`name`) VALUES (583,'zh','Senden-Bösensell');
INSERT INTO `city_translation` (`city_id`,`language_id`,`name`) VALUES (583,'es','Senden-Bösensell');
INSERT INTO `city_translation` (`city_id`,`language_id`,`name`) VALUES (583,'fr','Senden-Bösensell');
INSERT INTO `city_translation` (`city_id`,`language_id`,`name`) VALUES (584,'en','Baltimore');
INSERT INTO `city_translation` (`city_id`,`language_id`,`name`) VALUES (584,'de','Baltimore');
INSERT INTO `city_translation` (`city_id`,`language_id`,`name`) VALUES (584,'es','Baltimore');
INSERT INTO `city_translation` (`city_id`,`language_id`,`name`) VALUES (584,'zh','巴尔的摩');
INSERT INTO `city_translation` (`city_id`,`language_id`,`name`) VALUES (584,'fr','Baltimore');
INSERT INTO `city_translation` (`city_id`,`language_id`,`name`) VALUES (585,'en','Galveston');
INSERT INTO `city_translation` (`city_id`,`language_id`,`name`) VALUES (585,'de','Galveston');
INSERT INTO `city_translation` (`city_id`,`language_id`,`name`) VALUES (585,'es','Galveston');
INSERT INTO `city_translation` (`city_id`,`language_id`,`name`) VALUES (585,'zh','加尔维斯顿');
INSERT INTO `city_translation` (`city_id`,`language_id`,`name`) VALUES (585,'fr','Galveston');
INSERT INTO `city_translation` (`city_id`,`language_id`,`name`) VALUES (586,'en','Mississauga');
INSERT INTO `city_translation` (`city_id`,`language_id`,`name`) VALUES (586,'zh','密西沙加');
INSERT INTO `city_translation` (`city_id`,`language_id`,`name`) VALUES (586,'de','Mississauga');
INSERT INTO `city_translation` (`city_id`,`language_id`,`name`) VALUES (586,'es','Mississauga');
INSERT INTO `city_translation` (`city_id`,`language_id`,`name`) VALUES (586,'fr','Mississauga');
INSERT INTO `city_translation` (`city_id`,`language_id`,`name`) VALUES (587,'en','North York');
INSERT INTO `city_translation` (`city_id`,`language_id`,`name`) VALUES (587,'de','North York');
INSERT INTO `city_translation` (`city_id`,`language_id`,`name`) VALUES (587,'es','North York');
INSERT INTO `city_translation` (`city_id`,`language_id`,`name`) VALUES (587,'zh','北约克');
INSERT INTO `city_translation` (`city_id`,`language_id`,`name`) VALUES (587,'fr','North York');
INSERT INTO `city_translation` (`city_id`,`language_id`,`name`) VALUES (588,'en','Sudbury');
INSERT INTO `city_translation` (`city_id`,`language_id`,`name`) VALUES (588,'de','Sudbury');
INSERT INTO `city_translation` (`city_id`,`language_id`,`name`) VALUES (588,'es','Sudbury');
INSERT INTO `city_translation` (`city_id`,`language_id`,`name`) VALUES (588,'zh','萨德伯里');
INSERT INTO `city_translation` (`city_id`,`language_id`,`name`) VALUES (588,'fr','Sudbury');
INSERT INTO `city_translation` (`city_id`,`language_id`,`name`) VALUES (589,'en','London');
INSERT INTO `city_translation` (`city_id`,`language_id`,`name`) VALUES (589,'de','London');
INSERT INTO `city_translation` (`city_id`,`language_id`,`name`) VALUES (589,'es','Londres');
INSERT INTO `city_translation` (`city_id`,`language_id`,`name`) VALUES (589,'zh','伦敦');
INSERT INTO `city_translation` (`city_id`,`language_id`,`name`) VALUES (589,'fr','Londres');
INSERT INTO `city_translation` (`city_id`,`language_id`,`name`) VALUES (590,'en','Ottawa');
INSERT INTO `city_translation` (`city_id`,`language_id`,`name`) VALUES (590,'de','Ottawa');
INSERT INTO `city_translation` (`city_id`,`language_id`,`name`) VALUES (590,'es','Ottawa');
INSERT INTO `city_translation` (`city_id`,`language_id`,`name`) VALUES (590,'zh','渥太华');
INSERT INTO `city_translation` (`city_id`,`language_id`,`name`) VALUES (590,'fr','Ottawa');
INSERT INTO `city_translation` (`city_id`,`language_id`,`name`) VALUES (591,'en','Pune');
INSERT INTO `city_translation` (`city_id`,`language_id`,`name`) VALUES (591,'de','Pune');
INSERT INTO `city_translation` (`city_id`,`language_id`,`name`) VALUES (591,'es','Pune');
INSERT INTO `city_translation` (`city_id`,`language_id`,`name`) VALUES (591,'zh','浦那');
INSERT INTO `city_translation` (`city_id`,`language_id`,`name`) VALUES (591,'fr','Pune');
INSERT INTO `city_translation` (`city_id`,`language_id`,`name`) VALUES (592,'en','Kingston');
INSERT INTO `city_translation` (`city_id`,`language_id`,`name`) VALUES (592,'de','Kingston');
INSERT INTO `city_translation` (`city_id`,`language_id`,`name`) VALUES (592,'es','Kingston');
INSERT INTO `city_translation` (`city_id`,`language_id`,`name`) VALUES (592,'zh','金斯敦');
INSERT INTO `city_translation` (`city_id`,`language_id`,`name`) VALUES (592,'fr','Kingston');
INSERT INTO `city_translation` (`city_id`,`language_id`,`name`) VALUES (593,'en','Hamilton');
INSERT INTO `city_translation` (`city_id`,`language_id`,`name`) VALUES (593,'de','Hamilton');
INSERT INTO `city_translation` (`city_id`,`language_id`,`name`) VALUES (593,'es','Hamilton');
INSERT INTO `city_translation` (`city_id`,`language_id`,`name`) VALUES (593,'zh','哈密尔顿');
INSERT INTO `city_translation` (`city_id`,`language_id`,`name`) VALUES (593,'fr','Hamilton');
INSERT INTO `city_translation` (`city_id`,`language_id`,`name`) VALUES (594,'en','Anjou');
INSERT INTO `city_translation` (`city_id`,`language_id`,`name`) VALUES (594,'de','Anjou');
INSERT INTO `city_translation` (`city_id`,`language_id`,`name`) VALUES (594,'es','Anjou');
INSERT INTO `city_translation` (`city_id`,`language_id`,`name`) VALUES (594,'zh','安茹');
INSERT INTO `city_translation` (`city_id`,`language_id`,`name`) VALUES (594,'fr','Anjou');
INSERT INTO `city_translation` (`city_id`,`language_id`,`name`) VALUES (595,'en','Dorval');
INSERT INTO `city_translation` (`city_id`,`language_id`,`name`) VALUES (595,'de','Dorval');
INSERT INTO `city_translation` (`city_id`,`language_id`,`name`) VALUES (595,'es','Dorval');
INSERT INTO `city_translation` (`city_id`,`language_id`,`name`) VALUES (595,'zh','多瓦尔');
INSERT INTO `city_translation` (`city_id`,`language_id`,`name`) VALUES (595,'fr','Dorval');
INSERT INTO `city_translation` (`city_id`,`language_id`,`name`) VALUES (596,'en','Quebec');
INSERT INTO `city_translation` (`city_id`,`language_id`,`name`) VALUES (596,'de','Québec');
INSERT INTO `city_translation` (`city_id`,`language_id`,`name`) VALUES (596,'es','Quebec');
INSERT INTO `city_translation` (`city_id`,`language_id`,`name`) VALUES (596,'zh','魁北克');
INSERT INTO `city_translation` (`city_id`,`language_id`,`name`) VALUES (596,'fr','Québec');
INSERT INTO `city_translation` (`city_id`,`language_id`,`name`) VALUES (597,'en','Dieppe');
INSERT INTO `city_translation` (`city_id`,`language_id`,`name`) VALUES (597,'de','Dieppe');
INSERT INTO `city_translation` (`city_id`,`language_id`,`name`) VALUES (597,'es','Dieppe');
INSERT INTO `city_translation` (`city_id`,`language_id`,`name`) VALUES (597,'zh','迪耶普');
INSERT INTO `city_translation` (`city_id`,`language_id`,`name`) VALUES (597,'fr','Dieppe');
INSERT INTO `city_translation` (`city_id`,`language_id`,`name`) VALUES (598,'en','St. John\'s');
INSERT INTO `city_translation` (`city_id`,`language_id`,`name`) VALUES (598,'de','St. John\'s');
INSERT INTO `city_translation` (`city_id`,`language_id`,`name`) VALUES (598,'es','St. John\'s');
INSERT INTO `city_translation` (`city_id`,`language_id`,`name`) VALUES (598,'fr','St. John\'s');
INSERT INTO `city_translation` (`city_id`,`language_id`,`name`) VALUES (598,'zh','圣约翰');
INSERT INTO `city_translation` (`city_id`,`language_id`,`name`) VALUES (599,'en','Burnaby');
INSERT INTO `city_translation` (`city_id`,`language_id`,`name`) VALUES (599,'de','Burnaby');
INSERT INTO `city_translation` (`city_id`,`language_id`,`name`) VALUES (599,'es','Burnaby');
INSERT INTO `city_translation` (`city_id`,`language_id`,`name`) VALUES (599,'zh','伯纳比');
INSERT INTO `city_translation` (`city_id`,`language_id`,`name`) VALUES (599,'fr','Burnaby');
INSERT INTO `city_translation` (`city_id`,`language_id`,`name`) VALUES (600,'en','Victoria');
INSERT INTO `city_translation` (`city_id`,`language_id`,`name`) VALUES (600,'de','Victoria');
INSERT INTO `city_translation` (`city_id`,`language_id`,`name`) VALUES (600,'es','Victoria');
INSERT INTO `city_translation` (`city_id`,`language_id`,`name`) VALUES (600,'zh','维多利亚');
INSERT INTO `city_translation` (`city_id`,`language_id`,`name`) VALUES (600,'fr','Victoria');
INSERT INTO `city_translation` (`city_id`,`language_id`,`name`) VALUES (601,'en','Kelowna');
INSERT INTO `city_translation` (`city_id`,`language_id`,`name`) VALUES (601,'de','Kelowna');
INSERT INTO `city_translation` (`city_id`,`language_id`,`name`) VALUES (601,'es','Kelowna');
INSERT INTO `city_translation` (`city_id`,`language_id`,`name`) VALUES (601,'zh','基洛纳');
INSERT INTO `city_translation` (`city_id`,`language_id`,`name`) VALUES (601,'fr','Kelowna');
INSERT INTO `city_translation` (`city_id`,`language_id`,`name`) VALUES (602,'en','Edmonton');
INSERT INTO `city_translation` (`city_id`,`language_id`,`name`) VALUES (602,'de','Edmonton');
INSERT INTO `city_translation` (`city_id`,`language_id`,`name`) VALUES (602,'es','Edmonton');
INSERT INTO `city_translation` (`city_id`,`language_id`,`name`) VALUES (602,'zh','埃德蒙顿');
INSERT INTO `city_translation` (`city_id`,`language_id`,`name`) VALUES (602,'fr','Edmonton');
INSERT INTO `city_translation` (`city_id`,`language_id`,`name`) VALUES (603,'en','Regina');
INSERT INTO `city_translation` (`city_id`,`language_id`,`name`) VALUES (603,'de','Regina');
INSERT INTO `city_translation` (`city_id`,`language_id`,`name`) VALUES (603,'es','Regina');
INSERT INTO `city_translation` (`city_id`,`language_id`,`name`) VALUES (603,'zh','里贾纳');
INSERT INTO `city_translation` (`city_id`,`language_id`,`name`) VALUES (603,'fr','Regina');
INSERT INTO `city_translation` (`city_id`,`language_id`,`name`) VALUES (604,'en','Saskatoon');
INSERT INTO `city_translation` (`city_id`,`language_id`,`name`) VALUES (604,'de','Saskatoon');
INSERT INTO `city_translation` (`city_id`,`language_id`,`name`) VALUES (604,'es','Saskatoon');
INSERT INTO `city_translation` (`city_id`,`language_id`,`name`) VALUES (604,'zh','萨斯卡通');
INSERT INTO `city_translation` (`city_id`,`language_id`,`name`) VALUES (604,'fr','Saskatoon');
INSERT INTO `city_translation` (`city_id`,`language_id`,`name`) VALUES (605,'en','Winnipeg');
INSERT INTO `city_translation` (`city_id`,`language_id`,`name`) VALUES (605,'de','Winnipeg');
INSERT INTO `city_translation` (`city_id`,`language_id`,`name`) VALUES (605,'es','Winnipeg');
INSERT INTO `city_translation` (`city_id`,`language_id`,`name`) VALUES (605,'zh','温尼伯');
INSERT INTO `city_translation` (`city_id`,`language_id`,`name`) VALUES (605,'fr','Winnipeg');
INSERT INTO `city_translation` (`city_id`, `language_id`, `name`) VALUES (606, 'de', 'Urbandale');
INSERT INTO `city_translation` (`city_id`, `language_id`, `name`) VALUES (606, 'en', 'Urbandale');
INSERT INTO `city_translation` (`city_id`, `language_id`, `name`) VALUES (606, 'zh', '厄本代尔');
INSERT INTO `city_translation` (`city_id`, `language_id`, `name`) VALUES (606, 'es', 'Urbandale');
INSERT INTO `city_translation` (`city_id`, `language_id`, `name`) VALUES (606, 'fr', 'Urbandale');
INSERT INTO `city_translation` (`city_id`, `language_id`, `name`) VALUES (607, 'de', 'Menomonee Falls');
INSERT INTO `city_translation` (`city_id`, `language_id`, `name`) VALUES (607, 'en', 'Menomonee Falls');
INSERT INTO `city_translation` (`city_id`, `language_id`, `name`) VALUES (607, 'zh', '梅诺莫尼瀑布');
INSERT INTO `city_translation` (`city_id`, `language_id`, `name`) VALUES (607, 'es', 'Menomonee Falls');
INSERT INTO `city_translation` (`city_id`, `language_id`, `name`) VALUES (607, 'fr', 'Menomonee Falls');
INSERT INTO `city_translation` (`city_id`, `language_id`, `name`) VALUES (608, 'de', 'Latham');
INSERT INTO `city_translation` (`city_id`, `language_id`, `name`) VALUES (608, 'en', 'Latham');
INSERT INTO `city_translation` (`city_id`, `language_id`, `name`) VALUES (608, 'zh', '莱瑟姆');
INSERT INTO `city_translation` (`city_id`, `language_id`, `name`) VALUES (608, 'es', 'Latham');
INSERT INTO `city_translation` (`city_id`, `language_id`, `name`) VALUES (608, 'fr', 'Latham');
INSERT INTO `city_translation` (`city_id`, `language_id`, `name`) VALUES (609, 'de', 'Iowa-Stadt');
INSERT INTO `city_translation` (`city_id`, `language_id`, `name`) VALUES (609, 'en', 'Iowa City');
INSERT INTO `city_translation` (`city_id`, `language_id`, `name`) VALUES (609, 'zh', '爱荷华城');
INSERT INTO `city_translation` (`city_id`, `language_id`, `name`) VALUES (609, 'es', 'Iowa City');
INSERT INTO `city_translation` (`city_id`, `language_id`, `name`) VALUES (609, 'fr', 'Ville de l\'Iowa');
INSERT INTO `city_translation` (`city_id`, `language_id`, `name`) VALUES (610, 'en', 'Nationwide');
INSERT INTO `city_translation` (`city_id`, `language_id`, `name`) VALUES (610, 'de', 'Landesweit');
INSERT INTO `city_translation` (`city_id`, `language_id`, `name`) VALUES (610, 'es', 'A escala nacional');
INSERT INTO `city_translation` (`city_id`, `language_id`, `name`) VALUES (610, 'zh', '全国');
INSERT INTO `city_translation` (`city_id`, `language_id`, `name`) VALUES (610, 'fr', 'À l\'échelle nationale');
INSERT INTO `city_translation` (`city_id`, `language_id`, `name`) VALUES (611, 'en', 'Oakland');
INSERT INTO `city_translation` (`city_id`, `language_id`, `name`) VALUES (611, 'de', 'Oakland');
INSERT INTO `city_translation` (`city_id`, `language_id`, `name`) VALUES (611, 'es', 'Oakland');
INSERT INTO `city_translation` (`city_id`, `language_id`, `name`) VALUES (611, 'zh', '奥克兰');
INSERT INTO `city_translation` (`city_id`, `language_id`, `name`) VALUES (611, 'fr', 'Oakland');

COMMIT;


-- -----------------------------------------------------
-- Data for table `location`
-- -----------------------------------------------------
START TRANSACTION;

INSERT INTO `location` (`id`,`street`,`housenumber`,`postcode`,`city_id`,`lat`,`lng`) VALUES (1,'1 Baha Mar boulevard, Cable Beach',NULL,NULL,193,25.07081700,-77.39662500);
INSERT INTO `location` (`id`,`street`,`housenumber`,`postcode`,`city_id`,`lat`,`lng`) VALUES (2,'10 Corporate Drive',NULL,NULL,10,42.63548300,-83.24049100);
INSERT INTO `location` (`id`,`street`,`housenumber`,`postcode`,`city_id`,`lat`,`lng`) VALUES (3,'100 Clark Drive, 06023-1172',NULL,NULL,197,41.31520300,-72.91645300);
INSERT INTO `location` (`id`,`street`,`housenumber`,`postcode`,`city_id`,`lat`,`lng`) VALUES (4,'100 E Ferguson Street, Ste 101 & 1103, 75702',NULL,NULL,264,32.35228300,-95.30024700);
INSERT INTO `location` (`id`,`street`,`housenumber`,`postcode`,`city_id`,`lat`,`lng`) VALUES (5,'100 King Street West, M5X 1B8',NULL,NULL,260,43.64880700,-79.38169000);
INSERT INTO `location` (`id`,`street`,`housenumber`,`postcode`,`city_id`,`lat`,`lng`) VALUES (6,'10237 Mammonth Avenue, 70814',NULL,NULL,15,30.47733500,-91.07337200);
INSERT INTO `location` (`id`,`street`,`housenumber`,`postcode`,`city_id`,`lat`,`lng`) VALUES (7,'1025 South Columbia Road, Suite 191, Plainfield, Indianapolis 46168',NULL,NULL,129,39.69232600,-86.33692800);
INSERT INTO `location` (`id`,`street`,`housenumber`,`postcode`,`city_id`,`lat`,`lng`) VALUES (8,'10260 Westheimer Road Suite 215,240, 77042',NULL,NULL,126,29.73767100,-95.55594200);
INSERT INTO `location` (`id`,`street`,`housenumber`,`postcode`,`city_id`,`lat`,`lng`) VALUES (9,'103 JJ Drive, 27406-4408',NULL,NULL,107,36.03274500,-79.79033200);
INSERT INTO `location` (`id`,`street`,`housenumber`,`postcode`,`city_id`,`lat`,`lng`) VALUES (10,'1033 Lake Street Drive, 38008',NULL,NULL,27,35.24922500,-89.00384800);
INSERT INTO `location` (`id`,`street`,`housenumber`,`postcode`,`city_id`,`lat`,`lng`) VALUES (11,'10401 Highland Manor Drive, Suite 110, 33610',NULL,NULL,257,27.98454300,-82.32807300);
INSERT INTO `location` (`id`,`street`,`housenumber`,`postcode`,`city_id`,`lat`,`lng`) VALUES (12,'1101 West 31st St, 60515',NULL,NULL,69,41.83061500,-88.01274900);
INSERT INTO `location` (`id`,`street`,`housenumber`,`postcode`,`city_id`,`lat`,`lng`) VALUES (13,'11011 Brooklet, Suite 360',NULL,NULL,126,29.66129900,-95.56217000);
INSERT INTO `location` (`id`,`street`,`housenumber`,`postcode`,`city_id`,`lat`,`lng`) VALUES (14,'1102 S. Curtis, 85719-6825',NULL,NULL,262,32.20816700,-110.95045400);
INSERT INTO `location` (`id`,`street`,`housenumber`,`postcode`,`city_id`,`lat`,`lng`) VALUES (15,'11044 Nandino Boulevard, 40511',NULL,NULL,157,38.07805300,-84.49693100);
INSERT INTO `location` (`id`,`street`,`housenumber`,`postcode`,`city_id`,`lat`,`lng`) VALUES (16,'111 West Jackson Boulevard, 60604',NULL,NULL,49,41.87796000,-87.63114900);
INSERT INTO `location` (`id`,`street`,`housenumber`,`postcode`,`city_id`,`lat`,`lng`) VALUES (17,'1120 30th Street, 79411',NULL,NULL,169,33.56733200,-101.84826500);
INSERT INTO `location` (`id`,`street`,`housenumber`,`postcode`,`city_id`,`lat`,`lng`) VALUES (18,'1120 N Elkton Drive, Ste A, 80907',NULL,NULL,55,38.89759400,-104.84642400);
INSERT INTO `location` (`id`,`street`,`housenumber`,`postcode`,`city_id`,`lat`,`lng`) VALUES (19,'11314 West 80th Street, 66214 Lenexa',NULL,NULL,155,38.98411500,-94.71661300);
INSERT INTO `location` (`id`,`street`,`housenumber`,`postcode`,`city_id`,`lat`,`lng`) VALUES (20,'1137 Atlanta Industrial Drive, 30066-6604',NULL,NULL,178,33.98026400,-84.53474900);
INSERT INTO `location` (`id`,`street`,`housenumber`,`postcode`,`city_id`,`lat`,`lng`) VALUES (21,'1138 Ewing Street, 98119',NULL,NULL,239,47.65664900,-122.37300200);
INSERT INTO `location` (`id`,`street`,`housenumber`,`postcode`,`city_id`,`lat`,`lng`) VALUES (22,'114 TownPark Drive Suite 300, 30144-5876',NULL,NULL,141,34.04118200,-84.56463100);
INSERT INTO `location` (`id`,`street`,`housenumber`,`postcode`,`city_id`,`lat`,`lng`) VALUES (23,'11605 Haynes Bridge Road Suite 650, 30009',NULL,NULL,5,34.06332500,-84.28982100);
INSERT INTO `location` (`id`,`street`,`housenumber`,`postcode`,`city_id`,`lat`,`lng`) VALUES (24,'12150 Rojas Drive, 79936-7710',NULL,NULL,74,31.71784700,-106.29425100);
INSERT INTO `location` (`id`,`street`,`housenumber`,`postcode`,`city_id`,`lat`,`lng`) VALUES (25,'1220 Executive Blvd., Suite 109',NULL,NULL,48,36.76468600,-76.23405800);
INSERT INTO `location` (`id`,`street`,`housenumber`,`postcode`,`city_id`,`lat`,`lng`) VALUES (26,'1232 South Gladiola Street, 84104',NULL,NULL,232,40.74275800,-111.97338800);
INSERT INTO `location` (`id`,`street`,`housenumber`,`postcode`,`city_id`,`lat`,`lng`) VALUES (27,'1244 Executive Blvd., 23320',NULL,NULL,200,36.76460600,-76.23500900);
INSERT INTO `location` (`id`,`street`,`housenumber`,`postcode`,`city_id`,`lat`,`lng`) VALUES (28,'125 Moen Street, 07016',NULL,NULL,61,40.64498000,-74.28359800);
INSERT INTO `location` (`id`,`street`,`housenumber`,`postcode`,`city_id`,`lat`,`lng`) VALUES (29,'12530 135th Ave. NE',NULL,NULL,145,47.71310900,-122.15962100);
INSERT INTO `location` (`id`,`street`,`housenumber`,`postcode`,`city_id`,`lat`,`lng`) VALUES (30,'1265 E Fort Union Blvd, Suite 350',NULL,NULL,60,40.62723700,-111.85583000);
INSERT INTO `location` (`id`,`street`,`housenumber`,`postcode`,`city_id`,`lat`,`lng`) VALUES (31,'1360-1420 Boltonfield Street, 43228',NULL,NULL,57,39.92427800,-83.12821100);
INSERT INTO `location` (`id`,`street`,`housenumber`,`postcode`,`city_id`,`lat`,`lng`) VALUES (32,'13665 E 61st Street',NULL,NULL,263,36.07658300,-95.82611200);
INSERT INTO `location` (`id`,`street`,`housenumber`,`postcode`,`city_id`,`lat`,`lng`) VALUES (33,'1440 Catalina Street, 94577',NULL,NULL,236,37.69703300,-122.17281600);
INSERT INTO `location` (`id`,`street`,`housenumber`,`postcode`,`city_id`,`lat`,`lng`) VALUES (34,'145 Windhill Road, Suite 300, 29203-2629',NULL,NULL,56,34.06743100,-81.03825600);
INSERT INTO `location` (`id`,`street`,`housenumber`,`postcode`,`city_id`,`lat`,`lng`) VALUES (35,'14626 NE Airport Way, 97230',NULL,NULL,216,45.55928200,-122.51189900);
INSERT INTO `location` (`id`,`street`,`housenumber`,`postcode`,`city_id`,`lat`,`lng`) VALUES (36,'14820 Tomball Parkway Suite #190',NULL,NULL,126,29.93058900,-95.50657600);
INSERT INTO `location` (`id`,`street`,`housenumber`,`postcode`,`city_id`,`lat`,`lng`) VALUES (37,'150 120th Ave NE, 98005',NULL,NULL,18,47.61226400,-122.17962400);
INSERT INTO `location` (`id`,`street`,`housenumber`,`postcode`,`city_id`,`lat`,`lng`) VALUES (38,'1515 Market Street, Suite 1310, 19102',NULL,NULL,210,39.95315000,-75.16587100);
INSERT INTO `location` (`id`,`street`,`housenumber`,`postcode`,`city_id`,`lat`,`lng`) VALUES (39,'1533 Sams Avenue, Suite A, 70123',NULL,NULL,198,29.96341800,-90.19896500);
INSERT INTO `location` (`id`,`street`,`housenumber`,`postcode`,`city_id`,`lat`,`lng`) VALUES (40,'160 Broadway, Suite 502, 30461',NULL,NULL,199,40.70943200,-74.00999000);
INSERT INTO `location` (`id`,`street`,`housenumber`,`postcode`,`city_id`,`lat`,`lng`) VALUES (41,'1600 Industrial Boulevard., 39850',NULL,NULL,150,34.49334000,-114.35380100);
INSERT INTO `location` (`id`,`street`,`housenumber`,`postcode`,`city_id`,`lat`,`lng`) VALUES (42,'1601 S. Sunkist Suite E, 92806-5812',NULL,NULL,6,33.80927700,-117.88431700);
INSERT INTO `location` (`id`,`street`,`housenumber`,`postcode`,`city_id`,`lat`,`lng`) VALUES (43,'161 E Johns Road Suite E, 29650',NULL,NULL,108,34.87232200,-82.22890300);
INSERT INTO `location` (`id`,`street`,`housenumber`,`postcode`,`city_id`,`lat`,`lng`) VALUES (44,'1615 L. Street, NW, 20036-5610',NULL,NULL,270,38.90429600,-77.03746900);
INSERT INTO `location` (`id`,`street`,`housenumber`,`postcode`,`city_id`,`lat`,`lng`) VALUES (45,'16290 Shoemaker Ave., Cerritos, CA 90703',NULL,NULL,42,33.88380900,-118.05413700);
INSERT INTO `location` (`id`,`street`,`housenumber`,`postcode`,`city_id`,`lat`,`lng`) VALUES (46,'1641 Barton  Drive, Suite A, 71107-5209',NULL,NULL,240,32.54004800,-93.77478800);
INSERT INTO `location` (`id`,`street`,`housenumber`,`postcode`,`city_id`,`lat`,`lng`) VALUES (47,'1650 N Shelby Oaks Drive, Suite 6',NULL,NULL,180,35.16962500,-89.85293900);
INSERT INTO `location` (`id`,`street`,`housenumber`,`postcode`,`city_id`,`lat`,`lng`) VALUES (48,'1722 Routh Street, Suite 106, 75201',NULL,NULL,62,32.79199400,-96.79512600);
INSERT INTO `location` (`id`,`street`,`housenumber`,`postcode`,`city_id`,`lat`,`lng`) VALUES (49,'1750 Heights Drive E., 48071',NULL,NULL,67,42.48040800,-83.08601400);
INSERT INTO `location` (`id`,`street`,`housenumber`,`postcode`,`city_id`,`lat`,`lng`) VALUES (50,'17901 Englewood Drive, 44130',NULL,NULL,52,41.38020000,-81.83042600);
INSERT INTO `location` (`id`,`street`,`housenumber`,`postcode`,`city_id`,`lat`,`lng`) VALUES (51,'18 Huntley Street',NULL,NULL,252,-33.90738700,151.18907800);
INSERT INTO `location` (`id`,`street`,`housenumber`,`postcode`,`city_id`,`lat`,`lng`) VALUES (52,'180 Interstate North Parkway Suite 300, 30339-2102',NULL,NULL,9,33.89963000,-84.46725700);
INSERT INTO `location` (`id`,`street`,`housenumber`,`postcode`,`city_id`,`lat`,`lng`) VALUES (53,'180 Interstate Parkway',NULL,NULL,9,33.89964800,-84.46726800);
INSERT INTO `location` (`id`,`street`,`housenumber`,`postcode`,`city_id`,`lat`,`lng`) VALUES (54,'1805 Royal Lane, Suite 101',NULL,NULL,62,32.89621900,-96.91591700);
INSERT INTO `location` (`id`,`street`,`housenumber`,`postcode`,`city_id`,`lat`,`lng`) VALUES (55,'1840 South Milestone Drive, Suites A&B, 84104',NULL,NULL,232,40.73162800,-111.96668800);
INSERT INTO `location` (`id`,`street`,`housenumber`,`postcode`,`city_id`,`lat`,`lng`) VALUES (56,'1905 Ramcon Street, 76503',NULL,NULL,258,31.077314941129536,-97.37087322873505);
INSERT INTO `location` (`id`,`street`,`housenumber`,`postcode`,`city_id`,`lat`,`lng`) VALUES (57,'194 Nguyen Cong Tru Street, District 1,700000',NULL,NULL,122,10.76853600,106.70097000);
INSERT INTO `location` (`id`,`street`,`housenumber`,`postcode`,`city_id`,`lat`,`lng`) VALUES (58,'1940 Turner Avenue, 49504',NULL,NULL,105,42.99868800,-85.67851100);
INSERT INTO `location` (`id`,`street`,`housenumber`,`postcode`,`city_id`,`lat`,`lng`) VALUES (59,'1965 Gillespie Way, Suites 101-103, 92020',NULL,NULL,73,32.82451300,-116.98312700);
INSERT INTO `location` (`id`,`street`,`housenumber`,`postcode`,`city_id`,`lat`,`lng`) VALUES (60,'1980 Shiloh Road NW, Building 7, Suite 100, 30144',NULL,NULL,141,34.05873000,-84.60693400);
INSERT INTO `location` (`id`,`street`,`housenumber`,`postcode`,`city_id`,`lat`,`lng`) VALUES (61,'199 Interstate Dr. Ste. A',NULL,NULL,223,32.25282900,-90.15952000);
INSERT INTO `location` (`id`,`street`,`housenumber`,`postcode`,`city_id`,`lat`,`lng`) VALUES (62,'199 Interstate Drive, Suite B, Richland MS 39218',NULL,NULL,223,32.25286500,-90.15950900);
INSERT INTO `location` (`id`,`street`,`housenumber`,`postcode`,`city_id`,`lat`,`lng`) VALUES (63,'199 Woodfield Drive, 31210',NULL,NULL,172,32.83385500,-83.72408400);
INSERT INTO `location` (`id`,`street`,`housenumber`,`postcode`,`city_id`,`lat`,`lng`) VALUES (64,'2002 Timberloch Place, Ste. 450, 77380 The Woodlands',NULL,NULL,259,30.15884000,-95.46739800);
INSERT INTO `location` (`id`,`street`,`housenumber`,`postcode`,`city_id`,`lat`,`lng`) VALUES (65,'2004 Shoppers Lane, 37921',NULL,NULL,146,35.97182100,-83.98326100);
INSERT INTO `location` (`id`,`street`,`housenumber`,`postcode`,`city_id`,`lat`,`lng`) VALUES (66,'2021 130th Avenue NE, 98005-2019',NULL,NULL,18,47.62927200,-122.16765100);
INSERT INTO `location` (`id`,`street`,`housenumber`,`postcode`,`city_id`,`lat`,`lng`) VALUES (67,'2035 South Milestone Drive, 84104',NULL,NULL,232,40.72846100,-111.96430100);
INSERT INTO `location` (`id`,`street`,`housenumber`,`postcode`,`city_id`,`lat`,`lng`) VALUES (68,'20th Floor, Tempo Scan Tower, Jl. H. R. Rasuna Said, Kav. 3-4',NULL,NULL,135,-6.23515300,106.82920000);
INSERT INTO `location` (`id`,`street`,`housenumber`,`postcode`,`city_id`,`lat`,`lng`) VALUES (69,'211 Cornerstone Road, 72002-8309',NULL,NULL,161,34.63606100,-92.44779400);
INSERT INTO `location` (`id`,`street`,`housenumber`,`postcode`,`city_id`,`lat`,`lng`) VALUES (70,'214 East JJ Drive, 27406',NULL,NULL,107,36.03325100,-79.78585400);
INSERT INTO `location` (`id`,`street`,`housenumber`,`postcode`,`city_id`,`lat`,`lng`) VALUES (71,'2140 Zanker Road, 95131-2113',NULL,NULL,235,37.38129200,-121.91542700);
INSERT INTO `location` (`id`,`street`,`housenumber`,`postcode`,`city_id`,`lat`,`lng`) VALUES (72,'218 Third Avenue, 98101',NULL,NULL,239,37.38129200,-121.91542700);
INSERT INTO `location` (`id`,`street`,`housenumber`,`postcode`,`city_id`,`lat`,`lng`) VALUES (73,'2195 Watterson Trail, 40229',NULL,NULL,168,38.21318900,-85.55766700);
INSERT INTO `location` (`id`,`street`,`housenumber`,`postcode`,`city_id`,`lat`,`lng`) VALUES (74,'2200-2006 W. Townline Road, 61615',NULL,NULL,208,40.79761200,-89.62790400);
INSERT INTO `location` (`id`,`street`,`housenumber`,`postcode`,`city_id`,`lat`,`lng`) VALUES (75,'2211 Casino Road West, Suite 280, 98204-1455',NULL,NULL,80,47.92081700,-122.26439900);
INSERT INTO `location` (`id`,`street`,`housenumber`,`postcode`,`city_id`,`lat`,`lng`) VALUES (76,'222 Delaware Avenue, 19801',NULL,NULL,280,39.74598700,-75.54990300);
INSERT INTO `location` (`id`,`street`,`housenumber`,`postcode`,`city_id`,`lat`,`lng`) VALUES (77,'2315 14th Avenue, 32960',NULL,NULL,266,27.64241000,-80.39953700);
INSERT INTO `location` (`id`,`street`,`housenumber`,`postcode`,`city_id`,`lat`,`lng`) VALUES (78,'24 Executive Park, Suite 200, Irvine, CA 92614',NULL,NULL,130,33.68412600,-117.85740400);
INSERT INTO `location` (`id`,`street`,`housenumber`,`postcode`,`city_id`,`lat`,`lng`) VALUES (79,'2415 E. Mulberry Street, 80524-3752',NULL,NULL,87,40.58021900,-105.03152000);
INSERT INTO `location` (`id`,`street`,`housenumber`,`postcode`,`city_id`,`lat`,`lng`) VALUES (80,'2416 Jamestown Drive',NULL,NULL,124,33.39095900,-86.84143700);
INSERT INTO `location` (`id`,`street`,`housenumber`,`postcode`,`city_id`,`lat`,`lng`) VALUES (81,'2440 Whitehall Park Drive, Suite 500, 28273-3952',NULL,NULL,44,35.14103100,-80.93676800);
INSERT INTO `location` (`id`,`street`,`housenumber`,`postcode`,`city_id`,`lat`,`lng`) VALUES (82,'245 Summit Point Drive, Suite 2B, 14467',NULL,NULL,227,43.05674200,-77.65050500);
INSERT INTO `location` (`id`,`street`,`housenumber`,`postcode`,`city_id`,`lat`,`lng`) VALUES (83,'2455 East Parleys Way, 84109',NULL,NULL,232,40.72261400,-111.81952800);
INSERT INTO `location` (`id`,`street`,`housenumber`,`postcode`,`city_id`,`lat`,`lng`) VALUES (84,'2475 Northwinds Parkway, 30009',NULL,NULL,5,34.05884600,-84.28588400);
INSERT INTO `location` (`id`,`street`,`housenumber`,`postcode`,`city_id`,`lat`,`lng`) VALUES (85,'2495 Walden Avenue, Suite 600, 14225-4767',NULL,NULL,37,42.90734800,-78.74382900);
INSERT INTO `location` (`id`,`street`,`housenumber`,`postcode`,`city_id`,`lat`,`lng`) VALUES (86,'250 King Manor Drive, 19191',NULL,NULL,144,40.09158600,-75.35022000);
INSERT INTO `location` (`id`,`street`,`housenumber`,`postcode`,`city_id`,`lat`,`lng`) VALUES (87,'2591 Dallas Parkway, Suite 600, 75034-8564',NULL,NULL,92,33.09983400,-96.82504700);
INSERT INTO `location` (`id`,`street`,`housenumber`,`postcode`,`city_id`,`lat`,`lng`) VALUES (88,'2600 Network Boulevard, Suite 450, 75034-6017',NULL,NULL,92,33.10043800,-96.82631700);
INSERT INTO `location` (`id`,`street`,`housenumber`,`postcode`,`city_id`,`lat`,`lng`) VALUES (89,'2601 49th Avenue, Suite 100, 55430-1902',NULL,NULL,184,45.04347400,-93.31683400);
INSERT INTO `location` (`id`,`street`,`housenumber`,`postcode`,`city_id`,`lat`,`lng`) VALUES (90,'2675 Scott Avenue, Suite B, 63103',NULL,NULL,248,38.62750900,-90.22028900);
INSERT INTO `location` (`id`,`street`,`housenumber`,`postcode`,`city_id`,`lat`,`lng`) VALUES (91,'270 Finchdene Square, M1X 1A5',NULL,NULL,260,43.82040200,-79.23639100);
INSERT INTO `location` (`id`,`street`,`housenumber`,`postcode`,`city_id`,`lat`,`lng`) VALUES (92,'2726 East Kemper Road, 45241-1818',NULL,NULL,50,39.28396900,-84.42505300);
INSERT INTO `location` (`id`,`street`,`housenumber`,`postcode`,`city_id`,`lat`,`lng`) VALUES (93,'2728 West 7th Street, 57104',NULL,NULL,243,43.55111200,-96.76257900);
INSERT INTO `location` (`id`,`street`,`housenumber`,`postcode`,`city_id`,`lat`,`lng`) VALUES (94,'2745 Broadway, Suite 25',NULL,NULL,46,40.80099800,-73.96842600);
INSERT INTO `location` (`id`,`street`,`housenumber`,`postcode`,`city_id`,`lat`,`lng`) VALUES (95,'2800 Eisenhower Ave, Suite 102, Alexandria VA 22314',NULL,NULL,3,38.80162800,-77.08171900);
INSERT INTO `location` (`id`,`street`,`housenumber`,`postcode`,`city_id`,`lat`,`lng`) VALUES (96,'2801 Network Parkway, Suite 700 & 705, 75034',NULL,NULL,92,33.10277700,-96.82746900);
INSERT INTO `location` (`id`,`street`,`housenumber`,`postcode`,`city_id`,`lat`,`lng`) VALUES (97,'2801 S. W. 15th Street, 33069',NULL,NULL,215,26.21125400,-80.16039700);
INSERT INTO `location` (`id`,`street`,`housenumber`,`postcode`,`city_id`,`lat`,`lng`) VALUES (98,'2801 S.W. 15 Street, 33309',NULL,NULL,93,26.21126400,-80.16038600);
INSERT INTO `location` (`id`,`street`,`housenumber`,`postcode`,`city_id`,`lat`,`lng`) VALUES (99,'2829 Cargo Street, 33916-7501',NULL,NULL,94,26.61971400,-81.84479500);
INSERT INTO `location` (`id`,`street`,`housenumber`,`postcode`,`city_id`,`lat`,`lng`) VALUES (100,'2829 Royal Avenue, 53713',NULL,NULL,173,43.04195200,-89.36084100);
INSERT INTO `location` (`id`,`street`,`housenumber`,`postcode`,`city_id`,`lat`,`lng`) VALUES (101,'284-B Snow Drive, 35209-6305',NULL,NULL,24,33.44577100,-86.83552900);
INSERT INTO `location` (`id`,`street`,`housenumber`,`postcode`,`city_id`,`lat`,`lng`) VALUES (102,'2850 N. California Street, Suite 120, 91504-2560',NULL,NULL,38,34.20066400,-118.34500400);
INSERT INTO `location` (`id`,`street`,`housenumber`,`postcode`,`city_id`,`lat`,`lng`) VALUES (103,'2878 Winton Ave.',NULL,NULL,119,37.65024700,-122.14338600);
INSERT INTO `location` (`id`,`street`,`housenumber`,`postcode`,`city_id`,`lat`,`lng`) VALUES (104,'2880 Ualena Street, 96819',NULL,NULL,123,21.33355600,-157.90405400);
INSERT INTO `location` (`id`,`street`,`housenumber`,`postcode`,`city_id`,`lat`,`lng`) VALUES (105,'2nd Floor, The Lookout, 4 Bull Close Road',NULL,NULL,156,52.92995600,-1.17356300);
INSERT INTO `location` (`id`,`street`,`housenumber`,`postcode`,`city_id`,`lat`,`lng`) VALUES (106,'3 International Business Park, #06-01 Nordic European Center',NULL,NULL,241,1.32749400,103.74850900);
INSERT INTO `location` (`id`,`street`,`housenumber`,`postcode`,`city_id`,`lat`,`lng`) VALUES (107,'Galleria Parkway SE',300,NULL,9,33.88323600,-84.46331000);
INSERT INTO `location` (`id`,`street`,`housenumber`,`postcode`,`city_id`,`lat`,`lng`) VALUES (108,'3005 Chastain Meadows Parkway, 30066-3395',NULL,NULL,178,34.02336500,-84.55331000);
INSERT INTO `location` (`id`,`street`,`housenumber`,`postcode`,`city_id`,`lat`,`lng`) VALUES (109,'3021 39th Street SW, Units A&C, 58103',NULL,NULL,81,46.83538100,-96.84580200);
INSERT INTO `location` (`id`,`street`,`housenumber`,`postcode`,`city_id`,`lat`,`lng`) VALUES (110,'31 Dartmouth Street, 02090-2302',NULL,NULL,277,42.20443100,-71.15098700);
INSERT INTO `location` (`id`,`street`,`housenumber`,`postcode`,`city_id`,`lat`,`lng`) VALUES (111,'31 Mark Avenue Unit F, E1C 7H1',NULL,NULL,185,46.09743000,-64.80780500);
INSERT INTO `location` (`id`,`street`,`housenumber`,`postcode`,`city_id`,`lat`,`lng`) VALUES (112,'3100 Interstate North Circle SE, 30339 Atlanta',NULL,NULL,9,33.89786700,-84.46379100);
INSERT INTO `location` (`id`,`street`,`housenumber`,`postcode`,`city_id`,`lat`,`lng`) VALUES (113,'3100 McKinnon Street, Suite 160',NULL,NULL,62,32.79793400,-96.81088200);
INSERT INTO `location` (`id`,`street`,`housenumber`,`postcode`,`city_id`,`lat`,`lng`) VALUES (115,'3259 E. Harbour Dr., Suite 100',NULL,NULL,211,33.41801400,-112.00915500);
INSERT INTO `location` (`id`,`street`,`housenumber`,`postcode`,`city_id`,`lat`,`lng`) VALUES (116,'33 Booth Avenue, Suite 100 M4M 2M3',NULL,NULL,260,43.65523500,-79.34115500);
INSERT INTO `location` (`id`,`street`,`housenumber`,`postcode`,`city_id`,`lat`,`lng`) VALUES (117,'3301 Truxton Avenue  A-American Self Storage-Unit #J74, 93301-3115',NULL,NULL,13,35.37328800,-119.03968500);
INSERT INTO `location` (`id`,`street`,`housenumber`,`postcode`,`city_id`,`lat`,`lng`) VALUES (118,'3400 S. Hwy 89, Unit 173-Storage Stables I&II, 83001-9409',NULL,NULL,133,43.43038200,-110.77955300);
INSERT INTO `location` (`id`,`street`,`housenumber`,`postcode`,`city_id`,`lat`,`lng`) VALUES (119,'350 S. Kellogg Avenue #E, 93117-3838',NULL,NULL,104,34.43382800,-119.82002100);
INSERT INTO `location` (`id`,`street`,`housenumber`,`postcode`,`city_id`,`lat`,`lng`) VALUES (120,'35432 Industrial Road, 48150',NULL,NULL,67,42.37935300,-83.39250100);
INSERT INTO `location` (`id`,`street`,`housenumber`,`postcode`,`city_id`,`lat`,`lng`) VALUES (121,'355 Eisenhower Lane',NULL,NULL,164,42.10016800,-83.68067000);
INSERT INTO `location` (`id`,`street`,`housenumber`,`postcode`,`city_id`,`lat`,`lng`) VALUES (122,'355 Eisenhower Lane South, 60148',NULL,NULL,164,41.83974800,-88.02320200);
INSERT INTO `location` (`id`,`street`,`housenumber`,`postcode`,`city_id`,`lat`,`lng`) VALUES (123,'3600 Lacey Road, Suite 100',NULL,NULL,69,41.82265100,-88.03015100);
INSERT INTO `location` (`id`,`street`,`housenumber`,`postcode`,`city_id`,`lat`,`lng`) VALUES (124,'3600 Mansell, Suite 375',NULL,NULL,5,34.03959600,-84.29721200);
INSERT INTO `location` (`id`,`street`,`housenumber`,`postcode`,`city_id`,`lat`,`lng`) VALUES (125,'3601 Saunders Avenue, 23227-4354',NULL,NULL,224,37.58253000,-77.47061400);
INSERT INTO `location` (`id`,`street`,`housenumber`,`postcode`,`city_id`,`lat`,`lng`) VALUES (126,'3615 Willow Springs Road, 78704-7288',NULL,NULL,12,30.22567400,-97.75769300);
INSERT INTO `location` (`id`,`street`,`housenumber`,`postcode`,`city_id`,`lat`,`lng`) VALUES (127,'3660 Thousand Oaks Blvd, 78247',NULL,NULL,233,29.56157400,-98.42562100);
INSERT INTO `location` (`id`,`street`,`housenumber`,`postcode`,`city_id`,`lat`,`lng`) VALUES (128,'378 Briar Place, #1, 59714',NULL,NULL,17,45.79239000,-111.20692400);
INSERT INTO `location` (`id`,`street`,`housenumber`,`postcode`,`city_id`,`lat`,`lng`) VALUES (129,'3890 East Craig Road, 89030-7505',NULL,NULL,152,36.24095900,-115.09003900);
INSERT INTO `location` (`id`,`street`,`housenumber`,`postcode`,`city_id`,`lat`,`lng`) VALUES (130,'3902 East University Drive, Suites 1-4, 85034-7222',NULL,NULL,211,33.42245000,-111.99708600);
INSERT INTO `location` (`id`,`street`,`housenumber`,`postcode`,`city_id`,`lat`,`lng`) VALUES (131,'3965 S Mendenhall Rd, Bldg G, Suite 13, 38115',NULL,NULL,180,35.03986100,-89.88625600);
INSERT INTO `location` (`id`,`street`,`housenumber`,`postcode`,`city_id`,`lat`,`lng`) VALUES (132,'40  51st Way NE Suite 300 Minneapolis MN 55421',NULL,NULL,184,45.06094800,-93.27491100);
INSERT INTO `location` (`id`,`street`,`housenumber`,`postcode`,`city_id`,`lat`,`lng`) VALUES (133,'400 North Tampa Street, Suite 1700',NULL,NULL,257,27.94778500,-82.45905600);
INSERT INTO `location` (`id`,`street`,`housenumber`,`postcode`,`city_id`,`lat`,`lng`) VALUES (134,'41 Perimeter Center East, Suite 300, 30346',NULL,NULL,40,33.92421600,-84.33103500);
INSERT INTO `location` (`id`,`street`,`housenumber`,`postcode`,`city_id`,`lat`,`lng`) VALUES (135,'410 Passmore Avenue, Units # 1-4,7, M1V 5L1',NULL,NULL,238,43.83026400,-79.25725100);
INSERT INTO `location` (`id`,`street`,`housenumber`,`postcode`,`city_id`,`lat`,`lng`) VALUES (136,'4100 Will Rogers Parkway, Suite 200, 73108-2060',NULL,NULL,204,35.45142600,-97.59218800);
INSERT INTO `location` (`id`,`street`,`housenumber`,`postcode`,`city_id`,`lat`,`lng`) VALUES (138,'4301 Willow Springs Rd., 78745',NULL,NULL,12,30.21737600,-97.76184200);
INSERT INTO `location` (`id`,`street`,`housenumber`,`postcode`,`city_id`,`lat`,`lng`) VALUES (139,'4317 35th Street, 32811',NULL,NULL,205,28.50459400,-81.43205100);
INSERT INTO `location` (`id`,`street`,`housenumber`,`postcode`,`city_id`,`lat`,`lng`) VALUES (140,'4330 S.W. 29th Avenue, 32608',NULL,NULL,98,29.62770200,-82.39009300);
INSERT INTO `location` (`id`,`street`,`housenumber`,`postcode`,`city_id`,`lat`,`lng`) VALUES (141,'4335 N Golden State Boulevard., #102, 93722-3828',NULL,NULL,91,36.79913000,-119.86750400);
INSERT INTO `location` (`id`,`street`,`housenumber`,`postcode`,`city_id`,`lat`,`lng`) VALUES (142,'4355 Excel Parkway, Suite 800, 75206',NULL,NULL,1,32.97975300,-96.83669100);
INSERT INTO `location` (`id`,`street`,`housenumber`,`postcode`,`city_id`,`lat`,`lng`) VALUES (143,'4365 Dorchester Road, Unit 303, 29405',NULL,NULL,43,32.85311500,-80.00894900);
INSERT INTO `location` (`id`,`street`,`housenumber`,`postcode`,`city_id`,`lat`,`lng`) VALUES (144,'44 Albion Road, 02865-3748',NULL,NULL,158,41.92369800,-71.48474600);
INSERT INTO `location` (`id`,`street`,`housenumber`,`postcode`,`city_id`,`lat`,`lng`) VALUES (145,'4511 N. Himes Ave., Suite 150',NULL,NULL,257,27.98395000,-82.50035900);
INSERT INTO `location` (`id`,`street`,`housenumber`,`postcode`,`city_id`,`lat`,`lng`) VALUES (146,'460 West 34th Street Basement, 10018-6506',NULL,NULL,199,40.75414800,-73.99912300);
INSERT INTO `location` (`id`,`street`,`housenumber`,`postcode`,`city_id`,`lat`,`lng`) VALUES (147,'4710 Eisenhower Blvd., Suite B5',NULL,NULL,257,27.98754100,-82.54730500);
INSERT INTO `location` (`id`,`street`,`housenumber`,`postcode`,`city_id`,`lat`,`lng`) VALUES (148,'4720 W Jennifer Ave, Ste 101, 93722 Fresno',NULL,NULL,91,36.81189100,-119.87862300);
INSERT INTO `location` (`id`,`street`,`housenumber`,`postcode`,`city_id`,`lat`,`lng`) VALUES (149,'4838 Richard Road S.W., Suite 400  T3E 6L1',NULL,NULL,39,51.01050400,-114.12605600);
INSERT INTO `location` (`id`,`street`,`housenumber`,`postcode`,`city_id`,`lat`,`lng`) VALUES (150,'4921 Memorial Highway, Suite 100, 33634',NULL,NULL,257,27.98232000,-82.55008500);
INSERT INTO `location` (`id`,`street`,`housenumber`,`postcode`,`city_id`,`lat`,`lng`) VALUES (151,'4939 Lulu Court, Ste# 16, 67216',NULL,NULL,278,37.60594100,-97.32099400);
INSERT INTO `location` (`id`,`street`,`housenumber`,`postcode`,`city_id`,`lat`,`lng`) VALUES (152,'4983 Perimeter Parkway, 35023',NULL,NULL,21,33.33703000,-87.00102200);
INSERT INTO `location` (`id`,`street`,`housenumber`,`postcode`,`city_id`,`lat`,`lng`) VALUES (153,'4th Florr, Rama 9 Road, Huaykhwang',NULL,NULL,14,13.75426100,100.57079400);
INSERT INTO `location` (`id`,`street`,`housenumber`,`postcode`,`city_id`,`lat`,`lng`) VALUES (154,'5 Sterling Drive, 06492',NULL,NULL,267,41.48703800,-72.79318500);
INSERT INTO `location` (`id`,`street`,`housenumber`,`postcode`,`city_id`,`lat`,`lng`) VALUES (155,'5, Chemin des Aulx, 1228 Plan-les-Ouates',NULL,NULL,214,46.16848700,6.10834800);
INSERT INTO `location` (`id`,`street`,`housenumber`,`postcode`,`city_id`,`lat`,`lng`) VALUES (156,'50 Mitchell Avenue, 38683',NULL,NULL,268,34.94375400,-88.90142000);
INSERT INTO `location` (`id`,`street`,`housenumber`,`postcode`,`city_id`,`lat`,`lng`) VALUES (157,'500 Executive Blvd,130 Brady Avenue, 10523',NULL,NULL,275,41.06842600,-73.80726600);
INSERT INTO `location` (`id`,`street`,`housenumber`,`postcode`,`city_id`,`lat`,`lng`) VALUES (158,'500 Jefferson Avenue, Suite 2030, 77002-7371',NULL,NULL,126,29.75317400,-95.37362000);
INSERT INTO `location` (`id`,`street`,`housenumber`,`postcode`,`city_id`,`lat`,`lng`) VALUES (159,'505 Lincoln St., 80203',NULL,NULL,66,39.72463700,-104.98666000);
INSERT INTO `location` (`id`,`street`,`housenumber`,`postcode`,`city_id`,`lat`,`lng`) VALUES (160,'5100 Grace Street, 33607',NULL,NULL,257,27.95310900,-82.53113600);
INSERT INTO `location` (`id`,`street`,`housenumber`,`postcode`,`city_id`,`lat`,`lng`) VALUES (161,'513 Progress Drive, Suites A-J, 21090',NULL,NULL,159,39.21683100,-76.67259200);
INSERT INTO `location` (`id`,`street`,`housenumber`,`postcode`,`city_id`,`lat`,`lng`) VALUES (162,'519 8th Ave. - 5th Floor, 10018-6506',NULL,NULL,199,40.75337900,-73.99304000);
INSERT INTO `location` (`id`,`street`,`housenumber`,`postcode`,`city_id`,`lat`,`lng`) VALUES (163,'519 8th Ave. - 6th Floor, 10018-6506',NULL,NULL,199,40.75337900,-73.99304000);
INSERT INTO `location` (`id`,`street`,`housenumber`,`postcode`,`city_id`,`lat`,`lng`) VALUES (164,'520 Interstate Blvd S, Nashville, TN  12132',NULL,NULL,192,36.13348100,-86.75554300);
INSERT INTO `location` (`id`,`street`,`housenumber`,`postcode`,`city_id`,`lat`,`lng`) VALUES (165,'520 Townsend Street, 94103-6241',NULL,NULL,234,37.77333400,-122.40005500);
INSERT INTO `location` (`id`,`street`,`housenumber`,`postcode`,`city_id`,`lat`,`lng`) VALUES (166,'5207 Linbar Drive, Suite 702, 37211-1035',NULL,NULL,192,36.07774000,-86.69693400);
INSERT INTO `location` (`id`,`street`,`housenumber`,`postcode`,`city_id`,`lat`,`lng`) VALUES (167,'5262 Greenway Drive, 39204',NULL,NULL,133,32.28967400,-90.26165700);
INSERT INTO `location` (`id`,`street`,`housenumber`,`postcode`,`city_id`,`lat`,`lng`) VALUES (168,'5301 Shawnee Road Suite 440',NULL,NULL,3,38.80780900,-77.16545700);
INSERT INTO `location` (`id`,`street`,`housenumber`,`postcode`,`city_id`,`lat`,`lng`) VALUES (169,'5334 Shaune Drive, Unit 1*T*7, 99801',NULL,NULL,137,58.35657200,-134.48566800);
INSERT INTO `location` (`id`,`street`,`housenumber`,`postcode`,`city_id`,`lat`,`lng`) VALUES (170,'539 Rochester Road, 15203',NULL,NULL,213,40.53820200,-80.05065500);
INSERT INTO `location` (`id`,`street`,`housenumber`,`postcode`,`city_id`,`lat`,`lng`) VALUES (171,'54-20 Broadway, 11377',NULL,NULL,281,40.75273000,-73.90637400);
INSERT INTO `location` (`id`,`street`,`housenumber`,`postcode`,`city_id`,`lat`,`lng`) VALUES (172,'5427 N. 23rd Street, 65721',NULL,NULL,246,37.07023900,-93.23414900);
INSERT INTO `location` (`id`,`street`,`housenumber`,`postcode`,`city_id`,`lat`,`lng`) VALUES (173,'5440 S. Procyon St. Ste. B',NULL,NULL,152,36.09139600,-115.18698100);
INSERT INTO `location` (`id`,`street`,`housenumber`,`postcode`,`city_id`,`lat`,`lng`) VALUES (174,'5441 NE 148th Avenue, Suite 106, 97230',NULL,NULL,216,45.56149200,-122.51468300);
INSERT INTO `location` (`id`,`street`,`housenumber`,`postcode`,`city_id`,`lat`,`lng`) VALUES (175,'5449 Bear Line, Building E, Suite 406, 78405',NULL,NULL,59,27.7638461,-97.46260919);
INSERT INTO `location` (`id`,`street`,`housenumber`,`postcode`,`city_id`,`lat`,`lng`) VALUES (176,'5450 E. Home Avenue, 93727',NULL,NULL,91,36.76287300,-119.70705400);
INSERT INTO `location` (`id`,`street`,`housenumber`,`postcode`,`city_id`,`lat`,`lng`) VALUES (177,'5477 S 108 East Avenue, 74146',NULL,NULL,263,36.08457400,-95.85627700);
INSERT INTO `location` (`id`,`street`,`housenumber`,`postcode`,`city_id`,`lat`,`lng`) VALUES (178,'555 Lincoln Street, Suite B, 97401-2517',NULL,NULL,78,44.05374200,-123.09650600);
INSERT INTO `location` (`id`,`street`,`housenumber`,`postcode`,`city_id`,`lat`,`lng`) VALUES (179,'56 Grumbacher Lane, Suite #2, 17402',NULL,NULL,283,40.03919300,-76.74616500);
INSERT INTO `location` (`id`,`street`,`housenumber`,`postcode`,`city_id`,`lat`,`lng`) VALUES (180,'56 Stevens Road, 04412',NULL,NULL,32,44.78488900,-68.76128900);
INSERT INTO `location` (`id`,`street`,`housenumber`,`postcode`,`city_id`,`lat`,`lng`) VALUES (181,'5701 Pine Island Road, Suite 390, 33321-4451',NULL,NULL,256,26.19538800,-80.26878400);
INSERT INTO `location` (`id`,`street`,`housenumber`,`postcode`,`city_id`,`lat`,`lng`) VALUES (182,'580 W 1000 N, 84321-2254',NULL,NULL,163,41.74941100,-111.84853200);
INSERT INTO `location` (`id`,`street`,`housenumber`,`postcode`,`city_id`,`lat`,`lng`) VALUES (183,'59 Otis Street, 11704',NULL,NULL,272,40.73793400,-73.37327700);
INSERT INTO `location` (`id`,`street`,`housenumber`,`postcode`,`city_id`,`lat`,`lng`) VALUES (184,'5925 Tilghman Street, 18104',NULL,NULL,4,40.59188300,-75.59279100);
INSERT INTO `location` (`id`,`street`,`housenumber`,`postcode`,`city_id`,`lat`,`lng`) VALUES (185,'5995 105 Chapel Hill Road, 27607-5148',NULL,NULL,219,35.79178200,-78.78057300);
INSERT INTO `location` (`id`,`street`,`housenumber`,`postcode`,`city_id`,`lat`,`lng`) VALUES (186,'59B Otis Street, 11704',NULL,NULL,165,40.73800700,-73.37320100);
INSERT INTO `location` (`id`,`street`,`housenumber`,`postcode`,`city_id`,`lat`,`lng`) VALUES (187,'600 Main St. South, 38052',NULL,NULL,182,35.06257500,-88.89161400);
INSERT INTO `location` (`id`,`street`,`housenumber`,`postcode`,`city_id`,`lat`,`lng`) VALUES (188,'6067 Corporate Drive, 13057',NULL,NULL,253,43.10409600,-76.08675800);
INSERT INTO `location` (`id`,`street`,`housenumber`,`postcode`,`city_id`,`lat`,`lng`) VALUES (189,'6087 Triangle Drive, 90040-3641',NULL,NULL,167,33.97820700,-118.13848800);
INSERT INTO `location` (`id`,`street`,`housenumber`,`postcode`,`city_id`,`lat`,`lng`) VALUES (190,'6100 Stilwell, 64120',NULL,NULL,138,39.14447200,-94.50799800);
INSERT INTO `location` (`id`,`street`,`housenumber`,`postcode`,`city_id`,`lat`,`lng`) VALUES (191,'6138 Preservation Place 800, 37416',NULL,NULL,45,35.07469500,-85.18450600);
INSERT INTO `location` (`id`,`street`,`housenumber`,`postcode`,`city_id`,`lat`,`lng`) VALUES (192,'621 South Royal Lane, Suite 500, 75019-3878',NULL,NULL,58,32.95851800,-97.02647600);
INSERT INTO `location` (`id`,`street`,`housenumber`,`postcode`,`city_id`,`lat`,`lng`) VALUES (194,'6266 Hurt Road, 38637',NULL,NULL,125,34.95202500,-90.03170400);
INSERT INTO `location` (`id`,`street`,`housenumber`,`postcode`,`city_id`,`lat`,`lng`) VALUES (195,'6400 S. Fiddler\'s Green Circle, #700, 80111',NULL,NULL,109,39.59978300,-104.88940800);
INSERT INTO `location` (`id`,`street`,`housenumber`,`postcode`,`city_id`,`lat`,`lng`) VALUES (196,'6630 Frito Lay Drive, 47715',NULL,NULL,79,38.00834800,-87.47067500);
INSERT INTO `location` (`id`,`street`,`housenumber`,`postcode`,`city_id`,`lat`,`lng`) VALUES (197,'6942 Phillips Parkway Dr. S., 32256',NULL,NULL,134,30.16589100,-81.53415200);
INSERT INTO `location` (`id`,`street`,`housenumber`,`postcode`,`city_id`,`lat`,`lng`) VALUES (198,'695 Lindbergh Drive, 81637',NULL,NULL,113,39.64512900,-106.87359300);
INSERT INTO `location` (`id`,`street`,`housenumber`,`postcode`,`city_id`,`lat`,`lng`) VALUES (199,'6968 McNerney Road, 43619',NULL,NULL,201,41.60257100,-83.52590400);
INSERT INTO `location` (`id`,`street`,`housenumber`,`postcode`,`city_id`,`lat`,`lng`) VALUES (200,'7 Mellor Avenue B3B 0E8',NULL,NULL,64,44.70821800,-63.57867100);
INSERT INTO `location` (`id`,`street`,`housenumber`,`postcode`,`city_id`,`lat`,`lng`) VALUES (201,'Hicksville Road','700','11714',22,40.7450369089642,-73.4964717308267);
INSERT INTO `location` (`id`,`street`,`housenumber`,`postcode`,`city_id`,`lat`,`lng`) VALUES (202,'West 27th Street','7006','98466',254,47.2346696590074,-122.530386970601);
INSERT INTO `location` (`id`,`street`,`housenumber`,`postcode`,`city_id`,`lat`,`lng`) VALUES (203,'705 Industrial Avenue, 75087-6901',NULL,NULL,182,32.92784165786677,-96.39017729627905);
INSERT INTO `location` (`id`,`street`,`housenumber`,`postcode`,`city_id`,`lat`,`lng`) VALUES (204,'7367 South Revere Parkway, Unit 2A, 80112-6766',NULL,NULL,66,39.58106241,-104.84117529);
INSERT INTO `location` (`id`,`street`,`housenumber`,`postcode`,`city_id`,`lat`,`lng`) VALUES (205,'7371 Lockport Place, Unit #H, 22079-1588',NULL,NULL,166,38.71553821357195,-77.19730406996277);
INSERT INTO `location` (`id`,`street`,`housenumber`,`postcode`,`city_id`,`lat`,`lng`) VALUES (206,'740 Freeport Boulevard., Suite 108, 89431-6168',NULL,NULL,244,39.52575053379383,-119.75082613431454);
INSERT INTO `location` (`id`,`street`,`housenumber`,`postcode`,`city_id`,`lat`,`lng`) VALUES (207,'7425 Pebble Drive, 76118-6945',NULL,NULL,95,32.79357311,-97.21958051);
INSERT INTO `location` (`id`,`street`,`housenumber`,`postcode`,`city_id`,`lat`,`lng`) VALUES (208,'7481 N.W. 66th Street, 33166-2801',NULL,NULL,181,25.83374700,-80.31965700);
INSERT INTO `location` (`id`,`street`,`housenumber`,`postcode`,`city_id`,`lat`,`lng`) VALUES (209,'75 Fifth St NW, Suite 470, 30308',NULL,NULL,9,33.77746971472559,-84.38911237075669);
INSERT INTO `location` (`id`,`street`,`housenumber`,`postcode`,`city_id`,`lat`,`lng`) VALUES (210,'N.W. 66th Street','7501','33166-2803',181,25.8337461005168,-80.3200374309849);
INSERT INTO `location` (`id`,`street`,`housenumber`,`postcode`,`city_id`,`lat`,`lng`) VALUES (211,'Central Industrial Drive','7567','33404-3423',225,26.7880845057741,-80.0958198732988);
INSERT INTO `location` (`id`,`street`,`housenumber`,`postcode`,`city_id`,`lat`,`lng`) VALUES (212,'Garland Circle','7724','24019-1623',226,37.3587997581172,-79.9518530223475);
INSERT INTO `location` (`id`,`street`,`housenumber`,`postcode`,`city_id`,`lat`,`lng`) VALUES (213,'7810 Sears Boulevard, 32514',NULL,NULL,207,30.50790500,-87.25434200);
INSERT INTO `location` (`id`,`street`,`housenumber`,`postcode`,`city_id`,`lat`,`lng`) VALUES (214,'7915 Nieman Road, 66214',NULL,NULL,155,38.98522823835645,-94.7128004998162);
INSERT INTO `location` (`id`,`street`,`housenumber`,`postcode`,`city_id`,`lat`,`lng`) VALUES (215,'7930 King Street Unit B, 99518-3058',NULL,NULL,7,61.14872692,-149.87864515);
INSERT INTO `location` (`id`,`street`,`housenumber`,`postcode`,`city_id`,`lat`,`lng`) VALUES (216,'8 Mall Terrace, Bldg Unit 1&2, 31406-7600',NULL,NULL,237,32.002071757553175,-81.10446589964648);
INSERT INTO `location` (`id`,`street`,`housenumber`,`postcode`,`city_id`,`lat`,`lng`) VALUES (217,'8, rue Parmentier, 92816, Puteaux',NULL,NULL,218,48.877668226665044,2.2405202005553253);
INSERT INTO `location` (`id`,`street`,`housenumber`,`postcode`,`city_id`,`lat`,`lng`) VALUES (218,'850 Blountstown Hwy, 32304',NULL,NULL,255,30.445064961328786,-84.34758027059107);
INSERT INTO `location` (`id`,`street`,`housenumber`,`postcode`,`city_id`,`lat`,`lng`) VALUES (219,'850 Pena Boulevard, #RM 4796',NULL,NULL,66,39.83343776,-104.72906796);
INSERT INTO `location` (`id`,`street`,`housenumber`,`postcode`,`city_id`,`lat`,`lng`) VALUES (220,'Washington Street','8500','87113',2,35.1816243043394,-106.593847173152);
INSERT INTO `location` (`id`,`street`,`housenumber`,`postcode`,`city_id`,`lat`,`lng`) VALUES (221,'8520 Allison Pointe Blvd  Indianapolis IN  46250',NULL,NULL,129,39.909561106499545,-86.08507321242287);
INSERT INTO `location` (`id`,`street`,`housenumber`,`postcode`,`city_id`,`lat`,`lng`) VALUES (222,'8564 W. Elisa Street, 83713',NULL,NULL,26,43.57886159,-116.28862645);
INSERT INTO `location` (`id`,`street`,`housenumber`,`postcode`,`city_id`,`lat`,`lng`) VALUES (223,'Bash St','8661-8665','46256',129,39.91352341408987,-86.04287820132394);
INSERT INTO `location` (`id`,`street`,`housenumber`,`postcode`,`city_id`,`lat`,`lng`) VALUES (224,'888 Third Street, 30318-5759',NULL,NULL,9,33.779307885394495,-84.40929715644619);
INSERT INTO `location` (`id`,`street`,`housenumber`,`postcode`,`city_id`,`lat`,`lng`) VALUES (225,'8920 B Adams N.E., 87113',NULL,NULL,2,35.18806800,-106.59383600);
INSERT INTO `location` (`id`,`street`,`housenumber`,`postcode`,`city_id`,`lat`,`lng`) VALUES (226,'900 Front Street, Suite 375',NULL,NULL,234,37.80027977,-122.39963518);
INSERT INTO `location` (`id`,`street`,`housenumber`,`postcode`,`city_id`,`lat`,`lng`) VALUES (227,'9001 51st Place, 20740',NULL,NULL,53,38.99946708699088,-76.92011142764359);
INSERT INTO `location` (`id`,`street`,`housenumber`,`postcode`,`city_id`,`lat`,`lng`) VALUES (228,'901 Morris Street, 25301',NULL,NULL,43,38.35055698726833,-81.62238852867867);
INSERT INTO `location` (`id`,`street`,`housenumber`,`postcode`,`city_id`,`lat`,`lng`) VALUES (229,'Warrenville Rd.','901','60532',160,41.8073552792312,-88.0700081306775);
INSERT INTO `location` (`id`,`street`,`housenumber`,`postcode`,`city_id`,`lat`,`lng`) VALUES (230,'906 S Big Spring Rd., 79701',NULL,NULL,183,31.988550662323508,-102.07822132894294);
INSERT INTO `location` (`id`,`street`,`housenumber`,`postcode`,`city_id`,`lat`,`lng`) VALUES (231,'911 Franklin Street S.E., 35805',NULL,NULL,127,34.72161966124254,-86.5772571580306);
INSERT INTO `location` (`id`,`street`,`housenumber`,`postcode`,`city_id`,`lat`,`lng`) VALUES (232,'917 134th Street SW, Suite A8',NULL,NULL,80,47.87744995463953,-122.24597832892634);
INSERT INTO `location` (`id`,`street`,`housenumber`,`postcode`,`city_id`,`lat`,`lng`) VALUES (233,'Market Place','9200','44147',33,41.3155017057282,-81.6639059368088);
INSERT INTO `location` (`id`,`street`,`housenumber`,`postcode`,`city_id`,`lat`,`lng`) VALUES (234,'9280 Crestwyn Hills Drive, 38125',NULL,NULL,180,35.04435600,-89.75357500);
INSERT INTO `location` (`id`,`street`,`housenumber`,`postcode`,`city_id`,`lat`,`lng`) VALUES (235,'9280 Crestwyn Hills Drive, 38125-8508',NULL,NULL,99,35.04435600,-89.75357500);
INSERT INTO `location` (`id`,`street`,`housenumber`,`postcode`,`city_id`,`lat`,`lng`) VALUES (236,'929 Eastwind Dr. Ste 218-Spectrum Commerce Center, 43081',NULL,NULL,57,40.09986960731307,-82.91643316562393);
INSERT INTO `location` (`id`,`street`,`housenumber`,`postcode`,`city_id`,`lat`,`lng`) VALUES (237,'929 Eastwind Drive, Suite 218',NULL,NULL,276,40.09986960731307,-82.91643316562393);
INSERT INTO `location` (`id`,`street`,`housenumber`,`postcode`,`city_id`,`lat`,`lng`) VALUES (238,'930 Catherine Street, Units 146 & 147, 33040',NULL,NULL,142,24.55273893930155,-81.79208520032859);
INSERT INTO `location` (`id`,`street`,`housenumber`,`postcode`,`city_id`,`lat`,`lng`) VALUES (239,'Dalton Ave','934','45203',50,39.1057424565484,-84.5360888850511);
INSERT INTO `location` (`id`,`street`,`housenumber`,`postcode`,`city_id`,`lat`,`lng`) VALUES (240,'Adams Street','940','60607',49,41.879631914801,-87.6511091309713);
INSERT INTO `location` (`id`,`street`,`housenumber`,`postcode`,`city_id`,`lat`,`lng`) VALUES (241,'Adams Street','940','66607',49,41.879631914801,-87.6511091309713);
INSERT INTO `location` (`id`,`street`,`housenumber`,`postcode`,`city_id`,`lat`,`lng`) VALUES (242,'940 Riverside Drive, Suite 10+20, 95798',NULL,NULL,274,38.58816523,-121.56990009);
INSERT INTO `location` (`id`,`street`,`housenumber`,`postcode`,`city_id`,`lat`,`lng`) VALUES (243,'King Air Court','9474B','23005',8,37.693138500394,-77.4301254019353);
INSERT INTO `location` (`id`,`street`,`housenumber`,`postcode`,`city_id`,`lat`,`lng`) VALUES (244,'9711 E. Knox Avenue, Suite 1',NULL,NULL,245,47.67774000,-117.27394800);
INSERT INTO `location` (`id`,`street`,`housenumber`,`postcode`,`city_id`,`lat`,`lng`) VALUES (245,'Altendorferstraße 103, 45143 Essen',NULL,NULL,76,51.45886800,6.99450300);
INSERT INTO `location` (`id`,`street`,`housenumber`,`postcode`,`city_id`,`lat`,`lng`) VALUES (246,'Am Listholze 78, 30177 Hannover',NULL,NULL,117,52.40360500,9.76363900);
INSERT INTO `location` (`id`,`street`,`housenumber`,`postcode`,`city_id`,`lat`,`lng`) VALUES (247,'Am Mittelkai 50, 70329 Stuttgart',NULL,NULL,251,48.75652900,9.26390000);
INSERT INTO `location` (`id`,`street`,`housenumber`,`postcode`,`city_id`,`lat`,`lng`) VALUES (248,'Am Ostkai 15-17, 70327 Stuttgart',NULL,NULL,251,48.76873200,9.25890400);
INSERT INTO `location` (`id`,`street`,`housenumber`,`postcode`,`city_id`,`lat`,`lng`) VALUES (249,'Am Thyssenhaus 2, 45128 Essen',NULL,NULL,76,51.45048400,7.00931000);
INSERT INTO `location` (`id`,`street`,`housenumber`,`postcode`,`city_id`,`lat`,`lng`) VALUES (250,'Am Torhaus 25, 66113 Saarbrücken',NULL,NULL,231,49.25256200,6.97599100);
INSERT INTO `location` (`id`,`street`,`housenumber`,`postcode`,`city_id`,`lat`,`lng`) VALUES (251,'An den Treptowers 1 / 27. OG, 12435 Berlin',NULL,NULL,20,52.49547700,13.46161200);
INSERT INTO `location` (`id`,`street`,`housenumber`,`postcode`,`city_id`,`lat`,`lng`) VALUES (252,'An der Raumfabrik 33a, 76227 Karlsruhe',NULL,NULL,139,48.99739500,8.46472400);
INSERT INTO `location` (`id`,`street`,`housenumber`,`postcode`,`city_id`,`lat`,`lng`) VALUES (253,'Andropova pr. 18/7',NULL,NULL,186,55.69172200,37.66272500);
INSERT INTO `location` (`id`,`street`,`housenumber`,`postcode`,`city_id`,`lat`,`lng`) VALUES (254,'Angermunder Straße 126, 40489 Düsseldorf',NULL,NULL,72,51.32369700,6.77062000);
INSERT INTO `location` (`id`,`street`,`housenumber`,`postcode`,`city_id`,`lat`,`lng`) VALUES (255,'Apelsteinallee 22, 4416 Markkleeberg',NULL,NULL,179,51.28061200,12.42663400);
INSERT INTO `location` (`id`,`street`,`housenumber`,`postcode`,`city_id`,`lat`,`lng`) VALUES (256,'August-Thyssen-Str. 1, 45219 Essen',NULL,NULL,76,51.35596000,6.92971300);
INSERT INTO `location` (`id`,`street`,`housenumber`,`postcode`,`city_id`,`lat`,`lng`) VALUES (257,'AV DR RENATO DE ANDRADE MAIA, 736 ,PARQUE RENATO MAIA, GUARULHOS, SP. CEP: 07114-000',NULL,NULL,112,-23.45565400,-46.52741900);
INSERT INTO `location` (`id`,`street`,`housenumber`,`postcode`,`city_id`,`lat`,`lng`) VALUES (258,'AV FERNANDES LIMA 1434, SL 210 ,FAROL, MACEIO, AL. CEP: 57055-000',NULL,NULL,171,-9.63788200,-35.73547400);
INSERT INTO `location` (`id`,`street`,`housenumber`,`postcode`,`city_id`,`lat`,`lng`) VALUES (259,'Av. FAB, 2061  68900-073 Macapá',NULL,NULL,170,0.04127700,-51.06826100);
INSERT INTO `location` (`id`,`street`,`housenumber`,`postcode`,`city_id`,`lat`,`lng`) VALUES (260,'Av. Jacira Reis, 537 69033-008 Manaus',NULL,NULL,175,-3.09650800,-60.04444500);
INSERT INTO `location` (`id`,`street`,`housenumber`,`postcode`,`city_id`,`lat`,`lng`) VALUES (261,'Av. Marechal Rondon, n 2182. Jd. Chapadão - Campinas    13070-172 Piracicaba',NULL,NULL,212,-22.89489300,-47.09596500);
INSERT INTO `location` (`id`,`street`,`housenumber`,`postcode`,`city_id`,`lat`,`lng`) VALUES (262,'Avenida Sertório, 3.655,Jardim São Pedro',NULL,NULL,217,-30.00301700,-51.16886300);
INSERT INTO `location` (`id`,`street`,`housenumber`,`postcode`,`city_id`,`lat`,`lng`) VALUES (263,'Bad Nauheimer Str. 4, 64289 Darmstadt',NULL,NULL,63,49.88640600,8.65433600);
INSERT INTO `location` (`id`,`street`,`housenumber`,`postcode`,`city_id`,`lat`,`lng`) VALUES (264,'Baselstraße 49, CH-4222 Zwingen',NULL,NULL,285,47.44067100,7.54290700);
INSERT INTO `location` (`id`,`street`,`housenumber`,`postcode`,`city_id`,`lat`,`lng`) VALUES (265,'Bauerland 12, 28259 Bremen',NULL,NULL,31,53.05982400,8.72602800);
INSERT INTO `location` (`id`,`street`,`housenumber`,`postcode`,`city_id`,`lat`,`lng`) VALUES (266,'Bellwood Plaza - Mr. Joe White Avenue North Suite 8, 29577',NULL,NULL,191,33.71881700,-78.90202400);
INSERT INTO `location` (`id`,`street`,`housenumber`,`postcode`,`city_id`,`lat`,`lng`) VALUES (267,'Berner Feld, 78628 Rottweil',NULL,NULL,229,48.17924400,8.62843300);
INSERT INTO `location` (`id`,`street`,`housenumber`,`postcode`,`city_id`,`lat`,`lng`) VALUES (268,'Bernhäuser Str. 45, 73765 Neuhausen',NULL,NULL,195,48.68187300,9.25478900);
INSERT INTO `location` (`id`,`street`,`housenumber`,`postcode`,`city_id`,`lat`,`lng`) VALUES (269,'Brobekkveien 38, 0598 Oslo',NULL,NULL,206,59.93875900,10.82643800);
INSERT INTO `location` (`id`,`street`,`housenumber`,`postcode`,`city_id`,`lat`,`lng`) VALUES (270,'Brunnenstr. 57, 73333 Gingen/Fils',NULL,NULL,101,48.66417600,9.77970600);
INSERT INTO `location` (`id`,`street`,`housenumber`,`postcode`,`city_id`,`lat`,`lng`) VALUES (271,'Bussardweg 18, 41468 Neuss',NULL,NULL,196,51.16712000,6.75333300);
INSERT INTO `location` (`id`,`street`,`housenumber`,`postcode`,`city_id`,`lat`,`lng`) VALUES (272,'Calle 4, Edificio 6 Esquina Los Pinos',NULL,NULL,40,18.43352000,-66.13502900);
INSERT INTO `location` (`id`,`street`,`housenumber`,`postcode`,`city_id`,`lat`,`lng`) VALUES (273,'Carl-Benz-Straße 30,  Bremen',NULL,NULL,31,53.14224000,8.69216300);
INSERT INTO `location` (`id`,`street`,`housenumber`,`postcode`,`city_id`,`lat`,`lng`) VALUES (274,'CarlZeissStrae 24 28816 Stuhr',NULL,NULL,250,53.02152300,8.77358900);
INSERT INTO `location` (`id`,`street`,`housenumber`,`postcode`,`city_id`,`lat`,`lng`) VALUES (275,'Dachsweg 21 23 53842 Troisdorf',NULL,NULL,261,50.82772700,7.10797600);
INSERT INTO `location` (`id`,`street`,`housenumber`,`postcode`,`city_id`,`lat`,`lng`) VALUES (277,'DE Diverse NRW',NULL,NULL,202,NULL,NULL);
INSERT INTO `location` (`id`,`street`,`housenumber`,`postcode`,`city_id`,`lat`,`lng`) VALUES (278,'Defne Sokak Buyukhanli Plaza No:3 Kat:4 Istanbul, 34750',NULL,NULL,132,40.98197800,29.10251400);
INSERT INTO `location` (`id`,`street`,`housenumber`,`postcode`,`city_id`,`lat`,`lng`) VALUES (279,'Dieselstr 6, 72770 Reutlingen',NULL,NULL,222,48.50043100,9.18581200);
INSERT INTO `location` (`id`,`street`,`housenumber`,`postcode`,`city_id`,`lat`,`lng`) VALUES (280,'Dieselstr. 55, 90441 Nürnberg',NULL,NULL,203,49.42879400,11.03481000);
INSERT INTO `location` (`id`,`street`,`housenumber`,`postcode`,`city_id`,`lat`,`lng`) VALUES (281,'Dieselstr. 6, 50859 Köln',NULL,NULL,147,50.94509300,6.84490300);
INSERT INTO `location` (`id`,`street`,`housenumber`,`postcode`,`city_id`,`lat`,`lng`) VALUES (282,'Dr.-Manfred-Hirschvogel-Straße 6, 86920 Denklingen',NULL,NULL,65,47.92885400,10.86221200);
INSERT INTO `location` (`id`,`street`,`housenumber`,`postcode`,`city_id`,`lat`,`lng`) VALUES (283,'Elisabeth Consbruch Str. 3, 34131 Kassel',NULL,NULL,140,51.30573600,9.44687900);
INSERT INTO `location` (`id`,`street`,`housenumber`,`postcode`,`city_id`,`lat`,`lng`) VALUES (284,'Erich-Thilo-Str. 10-12, 12489, Berlin',NULL,NULL,20,52.43179900,13.53315900);
INSERT INTO `location` (`id`,`street`,`housenumber`,`postcode`,`city_id`,`lat`,`lng`) VALUES (285,'Ernst-Grote-Str. 10, 30916 Isernhagen-Altwarmbüchen',NULL,NULL,131,52.42878000,9.84183100);
INSERT INTO `location` (`id`,`street`,`housenumber`,`postcode`,`city_id`,`lat`,`lng`) VALUES (286,'Essener Str. 2, 44793 Bochum',NULL,NULL,25,51.47669800,7.19186400);
INSERT INTO `location` (`id`,`street`,`housenumber`,`postcode`,`city_id`,`lat`,`lng`) VALUES (287,'Fasanenweg 11, 70771 Leinfelden-Echterdingen',NULL,NULL,153,48.70804200,9.14655000);
INSERT INTO `location` (`id`,`street`,`housenumber`,`postcode`,`city_id`,`lat`,`lng`) VALUES (288,'Fascinatio Boulevard 806-808 2909 VA Capelle aan den Ijssel',NULL,NULL,41,51.91697600,4.55224600);
INSERT INTO `location` (`id`,`street`,`housenumber`,`postcode`,`city_id`,`lat`,`lng`) VALUES (289,'Federico Cantero Villamil 4, 28935 Móstoles',NULL,NULL,187,40.34184100,-3.87990900);
INSERT INTO `location` (`id`,`street`,`housenumber`,`postcode`,`city_id`,`lat`,`lng`) VALUES (290,'Fiedlerstr. 20, 34127 Kassel',NULL,NULL,140,51.33097000,9.50251400);
INSERT INTO `location` (`id`,`street`,`housenumber`,`postcode`,`city_id`,`lat`,`lng`) VALUES (291,'Frankenstrasse 12 90762 Fuerth',NULL,NULL,96,49.46687400,11.01244200);
INSERT INTO `location` (`id`,`street`,`housenumber`,`postcode`,`city_id`,`lat`,`lng`) VALUES (292,'Franz-Brötzner-Str. 11, 5071 Wals bei Salzburg',NULL,NULL,269,47.79120200,12.98408600);
INSERT INTO `location` (`id`,`street`,`housenumber`,`postcode`,`city_id`,`lat`,`lng`) VALUES (293,'Franziusstr. 8-14, 60314 Frankfurt',NULL,NULL,89,50.10806000,8.71756300);
INSERT INTO `location` (`id`,`street`,`housenumber`,`postcode`,`city_id`,`lat`,`lng`) VALUES (294,'Friedrich-Uhde-Str. 15, 44141 Dortmund',NULL,NULL,68,51.50246300,7.48421400);
INSERT INTO `location` (`id`,`street`,`housenumber`,`postcode`,`city_id`,`lat`,`lng`) VALUES (295,'Friesstraße 13, 60388 Frankfurt',NULL,NULL,89,50.13989700,8.73940100);
INSERT INTO `location` (`id`,`street`,`housenumber`,`postcode`,`city_id`,`lat`,`lng`) VALUES (296,'Gersthofer Straße 38, 86169 Augsburg',NULL,NULL,11,48.42461300,10.90262100);
INSERT INTO `location` (`id`,`street`,`housenumber`,`postcode`,`city_id`,`lat`,`lng`) VALUES (297,'Gewerbehof - Siemensstraße 1, Haus 7, 93055 Regensburg',NULL,NULL,221,49.01306100,12.14831600);
INSERT INTO `location` (`id`,`street`,`housenumber`,`postcode`,`city_id`,`lat`,`lng`) VALUES (298,'Glattalstr. 207, 8153 Rümlang',NULL,NULL,230,47.44996500,8.53091700);
INSERT INTO `location` (`id`,`street`,`housenumber`,`postcode`,`city_id`,`lat`,`lng`) VALUES (299,'Gropiusplatz 10, 70563 Stuttgart',NULL,NULL,251,48.73890600,9.11155300);
INSERT INTO `location` (`id`,`street`,`housenumber`,`postcode`,`city_id`,`lat`,`lng`) VALUES (300,'Große Elbstraße 61-63, 22767 Hamburg',NULL,NULL,115,53.54403000,9.94351400);
INSERT INTO `location` (`id`,`street`,`housenumber`,`postcode`,`city_id`,`lat`,`lng`) VALUES (301,'Gutenstetter Str. 2, 90449 Nürnberg',NULL,NULL,203,49.43675900,11.00257600);
INSERT INTO `location` (`id`,`street`,`housenumber`,`postcode`,`city_id`,`lat`,`lng`) VALUES (302,'Hafengrenzweg 11-19, 48155 Münster',NULL,NULL,190,51.94838200,7.64306700);
INSERT INTO `location` (`id`,`street`,`housenumber`,`postcode`,`city_id`,`lat`,`lng`) VALUES (303,'Hamburger Str. 37, 01067 Dresden',NULL,NULL,70,51.05993600,13.69567900);
INSERT INTO `location` (`id`,`street`,`housenumber`,`postcode`,`city_id`,`lat`,`lng`) VALUES (304,'Hannöversche Str. 20a, 44143 Dortmund',NULL,NULL,68,51.52067300,7.49675400);
INSERT INTO `location` (`id`,`street`,`housenumber`,`postcode`,`city_id`,`lat`,`lng`) VALUES (305,'Hatzper Str. 30, 45149 Essen',NULL,NULL,76,51.41344100,6.97918300);
INSERT INTO `location` (`id`,`street`,`housenumber`,`postcode`,`city_id`,`lat`,`lng`) VALUES (306,'Heinrich Boecking Strasse 16 66121 Saarbruecken',NULL,NULL,231,49.22759700,7.01278300);
INSERT INTO `location` (`id`,`street`,`housenumber`,`postcode`,`city_id`,`lat`,`lng`) VALUES (307,'Heinrich-Lorenz-Str. 57, 09120 Chemnitz',NULL,NULL,47,50.81469600,12.91698500);
INSERT INTO `location` (`id`,`street`,`housenumber`,`postcode`,`city_id`,`lat`,`lng`) VALUES (308,'Henschelplatz 1, 34127 Kassel',NULL,NULL,140,51.33400800,9.48575900);
INSERT INTO `location` (`id`,`street`,`housenumber`,`postcode`,`city_id`,`lat`,`lng`) VALUES (309,'Hermann-Köhl.Str.8, 89160 Dornstadt',NULL,NULL,265,48.46032700,9.96669600);
INSERT INTO `location` (`id`,`street`,`housenumber`,`postcode`,`city_id`,`lat`,`lng`) VALUES (310,'Hermann-Mitsch-Straße 36a, 79108 Freiburg',NULL,NULL,90,48.02455000,7.84098100);
INSERT INTO `location` (`id`,`street`,`housenumber`,`postcode`,`city_id`,`lat`,`lng`) VALUES (311,'Herzbergstrae 50 10365 Berlin',NULL,NULL,20,52.52612900,13.49635100);
INSERT INTO `location` (`id`,`street`,`housenumber`,`postcode`,`city_id`,`lat`,`lng`) VALUES (312,'Hofrat-Wild-Str. 3, 68219 Mannheim',NULL,NULL,177,49.45100100,8.52201300);
INSERT INTO `location` (`id`,`street`,`housenumber`,`postcode`,`city_id`,`lat`,`lng`) VALUES (313,'Hohnerstr. 5-11, 89079 Ulm',NULL,NULL,265,48.36762100,9.94851900);
INSERT INTO `location` (`id`,`street`,`housenumber`,`postcode`,`city_id`,`lat`,`lng`) VALUES (314,'Hubertusstr. 15, 30853 Langenhagen',NULL,NULL,151,52.45420500,9.74251200);
INSERT INTO `location` (`id`,`street`,`housenumber`,`postcode`,`city_id`,`lat`,`lng`) VALUES (315,'Humboldstraße 3, 04105 Leipzig',NULL,NULL,154,51.34616200,12.36941700);
INSERT INTO `location` (`id`,`street`,`housenumber`,`postcode`,`city_id`,`lat`,`lng`) VALUES (316,'Im Weiherfeld 1, 65462 Ginsheim',NULL,NULL,102,49.99028300,8.32045200);
INSERT INTO `location` (`id`,`street`,`housenumber`,`postcode`,`city_id`,`lat`,`lng`) VALUES (317,'Industriestr. 53, 3052 Zollikofen',NULL,NULL,284,47.00690900,7.46668100);
INSERT INTO `location` (`id`,`street`,`housenumber`,`postcode`,`city_id`,`lat`,`lng`) VALUES (318,'Industriestrae 19 97469 Gochsheim',NULL,NULL,103,50.02771800,10.26525900);
INSERT INTO `location` (`id`,`street`,`housenumber`,`postcode`,`city_id`,`lat`,`lng`) VALUES (320,'Johanniskirchstr. 63, 45329 Essen',NULL,NULL,76,51.49913700,7.00028100);
INSERT INTO `location` (`id`,`street`,`housenumber`,`postcode`,`city_id`,`lat`,`lng`) VALUES (321,'Johanniskirchstr. 96, 45329 Essen',NULL,NULL,76,51.49911700,6.99830100);
INSERT INTO `location` (`id`,`street`,`housenumber`,`postcode`,`city_id`,`lat`,`lng`) VALUES (322,'Kalkreiße 16, 99085 Erfurt',NULL,NULL,75,50.97991900,11.06236100);
INSERT INTO `location` (`id`,`street`,`housenumber`,`postcode`,`city_id`,`lat`,`lng`) VALUES (323,'Kantstraße 2, 04275 Leipzig',NULL,NULL,154,51.31588600,12.36593400);
INSERT INTO `location` (`id`,`street`,`housenumber`,`postcode`,`city_id`,`lat`,`lng`) VALUES (324,'Kapellenstr.7, 85622 Feldkirchen',NULL,NULL,82,48.15183800,11.74182100);
INSERT INTO `location` (`id`,`street`,`housenumber`,`postcode`,`city_id`,`lat`,`lng`) VALUES (325,'Karl-Marx-Str. 75, 44141 Dortmund',NULL,NULL,68,51.50280800,7.48330600);
INSERT INTO `location` (`id`,`street`,`housenumber`,`postcode`,`city_id`,`lat`,`lng`) VALUES (326,'Kolumbusstr. 8, 22113 Hamburg',NULL,NULL,115,53.54161300,10.08842000);
INSERT INTO `location` (`id`,`street`,`housenumber`,`postcode`,`city_id`,`lat`,`lng`) VALUES (327,'Königsberger Straße 80, 40231 Düsseldorf',NULL,NULL,72,51.21705800,6.82641000);
INSERT INTO `location` (`id`,`street`,`housenumber`,`postcode`,`city_id`,`lat`,`lng`) VALUES (328,'Königsheimer Str. 2, 78585 Bubsheim',NULL,NULL,35,48.11542600,8.83459800);
INSERT INTO `location` (`id`,`street`,`housenumber`,`postcode`,`city_id`,`lat`,`lng`) VALUES (329,'Körvasút sor 110, 1158 Budapest',NULL,NULL,36,47.53185700,19.13967700);
INSERT INTO `location` (`id`,`street`,`housenumber`,`postcode`,`city_id`,`lat`,`lng`) VALUES (330,'Kuehnstr. 71, 22045 Hamburg',NULL,NULL,115,53.57893200,10.12113000);
INSERT INTO `location` (`id`,`street`,`housenumber`,`postcode`,`city_id`,`lat`,`lng`) VALUES (331,'Level 18, The Pinnacle Persiaran Lagoon Bandar Sunway, Petaling Jaya',NULL,NULL,209,3.07023600,101.61003800);
INSERT INTO `location` (`id`,`street`,`housenumber`,`postcode`,`city_id`,`lat`,`lng`) VALUES (332,'Lilienthalstr. 25, 85399 Hallbergmoos',NULL,NULL,114,48.33181600,11.73082300);
INSERT INTO `location` (`id`,`street`,`housenumber`,`postcode`,`city_id`,`lat`,`lng`) VALUES (333,'Lomaland Drive, Suite D-10, 79935',NULL,NULL,74,31.75680700,-106.32945300);
INSERT INTO `location` (`id`,`street`,`housenumber`,`postcode`,`city_id`,`lat`,`lng`) VALUES (334,'Maggistraße 5, 78224 Singen',NULL,NULL,242,47.75671400,8.83984400);
INSERT INTO `location` (`id`,`street`,`housenumber`,`postcode`,`city_id`,`lat`,`lng`) VALUES (335,'Mercedesstrae 7 70794 Filderstadt',NULL,NULL,84,48.68006000,9.24658000);
INSERT INTO `location` (`id`,`street`,`housenumber`,`postcode`,`city_id`,`lat`,`lng`) VALUES (336,'Mühlweg 18, 99091 Erfurt',NULL,NULL,75,51.01887400,11.00823200);
INSERT INTO `location` (`id`,`street`,`housenumber`,`postcode`,`city_id`,`lat`,`lng`) VALUES (337,'Münchener Str. 100, 45145 Essen',NULL,NULL,76,51.44745300,6.98851900);
INSERT INTO `location` (`id`,`street`,`housenumber`,`postcode`,`city_id`,`lat`,`lng`) VALUES (338,'Münchener Straße 100 C, 45145 Essen',NULL,NULL,76,51.44745800,6.98853000);
INSERT INTO `location` (`id`,`street`,`housenumber`,`postcode`,`city_id`,`lat`,`lng`) VALUES (339,'Nationwide',NULL,NULL,194,NULL,NULL);
INSERT INTO `location` (`id`,`street`,`housenumber`,`postcode`,`city_id`,`lat`,`lng`) VALUES (340,'Niederkasseler Straße 9, 51147 Köln',NULL,NULL,147,50.84145900,7.10428900);
INSERT INTO `location` (`id`,`street`,`housenumber`,`postcode`,`city_id`,`lat`,`lng`) VALUES (341,'No.33/49, Strand Condo, Unit 05,7th Floor, Mahabandoola Garden Street, Kyauktada Township, Yangon-My',NULL,NULL,282,16.77114200,96.16011500);
INSERT INTO `location` (`id`,`street`,`housenumber`,`postcode`,`city_id`,`lat`,`lng`) VALUES (342,'Nürnberger Str. 38, 95448 Bayreuth',NULL,NULL,16,49.93364900,11.59339600);
INSERT INTO `location` (`id`,`street`,`housenumber`,`postcode`,`city_id`,`lat`,`lng`) VALUES (343,'Obere Hillegosser Str. 35, 33699 Bielefeld',NULL,NULL,23,51.99736700,8.61248200);
INSERT INTO `location` (`id`,`street`,`housenumber`,`postcode`,`city_id`,`lat`,`lng`) VALUES (344,'P.O. Box 734, 79702',NULL,NULL,183,31.99708700,-102.07373800);
INSERT INTO `location` (`id`,`street`,`housenumber`,`postcode`,`city_id`,`lat`,`lng`) VALUES (345,'PH Latorraca - Calle',NULL,NULL,51,8.99611200,-79.50604000);
INSERT INTO `location` (`id`,`street`,`housenumber`,`postcode`,`city_id`,`lat`,`lng`) VALUES (346,'Pohlstr 20, 10785 Berlin',NULL,NULL,20,52.50055000,13.36781400);
INSERT INTO `location` (`id`,`street`,`housenumber`,`postcode`,`city_id`,`lat`,`lng`) VALUES (347,'Pondok Indah Plaza 3, No. §-11, Jalan TB Simatupang',NULL,NULL,135,-6.28367200,106.77494400);
INSERT INTO `location` (`id`,`street`,`housenumber`,`postcode`,`city_id`,`lat`,`lng`) VALUES (348,'R AUXILIADORA 215, SL 301 ,AUXILIADORA, PORTO ALEGRE, RS. CEP: 90450-120',NULL,NULL,217,-30.02115400,-51.19130300);
INSERT INTO `location` (`id`,`street`,`housenumber`,`postcode`,`city_id`,`lat`,`lng`) VALUES (349,'R CORINTA ROSAS 95, SL 301/302 ,TORRE, JOAO PESSOA, PB. CEP: 58040-190',NULL,NULL,136,-7.12143100,-34.86597300);
INSERT INTO `location` (`id`,`street`,`housenumber`,`postcode`,`city_id`,`lat`,`lng`) VALUES (350,'R DNA MARGARIDA, 959 ,NAVEGANTES, PORTO ALEGRE, RS. CEP: 90240-611',NULL,NULL,217,-29.99995700,-51.19320600);
INSERT INTO `location` (`id`,`street`,`housenumber`,`postcode`,`city_id`,`lat`,`lng`) VALUES (351,'R LUIZ DE FARIAS BARBOSA, 150 ,BOA VIAGEM, RECIFE, PE. CEP: 51020-110',NULL,NULL,220,-8.10946500,-34.89750700);
INSERT INTO `location` (`id`,`street`,`housenumber`,`postcode`,`city_id`,`lat`,`lng`) VALUES (352,'R MONSENHOR CARNEIRO DA CUNHA 2750 ,ENGENHEIRO LUCIANO CAVALCANTE, FORTALEZA, CE. CEP: 60811-290','-3.776923','-38.487902',88,-3.7769122889893865,-38.487912728965696);
INSERT INTO `location` (`id`,`street`,`housenumber`,`postcode`,`city_id`,`lat`,`lng`) VALUES (353,'R OURO PRETO 337, 339 ,BARRO PRETO, BELO HORIZONTE, MG. CEP: 30170-040',NULL,NULL,19,-19.92086300,-43.94982800);
INSERT INTO `location` (`id`,`street`,`housenumber`,`postcode`,`city_id`,`lat`,`lng`) VALUES (354,'R SANTA MARIA 1000 ,RAMADA, GUAIBA, RS. CEP: 92500-000',NULL,NULL,110,-30.12219300,-51.35319700);
INSERT INTO `location` (`id`,`street`,`housenumber`,`postcode`,`city_id`,`lat`,`lng`) VALUES (355,'Richard-Taylor-Str.89, 28777 Bremen',NULL,NULL,31,53.20302200,8.53127800);
INSERT INTO `location` (`id`,`street`,`housenumber`,`postcode`,`city_id`,`lat`,`lng`) VALUES (356,'Ringstraße 45-69, 70736 Fellbach',NULL,NULL,83,48.82153300,9.27854600);
INSERT INTO `location` (`id`,`street`,`housenumber`,`postcode`,`city_id`,`lat`,`lng`) VALUES (357,'Robert-Bosch-Str. 1a, 50354 Hürth',NULL,NULL,128,50.88822100,6.90508000);
INSERT INTO `location` (`id`,`street`,`housenumber`,`postcode`,`city_id`,`lat`,`lng`) VALUES (358,'Rödgener Straße 61 – Gebäude 32, 35394 Gießen',NULL,NULL,100,50.59150100,8.72324700);
INSERT INTO `location` (`id`,`street`,`housenumber`,`postcode`,`city_id`,`lat`,`lng`) VALUES (359,'Roentgenstr. 30, 73730 Esslingen',NULL,NULL,77,48.72261500,9.35169900);
INSERT INTO `location` (`id`,`street`,`housenumber`,`postcode`,`city_id`,`lat`,`lng`) VALUES (360,'Rogätzer Str. 8, 39106 Magdeburg',NULL,NULL,174,52.14497200,11.65369600);
INSERT INTO `location` (`id`,`street`,`housenumber`,`postcode`,`city_id`,`lat`,`lng`) VALUES (361,'Rua Santa María, 1000, 92.500-000',NULL,NULL,111,-30.12149800,-51.35720300);
INSERT INTO `location` (`id`,`street`,`housenumber`,`postcode`,`city_id`,`lat`,`lng`) VALUES (362,'Rudolf-Diesel-Str. 9, 97267 Himmelstadt',NULL,NULL,121,49.92220100,9.81227000);
INSERT INTO `location` (`id`,`street`,`housenumber`,`postcode`,`city_id`,`lat`,`lng`) VALUES (363,'Saalestraße 36, 39126 Magdeburg',NULL,NULL,174,52.17153100,11.67014400);
INSERT INTO `location` (`id`,`street`,`housenumber`,`postcode`,`city_id`,`lat`,`lng`) VALUES (364,'Schlichtäcker 13, 74223 Flein',NULL,NULL,120,49.10044000,9.19190200);
INSERT INTO `location` (`id`,`street`,`housenumber`,`postcode`,`city_id`,`lat`,`lng`) VALUES (365,'Schlorumpfsweg 9, 30453 Hannover',NULL,NULL,117,52.35251700,9.70884700);
INSERT INTO `location` (`id`,`street`,`housenumber`,`postcode`,`city_id`,`lat`,`lng`) VALUES (366,'Schoretshuebstr. 23, 9015 St. Gallen',NULL,NULL,247,47.40510800,9.29266700);
INSERT INTO `location` (`id`,`street`,`housenumber`,`postcode`,`city_id`,`lat`,`lng`) VALUES (367,'Schweinauer Hauptstr. 38, 90441 Nürnberg',NULL,NULL,203,49.43333800,11.04658300);
INSERT INTO `location` (`id`,`street`,`housenumber`,`postcode`,`city_id`,`lat`,`lng`) VALUES (368,'Seekoppelweg 16, 24113 Kiel',NULL,NULL,143,54.29688900,10.08674700);
INSERT INTO `location` (`id`,`street`,`housenumber`,`postcode`,`city_id`,`lat`,`lng`) VALUES (369,'Selkamp 12, 44287 Dortmund',NULL,NULL,68,51.49992800,7.56789700);
INSERT INTO `location` (`id`,`street`,`housenumber`,`postcode`,`city_id`,`lat`,`lng`) VALUES (370,'Siegenbecker Str. 3a, 59071 Hamm',NULL,NULL,116,51.68212500,7.90807300);
INSERT INTO `location` (`id`,`street`,`housenumber`,`postcode`,`city_id`,`lat`,`lng`) VALUES (371,'Siemenssstraße 8, 93055 Regensburg',NULL,NULL,221,49.00592600,12.14336400);
INSERT INTO `location` (`id`,`street`,`housenumber`,`postcode`,`city_id`,`lat`,`lng`) VALUES (372,'Slamastr. 29, 1230 Wien',NULL,NULL,279,48.13670100,16.34173900);
INSERT INTO `location` (`id`,`street`,`housenumber`,`postcode`,`city_id`,`lat`,`lng`) VALUES (373,'SOF SUL, Q 06, CONJ B, LT 1/3 ,LOTE 13 L, BRASILIA, DF. CEP: 71215-232',NULL,NULL,30,-15.81857300,-47.95759600);
INSERT INTO `location` (`id`,`street`,`housenumber`,`postcode`,`city_id`,`lat`,`lng`) VALUES (374,'Storsätragränd 12 12739 Skärholmen',NULL,NULL,249,59.28080200,17.91769100);
INSERT INTO `location` (`id`,`street`,`housenumber`,`postcode`,`city_id`,`lat`,`lng`) VALUES (375,'Strohgäustr. 1, 73765 Neuhausen',NULL,NULL,195,48.68963900,9.26598000);
INSERT INTO `location` (`id`,`street`,`housenumber`,`postcode`,`city_id`,`lat`,`lng`) VALUES (376,'Theodor-Körner-Str. 30, 18106 Rostock',NULL,NULL,228,54.12422200,12.04214200);
INSERT INTO `location` (`id`,`street`,`housenumber`,`postcode`,`city_id`,`lat`,`lng`) VALUES (377,'Threapwood Road, Manchester, M22 0RR',NULL,NULL,176,53.37247500,-2.25288500);
INSERT INTO `location` (`id`,`street`,`housenumber`,`postcode`,`city_id`,`lat`,`lng`) VALUES (378,'ThyssenKrupp Allee 1, 45143 Essen',NULL,NULL,76,51.46242100,6.99244200);
INSERT INTO `location` (`id`,`street`,`housenumber`,`postcode`,`city_id`,`lat`,`lng`) VALUES (379,'Truderinger Str. 41, 81677 München',NULL,NULL,188,48.13641400,11.62941600);
INSERT INTO `location` (`id`,`street`,`housenumber`,`postcode`,`city_id`,`lat`,`lng`) VALUES (380,'Unit 2.01, Second Floor Bangunan electroscon, Lot 8, Jalan A',NULL,NULL,149,3.10503500,101.54456200);
INSERT INTO `location` (`id`,`street`,`housenumber`,`postcode`,`city_id`,`lat`,`lng`) VALUES (381,'Untertürkheimer Str. 35, 66117 Saarbrücken',NULL,NULL,231,49.21364600,6.97040800);
INSERT INTO `location` (`id`,`street`,`housenumber`,`postcode`,`city_id`,`lat`,`lng`) VALUES (382,'Vahrenwalder Straße 311, 30179 Hannover',NULL,NULL,117,52.41954800,9.72985900);
INSERT INTO `location` (`id`,`street`,`housenumber`,`postcode`,`city_id`,`lat`,`lng`) VALUES (383,'Van Utrechtweg 99',NULL,NULL,148,51.90952600,4.57538100);
INSERT INTO `location` (`id`,`street`,`housenumber`,`postcode`,`city_id`,`lat`,`lng`) VALUES (384,'Via A. Volta 16, 20093, Cologno Monzese (MI)',NULL,NULL,54,45.52472500,9.28509800);
INSERT INTO `location` (`id`,`street`,`housenumber`,`postcode`,`city_id`,`lat`,`lng`) VALUES (385,'Via Alessandro Volta 6, 20093, Cologno Monzese (Milano)',NULL,NULL,54,45.52554800,9.28269200);
INSERT INTO `location` (`id`,`street`,`housenumber`,`postcode`,`city_id`,`lat`,`lng`) VALUES (386,'Viale Fortore, 9, 71121 Foggia',NULL,NULL,85,41.47072200,15.55152200);
INSERT INTO `location` (`id`,`street`,`housenumber`,`postcode`,`city_id`,`lat`,`lng`) VALUES (387,'W229 N1420 Westwood Drive, 53186',NULL,NULL,271,43.04961600,-88.20365800);
INSERT INTO `location` (`id`,`street`,`housenumber`,`postcode`,`city_id`,`lat`,`lng`) VALUES (388,'Weipertstraße 37, 74076 Heilbronn',NULL,NULL,120,49.15120300,9.21588500);
INSERT INTO `location` (`id`,`street`,`housenumber`,`postcode`,`city_id`,`lat`,`lng`) VALUES (389,'Werdauer Straße 1-3, 01069 Dresden',NULL,NULL,70,51.03950100,13.71698900);
INSERT INTO `location` (`id`,`street`,`housenumber`,`postcode`,`city_id`,`lat`,`lng`) VALUES (390,'Werftstr. 112 - 114 , 24143 Kiel',NULL,NULL,143,54.31753300,10.15446300);
INSERT INTO `location` (`id`,`street`,`housenumber`,`postcode`,`city_id`,`lat`,`lng`) VALUES (391,'Werner-von-Siemens-Ring 8, 39116 Magdeburg',NULL,NULL,174,52.07977400,11.57638700);
INSERT INTO `location` (`id`,`street`,`housenumber`,`postcode`,`city_id`,`lat`,`lng`) VALUES (392,'Werner-von-Siemens-Str. 27, 76694 Forst',NULL,NULL,86,49.16263500,8.57299200);
INSERT INTO `location` (`id`,`street`,`housenumber`,`postcode`,`city_id`,`lat`,`lng`) VALUES (393,'Westfaliastraße 185, 44147 Dortmund',NULL,NULL,68,51.52105300,7.43729700);
INSERT INTO `location` (`id`,`street`,`housenumber`,`postcode`,`city_id`,`lat`,`lng`) VALUES (394,'Wiener Str. 193, 8051 Graz',NULL,NULL,106,47.08730900,15.41178700);
INSERT INTO `location` (`id`,`street`,`housenumber`,`postcode`,`city_id`,`lat`,`lng`) VALUES (395,'Woltersdorfer Strasse 40 14770 Brandenburg  Have',NULL,NULL,29,52.41097500,12.50023000);
INSERT INTO `location` (`id`,`street`,`housenumber`,`postcode`,`city_id`,`lat`,`lng`) VALUES (396,'Landesweit',NULL,NULL,76,51.46242100,6.99244200);
INSERT INTO `location` (`id`,`street`,`housenumber`,`postcode`,`city_id`,`lat`,`lng`) VALUES (397,'Lauterbachstrasse 81 84307 Eggenfelden',NULL,NULL,286,48.39917600,12.73780100);
INSERT INTO `location` (`id`,`street`,`housenumber`,`postcode`,`city_id`,`lat`,`lng`) VALUES (398,'K 12thF Century Star Mension No88 South Erhuan Road Xian PRChina',NULL,NULL,287,34.23185800,108.93917100);
INSERT INTO `location` (`id`,`street`,`housenumber`,`postcode`,`city_id`,`lat`,`lng`) VALUES (399,'No. 90,Taibai Road, Baoji City',NULL,NULL,287,34.06799300,107.31832800);
INSERT INTO `location` (`id`,`street`,`housenumber`,`postcode`,`city_id`,`lat`,`lng`) VALUES (400,'Room 1104, Building A, No.5 building, Pengbo Wealth Center ,No. 80 Baoguo road, Jintai district, Bao',NULL,NULL,287,34.38001900,107.14563800);
INSERT INTO `location` (`id`,`street`,`housenumber`,`postcode`,`city_id`,`lat`,`lng`) VALUES (401,'22/F, China Life Tower, No. 16 Chaoyangmenwai Avenue Chaoyang District, Beijing 100020, P.R. China',NULL,NULL,288,39.92397500,116.43951000);
INSERT INTO `location` (`id`,`street`,`housenumber`,`postcode`,`city_id`,`lat`,`lng`) VALUES (404,'A-7F,Xing Long International Building,18 Qi Nian Avenue',NULL,NULL,288,32.23910800,117.11539000);
INSERT INTO `location` (`id`,`street`,`housenumber`,`postcode`,`city_id`,`lat`,`lng`) VALUES (407,'Unit 6A, 22/F, China life Tower, No. 16, Chaoyangmenwai Avenue, Chaoyang District',NULL,NULL,288,39.92400000,116.43954200);
INSERT INTO `location` (`id`,`street`,`housenumber`,`postcode`,`city_id`,`lat`,`lng`) VALUES (408,'4477 Kunshan Road, Economic and Technological Development Zone, Changchun - China',NULL,NULL,289,43.85617700,125.41990400);
INSERT INTO `location` (`id`,`street`,`housenumber`,`postcode`,`city_id`,`lat`,`lng`) VALUES (409,'Rm 1803, Hengfeng International Mansion A, Fuzhi Road and Shengtai Street',NULL,NULL,289,43.78755100,125.37860200);
INSERT INTO `location` (`id`,`street`,`housenumber`,`postcode`,`city_id`,`lat`,`lng`) VALUES (410,'Rm 908,Wansheng Mension,No.6789 Yatai Street,Nanguan Dist',NULL,NULL,289,43.85045200,125.33750100);
INSERT INTO `location` (`id`,`street`,`housenumber`,`postcode`,`city_id`,`lat`,`lng`) VALUES (411,'Rm1803,HengfengInternational MansionA,Fuzhi and Shengtai RD',NULL,NULL,289,31.22967200,121.49168100);
INSERT INTO `location` (`id`,`street`,`housenumber`,`postcode`,`city_id`,`lat`,`lng`) VALUES (412,'Room 1803, Hengfeng International Mansion A, Fuzhi Road and Shengtai Street',NULL,NULL,289,31.22967200,121.49168100);
INSERT INTO `location` (`id`,`street`,`housenumber`,`postcode`,`city_id`,`lat`,`lng`) VALUES (413,'27th/F,No.569,Section 3 of Furong Middle Road,Yuhua District',NULL,NULL,290,28.18853400,112.98698600);
INSERT INTO `location` (`id`,`street`,`housenumber`,`postcode`,`city_id`,`lat`,`lng`) VALUES (414,'3rd Floor, Jinhu Innovation Center, No. 8 Taihu Middle Road, Changzhou City, Jiangsu Province',NULL,NULL,291,31.81663000,119.96507800);
INSERT INTO `location` (`id`,`street`,`housenumber`,`postcode`,`city_id`,`lat`,`lng`) VALUES (415,'No. 788, Huanghe West Road, Xinbei District',NULL,NULL,291,31.88375300,119.84086700);
INSERT INTO `location` (`id`,`street`,`housenumber`,`postcode`,`city_id`,`lat`,`lng`) VALUES (416,'Room 1004,Changcai Building,No. 61 Xiheng Street,Chanzhou',NULL,NULL,291,31.78452900,119.95162500);
INSERT INTO `location` (`id`,`street`,`housenumber`,`postcode`,`city_id`,`lat`,`lng`) VALUES (417,'No 229 South First Road, Chengdu, Sichuan',NULL,NULL,292,30.81190500,104.15008100);
INSERT INTO `location` (`id`,`street`,`housenumber`,`postcode`,`city_id`,`lat`,`lng`) VALUES (418,'Rm2-6-3,Oriental Plaza,No.11 Zidonglou Section,Dongda Street',NULL,NULL,292,30.64744600,104.08996600);
INSERT INTO `location` (`id`,`street`,`housenumber`,`postcode`,`city_id`,`lat`,`lng`) VALUES (419,'Room 2-6-3, Oriental Plaza Business Centre, No.11 Zidonglou Section, Dongda Street',NULL,NULL,292,30.65063200,104.08447600);
INSERT INTO `location` (`id`,`street`,`housenumber`,`postcode`,`city_id`,`lat`,`lng`) VALUES (420,'Building 4 of Military Administrative Zone,Wanzhou District',NULL,NULL,293,30.81463100,108.40514800);
INSERT INTO `location` (`id`,`street`,`housenumber`,`postcode`,`city_id`,`lat`,`lng`) VALUES (421,'Rm1328,Building A,City Plaza,No.39 Wusi Rd,Yuzhong District',NULL,NULL,293,29.55981900,106.57544900);
INSERT INTO `location` (`id`,`street`,`housenumber`,`postcode`,`city_id`,`lat`,`lng`) VALUES (422,'No.22, Taihe Street, Development Area, 116600 Dalian, China',NULL,NULL,294,39.05151300,121.79586500);
INSERT INTO `location` (`id`,`street`,`housenumber`,`postcode`,`city_id`,`lat`,`lng`) VALUES (423,'Room 1505, Jinguang Tower, No.89 Xinkai Road, Xigang District,Dalian, P.R.China',NULL,NULL,294,38.91722400,121.61667200);
INSERT INTO `location` (`id`,`street`,`housenumber`,`postcode`,`city_id`,`lat`,`lng`) VALUES (424,'Room 3001 3002 30  f Guozi innovation building No 6A Shahekou District union road Dalian',NULL,NULL,294,38.91365900,121.59325800);
INSERT INTO `location` (`id`,`street`,`housenumber`,`postcode`,`city_id`,`lat`,`lng`) VALUES (425,'16 floor, Shengde building, No.25 Xinda Road,  Dachuan District, Dazhou City',NULL,NULL,295,31.20365100,107.50601000);
INSERT INTO `location` (`id`,`street`,`housenumber`,`postcode`,`city_id`,`lat`,`lng`) VALUES (426,'Room 906, Kangbo esidence No9 , Dongfeng road, Economic development zone, Dezhou, Shandong Province,',NULL,NULL,296,37.42594100,116.38000400);
INSERT INTO `location` (`id`,`street`,`housenumber`,`postcode`,`city_id`,`lat`,`lng`) VALUES (427,'3-4-909,1st International Finance center,NO.200 Hongfu Rd,Dongguan,Guangzhou,P.R.China',NULL,NULL,297,23.11960600,113.32316900);
INSERT INTO `location` (`id`,`street`,`housenumber`,`postcode`,`city_id`,`lat`,`lng`) VALUES (429,'Room1701 Building B Wuwang Mansion Nanpu Road ECheng District EZhou Hubei Province',NULL,NULL,298,30.40046000,114.88575100);
INSERT INTO `location` (`id`,`street`,`housenumber`,`postcode`,`city_id`,`lat`,`lng`) VALUES (430,'Room 1801,Unit2,Buliding 7,Sunshine International, Yeting Road, Enshi City, Hubei Province',NULL,NULL,299,30.26781200,109.47509900);
INSERT INTO `location` (`id`,`street`,`housenumber`,`postcode`,`city_id`,`lat`,`lng`) VALUES (431,'Rm 2102,No.20 West Denghu Road,Guicheng street',NULL,NULL,300,23.11857600,113.28631600);
INSERT INTO `location` (`id`,`street`,`housenumber`,`postcode`,`city_id`,`lat`,`lng`) VALUES (432,'Room 719, 7F, Block E, Sino-European Services Center, No. 2 Lingnan Avenue South,Lecong Town, Shunde',NULL,NULL,300,22.95503400,113.12340200);
INSERT INTO `location` (`id`,`street`,`housenumber`,`postcode`,`city_id`,`lat`,`lng`) VALUES (433,'RoomB1002,Haifeng Century Square,Yidaohe Road,Yingzhou District,Fuyang,Anhui Province',NULL,NULL,301,32.88991700,115.76147700);
INSERT INTO `location` (`id`,`street`,`housenumber`,`postcode`,`city_id`,`lat`,`lng`) VALUES (434,'B1B2 14F Fujian Oriental Hotel No96 East Road',NULL,NULL,302,23.13507000,113.33362100);
INSERT INTO `location` (`id`,`street`,`housenumber`,`postcode`,`city_id`,`lat`,`lng`) VALUES (435,'Room 101, Building 18, Jin An Community, No.398 Donglin Road, Fuzhou, Jiangxi',NULL,NULL,303,28.21731100,116.57701100);
INSERT INTO `location` (`id`,`street`,`housenumber`,`postcode`,`city_id`,`lat`,`lng`) VALUES (436,'23C,Gaosheng Mansion No.109 Sports West Rd.Tianhe District',NULL,NULL,304,23.13034200,113.33793900);
INSERT INTO `location` (`id`,`street`,`housenumber`,`postcode`,`city_id`,`lat`,`lng`) VALUES (437,'CD 23th/C, Gaosheng Mansion,Tiyu West Road, Guangzhou, P.R.China',NULL,NULL,304,23.13455000,113.32149000);
INSERT INTO `location` (`id`,`street`,`housenumber`,`postcode`,`city_id`,`lat`,`lng`) VALUES (438,'Century Road, Torch High-Tech Industrial Development Zone Zhongshan 528437, Guangdong',NULL,NULL,304,22.55794100,113.46251400);
INSERT INTO `location` (`id`,`street`,`housenumber`,`postcode`,`city_id`,`lat`,`lng`) VALUES (439,'D, 17th Floor, Gaosheng Mansion, Tiyu West Road',NULL,NULL,304,23.13450100,113.32146800);
INSERT INTO `location` (`id`,`street`,`housenumber`,`postcode`,`city_id`,`lat`,`lng`) VALUES (440,'23F-A,Fuzhong International Plaza,Xinhua Road',NULL,NULL,305,26.56703700,106.71890500);
INSERT INTO `location` (`id`,`street`,`housenumber`,`postcode`,`city_id`,`lat`,`lng`) VALUES (441,'23F-A,Fuzhong International Plaza,Xinhua Road',NULL,NULL,305,26.56703700,106.71890500);
INSERT INTO `location` (`id`,`street`,`housenumber`,`postcode`,`city_id`,`lat`,`lng`) VALUES (443,'Room 1, Floor 41,Building 2 Union Square, No.58 Bijie Road, Gaoxin Zone, Guiyang City, Guizhou Provi',NULL,NULL,305,26.63765600,106.79693900);
INSERT INTO `location` (`id`,`street`,`housenumber`,`postcode`,`city_id`,`lat`,`lng`) VALUES (444,'20F,CNC Plaza No.76 Minyi Street,Nangang District',NULL,NULL,306,45.77119000,126.66829100);
INSERT INTO `location` (`id`,`street`,`housenumber`,`postcode`,`city_id`,`lat`,`lng`) VALUES (445,'Rm 1601,16/F,Building A,Haishangyinzuo,6 Shanghai Street, Daoli District, Harbin , Heilongjiang',NULL,NULL,306,45.76538400,126.59875800);
INSERT INTO `location` (`id`,`street`,`housenumber`,`postcode`,`city_id`,`lat`,`lng`) VALUES (446,'8-803,Zhonghuan International Plaza,No.77 Binhai Avenue',NULL,NULL,307,39.00371600,117.70862200);
INSERT INTO `location` (`id`,`street`,`housenumber`,`postcode`,`city_id`,`lat`,`lng`) VALUES (447,'Room 1701, Fortune Center, No38, Datong Road, Longhua District, Haikou City, Hainan Province',NULL,NULL,307,20.03255900,110.33993600);
INSERT INTO `location` (`id`,`street`,`housenumber`,`postcode`,`city_id`,`lat`,`lng`) VALUES (449,'Room 19G,Beijing mansion ,No.56 Guomao Road',NULL,NULL,307,39.91030700,116.45914600);
INSERT INTO `location` (`id`,`street`,`housenumber`,`postcode`,`city_id`,`lat`,`lng`) VALUES (450,'27F,Grand Milea Hotel,No.56 TiYu North Street,Changan Dist',NULL,NULL,308,38.05049600,114.53205100);
INSERT INTO `location` (`id`,`street`,`housenumber`,`postcode`,`city_id`,`lat`,`lng`) VALUES (452,'Room 508, Building A , Huanglong times square, No.18  Wantang Road, Hangzhou,Zhejiang',NULL,NULL,309,30.27927600,120.12403400);
INSERT INTO `location` (`id`,`street`,`housenumber`,`postcode`,`city_id`,`lat`,`lng`) VALUES (453,'Room 602,Villa A,Hanshuimingcheng, Xixin street,Hantai District,Hanzhong city, Shanxi Province',NULL,NULL,310,33.07146100,107.00532700);
INSERT INTO `location` (`id`,`street`,`housenumber`,`postcode`,`city_id`,`lat`,`lng`) VALUES (454,'10 FloorRm1006Jiayi Oriental Pearl BuildingMuye District',NULL,NULL,311,31.24002000,121.50025800);
INSERT INTO `location` (`id`,`street`,`housenumber`,`postcode`,`city_id`,`lat`,`lng`) VALUES (456,'Villa B, Meishan Hotel, No. 125 Meishan Rd, Shushan District Hefei,Anhui,China',NULL,NULL,312,31.85349600,117.26599000);
INSERT INTO `location` (`id`,`street`,`housenumber`,`postcode`,`city_id`,`lat`,`lng`) VALUES (458,'Rm 1503,1504, 15F,Jinyu international F, Jinyu Xintiandi, ordos street, Yuquan district, Hohhot',NULL,NULL,313,40.75447100,111.67370200);
INSERT INTO `location` (`id`,`street`,`housenumber`,`postcode`,`city_id`,`lat`,`lng`) VALUES (459,'Rm1801TianHe MansionNo48 Xilin North RoadXincheng Dist',NULL,NULL,313,40.83392100,111.66017400);
INSERT INTO `location` (`id`,`street`,`housenumber`,`postcode`,`city_id`,`lat`,`lng`) VALUES (461,'Room 1503,1504, 15F,Jinyu international F, Jinyu Xintiandi, ordos street, Yuquan district, Hohhot, I',NULL,NULL,313,40.79148300,111.65980900);
INSERT INTO `location` (`id`,`street`,`housenumber`,`postcode`,`city_id`,`lat`,`lng`) VALUES (462,'Rm603 6th/F,Building A,No.1 Dongjiang 2nd Road',NULL,NULL,314,40.79146700,111.65978800);
INSERT INTO `location` (`id`,`street`,`housenumber`,`postcode`,`city_id`,`lat`,`lng`) VALUES (463,'Room 1201, B building Fuli likong center apartment, NO.1 dongjiang 2th Rd, Jiangbei HuiZhou',NULL,NULL,314,23.11680100,114.41607600);
INSERT INTO `location` (`id`,`street`,`housenumber`,`postcode`,`city_id`,`lat`,`lng`) VALUES (465,'Intersection of Renmin Road and East Ring Road, Jiaozuo City, Henan Province',NULL,NULL,315,34.97923800,113.17015900);
INSERT INTO `location` (`id`,`street`,`housenumber`,`postcode`,`city_id`,`lat`,`lng`) VALUES (466,'Room 803, 1# Building, RongTong Business Center, No.505 WenQiao Road,  Nanhu District, Jiaxing City',NULL,NULL,316,30.73294300,120.75598400);
INSERT INTO `location` (`id`,`street`,`housenumber`,`postcode`,`city_id`,`lat`,`lng`) VALUES (467,'',NULL,NULL,317,NULL,NULL);
INSERT INTO `location` (`id`,`street`,`housenumber`,`postcode`,`city_id`,`lat`,`lng`) VALUES (468,'A-Rm623,Yinhe Mansion,No.2008,Xinluo Avenue,Gaoxin District',NULL,NULL,317,26.63765600,106.79693900);
INSERT INTO `location` (`id`,`street`,`housenumber`,`postcode`,`city_id`,`lat`,`lng`) VALUES (472,'BC area, 25th,Block1 Xinsheng Mansion, No.1299,Xinluo Avenue, Gaoxin Zone,Jinan Shandong ,China',NULL,NULL,317,36.68158300,117.12758600);
INSERT INTO `location` (`id`,`street`,`housenumber`,`postcode`,`city_id`,`lat`,`lng`) VALUES (473,'Times Square, Zhongjie Street, Jingan County, Yichun City, Jiangxi Province',NULL,NULL,318,28.86493000,115.36265900);
INSERT INTO `location` (`id`,`street`,`housenumber`,`postcode`,`city_id`,`lat`,`lng`) VALUES (474,'No. 1-1605, building A2, Jingzhou Modern city, east of tower bridge, Shashi area, Jingzhou City, Hub',NULL,NULL,319,30.35228400,112.34630000);
INSERT INTO `location` (`id`,`street`,`housenumber`,`postcode`,`city_id`,`lat`,`lng`) VALUES (476,'Room 1308,huijin International 118 bayi North street  , Jinhua 321000. P.R. China',NULL,NULL,320,29.10108100,119.64913300);
INSERT INTO `location` (`id`,`street`,`housenumber`,`postcode`,`city_id`,`lat`,`lng`) VALUES (477,'Room1607, Xingtangjinmao Mansion,No.123 Guanghe Road ,Shizhong District,Jining',NULL,NULL,321,35.42037900,116.59957500);
INSERT INTO `location` (`id`,`street`,`housenumber`,`postcode`,`city_id`,`lat`,`lng`) VALUES (479,'Dongfanghaoting community 3-90, Shifu Road, Taihe District Jinzhou P.R. China',NULL,NULL,322,35.42036100,116.59959600);
INSERT INTO `location` (`id`,`street`,`housenumber`,`postcode`,`city_id`,`lat`,`lng`) VALUES (481,'Room J, 8 / F, Shun Hua International Business Centre, 280 Changhong Avenue, Jiujiang, Jiangxi.',NULL,NULL,323,29.70036000,115.99751000);
INSERT INTO `location` (`id`,`street`,`housenumber`,`postcode`,`city_id`,`lat`,`lng`) VALUES (482,'6F-B,Junfa Center,No. 987 Beijing Rd.,Kunming',NULL,NULL,324,25.06329200,102.72307600);
INSERT INTO `location` (`id`,`street`,`housenumber`,`postcode`,`city_id`,`lat`,`lng`) VALUES (484,'Room 2701, Floor 27, A6 Block of Tongde Square Office Building, No. 928 Beijing Road',NULL,NULL,324,23.12400600,113.26898600);
INSERT INTO `location` (`id`,`street`,`housenumber`,`postcode`,`city_id`,`lat`,`lng`) VALUES (485,'Room 1102,modern square ,weiye road No.18  of  kunshan  jiangsu 215300,P.R.C China',NULL,NULL,325,31.34819500,120.97087500);
INSERT INTO `location` (`id`,`street`,`housenumber`,`postcode`,`city_id`,`lat`,`lng`) VALUES (486,'Rm 909,Unit 1, Building F,Golf Garden, Aili Maple Society,Jinyuan Rd, Open Economic Zone',NULL,NULL,326,37.71688500,112.47685800);
INSERT INTO `location` (`id`,`street`,`housenumber`,`postcode`,`city_id`,`lat`,`lng`) VALUES (487,'Room 1702, China Post Mansion, No.2 Jiuquan Road, Chengguan Block, Lanzhou Province, P.R.China',NULL,NULL,327,36.04596300,103.82683300);
INSERT INTO `location` (`id`,`street`,`housenumber`,`postcode`,`city_id`,`lat`,`lng`) VALUES (488,'Room 1702,China Post Mansion,No.2.Jiuquan Road',NULL,NULL,327,39.73444700,98.49483300);
INSERT INTO `location` (`id`,`street`,`housenumber`,`postcode`,`city_id`,`lat`,`lng`) VALUES (489,'No.18 Jian Zi Shan xiang,the Central District,Leshan,Sichuan,China.',NULL,NULL,328,29.55716100,103.76634100);
INSERT INTO `location` (`id`,`street`,`housenumber`,`postcode`,`city_id`,`lat`,`lng`) VALUES (490,'501, Block B, Bayi North Road, Chengguan District, Lhasa City, Tibet Autonomous Region',NULL,NULL,329,29.65829000,91.07115900);
INSERT INTO `location` (`id`,`street`,`housenumber`,`postcode`,`city_id`,`lat`,`lng`) VALUES (491,'No.8 6Floor, Block C, Jun Tai International, Liuwu New Area',NULL,NULL,329,NULL,NULL);
INSERT INTO `location` (`id`,`street`,`housenumber`,`postcode`,`city_id`,`lat`,`lng`) VALUES (492,'Room 702 ,Building A, Bayi International Square, No.18,middle of Luodui Road, Chengguan District, Lh',NULL,NULL,329,29.56321100,91.03056400);
INSERT INTO `location` (`id`,`street`,`housenumber`,`postcode`,`city_id`,`lat`,`lng`) VALUES (494,'Room 1301 Investment Building A,No.72,East Tanzhong Road, Liuzhou, Guangxi Province',NULL,NULL,330,24.33591500,109.36854900);
INSERT INTO `location` (`id`,`street`,`housenumber`,`postcode`,`city_id`,`lat`,`lng`) VALUES (495,'28 Floor,Block D,World Trade Center,Kaiyuan Rd.,Luolong Dist',NULL,NULL,331,34.61783700,112.45248300);
INSERT INTO `location` (`id`,`street`,`housenumber`,`postcode`,`city_id`,`lat`,`lng`) VALUES (496,'9th/F,Jiale Square Building,Section 1 of Binjiang Road',NULL,NULL,332,28.89463200,105.44826400);
INSERT INTO `location` (`id`,`street`,`housenumber`,`postcode`,`city_id`,`lat`,`lng`) VALUES (498,'Rm 1202, Building 9, Jiale Century City, Section 4 of Jiucheng Road, Jiangyang District',NULL,NULL,332,28.87930600,105.45364200);
INSERT INTO `location` (`id`,`street`,`housenumber`,`postcode`,`city_id`,`lat`,`lng`) VALUES (500,'Room 1202, Building 9, Jiale Century City, Section 4 of Jiucheng Road, Jiangyang District',NULL,NULL,332,28.87930600,105.45364200);
INSERT INTO `location` (`id`,`street`,`housenumber`,`postcode`,`city_id`,`lat`,`lng`) VALUES (501,'No.16-20 main building of Golden Triangle, No. 40 of Lin Yuan Road',NULL,NULL,333,36.66101800,117.10326400);
INSERT INTO `location` (`id`,`street`,`housenumber`,`postcode`,`city_id`,`lat`,`lng`) VALUES (503,'Multi',NULL,NULL,334,NULL,NULL);
INSERT INTO `location` (`id`,`street`,`housenumber`,`postcode`,`city_id`,`lat`,`lng`) VALUES (504,'BLK C 12F,DingFeng CTR BLDG,No1368HongGu Central AVE',NULL,NULL,335,36.34879800,102.84919100);
INSERT INTO `location` (`id`,`street`,`housenumber`,`postcode`,`city_id`,`lat`,`lng`) VALUES (505,'F9 block B Xinghehui Center 1333 Fenghezhong Road Honggutan New District Nanchang',NULL,NULL,335,28.68567600,115.85837500);
INSERT INTO `location` (`id`,`street`,`housenumber`,`postcode`,`city_id`,`lat`,`lng`) VALUES (506,'Room 1106, HonglingJialing Center, No.78 Bingjiang South road, Jiangling district, Nachong, Sichuan',NULL,NULL,336,30.83868700,106.11076200);
INSERT INTO `location` (`id`,`street`,`housenumber`,`postcode`,`city_id`,`lat`,`lng`) VALUES (511,'11F,Building 2,Guorui Mansion,No.359,Jiangdong Middle Road, Nanjing, P.R.China',NULL,NULL,337,31.99178100,118.72008000);
INSERT INTO `location` (`id`,`street`,`housenumber`,`postcode`,`city_id`,`lat`,`lng`) VALUES (512,'No.9 Jianheng Road, Jiangning District, Nanjing',NULL,NULL,337,31.95629400,118.91210700);
INSERT INTO `location` (`id`,`street`,`housenumber`,`postcode`,`city_id`,`lat`,`lng`) VALUES (513,'Rm 1211,Mordern City,No.63,Jinhu Road,Qingxiu District',NULL,NULL,338,22.82185400,108.37257500);
INSERT INTO `location` (`id`,`street`,`housenumber`,`postcode`,`city_id`,`lat`,`lng`) VALUES (514,'Rm 1819, 18/F, BLDG 1, Wuxiang Hangyang city, 401 Wuxiang Rd, Liangqing DIST, Nanning , Guangxi Prov',NULL,NULL,338,22.73543100,108.32656800);
INSERT INTO `location` (`id`,`street`,`housenumber`,`postcode`,`city_id`,`lat`,`lng`) VALUES (515,'Rm 509 &1209,No.2 Building,The Industrial Technology Institute,No.58 Chongchuan RD,',NULL,NULL,339,31.97756900,120.90545500);
INSERT INTO `location` (`id`,`street`,`housenumber`,`postcode`,`city_id`,`lat`,`lng`) VALUES (516,'Room 509 &1209 , No.2 Building, The Industrial Technology Institute , No.58 Chongchuan RD',NULL,NULL,339,31.97756900,120.90545500);
INSERT INTO `location` (`id`,`street`,`housenumber`,`postcode`,`city_id`,`lat`,`lng`) VALUES (517,'Rm 1117, 11/F, B Building, Jianye Triumph Plaza, Kongming Rd, Wancheng District, Nanyang , Henan',NULL,NULL,340,32.99521500,112.57622000);
INSERT INTO `location` (`id`,`street`,`housenumber`,`postcode`,`city_id`,`lat`,`lng`) VALUES (518,'5th/F,Building 7,Section B of R&D Park, No.999 Yangfan Road',NULL,NULL,341,30.74264000,117.57927400);
INSERT INTO `location` (`id`,`street`,`housenumber`,`postcode`,`city_id`,`lat`,`lng`) VALUES (519,'14-F Jinou Plaza, No.461 East of Panzhihua Road,Panzhihua',NULL,NULL,342,23.84047700,101.72716500);
INSERT INTO `location` (`id`,`street`,`housenumber`,`postcode`,`city_id`,`lat`,`lng`) VALUES (520,'No.695 Jianye Road, Pudong District',NULL,NULL,343,31.21262800,121.69604500);
INSERT INTO `location` (`id`,`street`,`housenumber`,`postcode`,`city_id`,`lat`,`lng`) VALUES (521,'Room 1716 # 1,Tongluowan District, North-west Peoples Road and Kai Zhou road, Puyang, Henan',NULL,NULL,344,35.76583500,115.02634000);
INSERT INTO `location` (`id`,`street`,`housenumber`,`postcode`,`city_id`,`lat`,`lng`) VALUES (522,'No 637 Guangda Road, HUANGDAO District, Qingdao, Shandong Province',NULL,NULL,345,35.90123600,119.99606400);
INSERT INTO `location` (`id`,`street`,`housenumber`,`postcode`,`city_id`,`lat`,`lng`) VALUES (523,'Room 1-1, Huayin Mansion, No.5 Armor of West Donghai Road, Shinan District, Qingdao',NULL,NULL,345,36.05423600,120.36699400);
INSERT INTO `location` (`id`,`street`,`housenumber`,`postcode`,`city_id`,`lat`,`lng`) VALUES (524,'B36,Villa District,Hongzhou Times Coast,No.2 Yuya Rd',NULL,NULL,346,18.23400500,109.51323700);
INSERT INTO `location` (`id`,`street`,`housenumber`,`postcode`,`city_id`,`lat`,`lng`) VALUES (525,'Rm601,Unit A,Phase II commercial and residential building,Jiabao garden,Fenghuang Rd,Jiyang,Sanya',NULL,NULL,346,18.25239500,109.52227200);
INSERT INTO `location` (`id`,`street`,`housenumber`,`postcode`,`city_id`,`lat`,`lng`) VALUES (526,'122 Gangmao Road, Shanghai',NULL,NULL,347,30.86907100,121.87566400);
INSERT INTO `location` (`id`,`street`,`housenumber`,`postcode`,`city_id`,`lat`,`lng`) VALUES (527,'1900 Shenjiang Road, Shanghai',NULL,NULL,347,31.26853600,121.62416100);
INSERT INTO `location` (`id`,`street`,`housenumber`,`postcode`,`city_id`,`lat`,`lng`) VALUES (530,'25th/F, Hitech Plaza, No.518 Wuning South Road, Shanghai, P.R.China',NULL,NULL,347,31.23370000,121.43115100);
INSERT INTO `location` (`id`,`street`,`housenumber`,`postcode`,`city_id`,`lat`,`lng`) VALUES (535,'328 Xinteng Road, Songjiang Industrial District',NULL,NULL,347,31.05450600,121.28285600);
INSERT INTO `location` (`id`,`street`,`housenumber`,`postcode`,`city_id`,`lat`,`lng`) VALUES (536,'No. 2 Xunye Rd. Songjiang Industrial Area',NULL,NULL,347,31.12326900,121.19690000);
INSERT INTO `location` (`id`,`street`,`housenumber`,`postcode`,`city_id`,`lat`,`lng`) VALUES (539,'No. 333 Changye Road, Songjiang Industrial Area',NULL,NULL,347,31.13161500,121.18831800);
INSERT INTO `location` (`id`,`street`,`housenumber`,`postcode`,`city_id`,`lat`,`lng`) VALUES (540,'No.2 Xunye Road, Sheshan Subarea, Songjiang Industrial Area, Songjiang, P.R.China',NULL,NULL,347,31.12219900,121.19340400);
INSERT INTO `location` (`id`,`street`,`housenumber`,`postcode`,`city_id`,`lat`,`lng`) VALUES (543,'No.279,Qiangye Rd,Sheshan Industrial Area,Songjiang District',NULL,NULL,347,31.12219900,121.19340400);
INSERT INTO `location` (`id`,`street`,`housenumber`,`postcode`,`city_id`,`lat`,`lng`) VALUES (544,'Room 3012, Building Wugui?Wanda Plaza, Shangrao, Jiangxi',NULL,NULL,348,28.45795500,117.94235000);
INSERT INTO `location` (`id`,`street`,`housenumber`,`postcode`,`city_id`,`lat`,`lng`) VALUES (545,'Rm.1812 to Rm.1815, Building 1, Suning Plaza, No.90, Changping Road, Shantou City',NULL,NULL,349,23.36349300,116.67868000);
INSERT INTO `location` (`id`,`street`,`housenumber`,`postcode`,`city_id`,`lat`,`lng`) VALUES (546,'Rm1309,Tianji Center Office Area, No.379 Shengli East Road',NULL,NULL,350,39.35125300,117.35867500);
INSERT INTO `location` (`id`,`street`,`housenumber`,`postcode`,`city_id`,`lat`,`lng`) VALUES (547,'Room 1427, 3# Building, Golden Age Mansion, No.198 Xishi Shan Road, Yuecheng District',NULL,NULL,350,1.32560400,103.84650000);
INSERT INTO `location` (`id`,`street`,`housenumber`,`postcode`,`city_id`,`lat`,`lng`) VALUES (548,'602 Floor LEI HONG PLAZA,11 Chongshan East Road, Huanggu District Shenyang P.R. China',NULL,NULL,351,41.83338800,123.45755500);
INSERT INTO `location` (`id`,`street`,`housenumber`,`postcode`,`city_id`,`lat`,`lng`) VALUES (550,'A-6F,Rongxing Mansion,No.10-1,Hunnan 2nd Rd,Hunnan New Dist.',NULL,NULL,351,41.74831600,123.46639800);
INSERT INTO `location` (`id`,`street`,`housenumber`,`postcode`,`city_id`,`lat`,`lng`) VALUES (551,'Shennan Middle Road','1019',null,352,22.5405830388563,114.103242762527);
INSERT INTO `location` (`id`,`street`,`housenumber`,`postcode`,`city_id`,`lat`,`lng`) VALUES (555,'9-6,Building B, Mingri Century garden, Milky 2 Road, Yongqiao District, Suzhou City, Anhui Province.',NULL,NULL,354,NULL,NULL);
INSERT INTO `location` (`id`,`street`,`housenumber`,`postcode`,`city_id`,`lat`,`lng`) VALUES (556,'Building 2A, EPZ A No. 200 Suhong middle road, Suzhou Industrial Park,Jiangsu',NULL,NULL,354,NULL,NULL);
INSERT INTO `location` (`id`,`street`,`housenumber`,`postcode`,`city_id`,`lat`,`lng`) VALUES (558,'Room 401,B Block, 24 House, Yuanrong Times Square',NULL,NULL,354,NULL,NULL);
INSERT INTO `location` (`id`,`street`,`housenumber`,`postcode`,`city_id`,`lat`,`lng`) VALUES (561,'Room 402,Unit 4, Bldg. 2, Sanli Districe, Taian, Shandong',NULL,NULL,356,NULL,NULL);
INSERT INTO `location` (`id`,`street`,`housenumber`,`postcode`,`city_id`,`lat`,`lng`) VALUES (562,'East &South Section 10th/F, News Mansion ,No.78 Xinjian Rd ,Taiyuan Shanxi, China',NULL,NULL,357,NULL,NULL);
INSERT INTO `location` (`id`,`street`,`housenumber`,`postcode`,`city_id`,`lat`,`lng`) VALUES (566,'Room1921,FangyuanCommerce Mansion,Jiaojiang District',NULL,NULL,358,NULL,NULL);
INSERT INTO `location` (`id`,`street`,`housenumber`,`postcode`,`city_id`,`lat`,`lng`) VALUES (567,'Rm 1418,Expo Mansion,No.2 West Xinhua Street,Lunan District',NULL,NULL,359,NULL,NULL);
INSERT INTO `location` (`id`,`street`,`housenumber`,`postcode`,`city_id`,`lat`,`lng`) VALUES (568,'Rm 1806,financial building,18-A north of Xiangyun Road,west of Xueyuan Rd.',NULL,NULL,359,NULL,NULL);
INSERT INTO `location` (`id`,`street`,`housenumber`,`postcode`,`city_id`,`lat`,`lng`) VALUES (569,'Room 1806, financial building, A block 18, north of Xiangyun Road, west of Xueyuan Road,',NULL,NULL,359,NULL,NULL);
INSERT INTO `location` (`id`,`street`,`housenumber`,`postcode`,`city_id`,`lat`,`lng`) VALUES (570,'18E, The Int. Development Building No.2 Dongting Road, TEDA',NULL,NULL,360,NULL,NULL);
INSERT INTO `location` (`id`,`street`,`housenumber`,`postcode`,`city_id`,`lat`,`lng`) VALUES (571,'A2102-A2104 Future Plaza,No.103 Weidi Road,Hexi District',NULL,NULL,360,39.09742300,117.20932700);
INSERT INTO `location` (`id`,`street`,`housenumber`,`postcode`,`city_id`,`lat`,`lng`) VALUES (572,'B7 Future Plaza, No. 103 Weidi Road, Hexi District, Tianjin City',NULL,NULL,360,39.09742300,117.20932700);
INSERT INTO `location` (`id`,`street`,`housenumber`,`postcode`,`city_id`,`lat`,`lng`) VALUES (573,'Room 621,Science Mansion,No.458 Northwest Rd. Urumqi',NULL,NULL,361,NULL,NULL);
INSERT INTO `location` (`id`,`street`,`housenumber`,`postcode`,`city_id`,`lat`,`lng`) VALUES (574,'Building 4 of Military Administrative Zone,Wanzhou District',NULL,NULL,362,NULL,NULL);
INSERT INTO `location` (`id`,`street`,`housenumber`,`postcode`,`city_id`,`lat`,`lng`) VALUES (575,'The 4th Floor of  Military Administrative Zone,74 of Baiyanshuyuan Road,Wanzhou,Chongqing',NULL,NULL,362,NULL,NULL);
INSERT INTO `location` (`id`,`street`,`housenumber`,`postcode`,`city_id`,`lat`,`lng`) VALUES (576,'High-tech Development Zone JianKang Eastern Street ,No.9969 Building A ?High-tech District Weifang N',NULL,NULL,363,NULL,NULL);
INSERT INTO `location` (`id`,`street`,`housenumber`,`postcode`,`city_id`,`lat`,`lng`) VALUES (577,'Room 1603,Block E,Financial Street,Kuiwen District',NULL,NULL,363,NULL,NULL);
INSERT INTO `location` (`id`,`street`,`housenumber`,`postcode`,`city_id`,`lat`,`lng`) VALUES (578,'Room 601,Unit 2,B6 Building,Shangcheng uptown,Cangcheng Road,Weinan City',NULL,NULL,364,NULL,NULL);
INSERT INTO `location` (`id`,`street`,`housenumber`,`postcode`,`city_id`,`lat`,`lng`) VALUES (579,'A-801,New Century Business Building,No 198 Shang Jiang Rd.',NULL,NULL,365,NULL,NULL);
INSERT INTO `location` (`id`,`street`,`housenumber`,`postcode`,`city_id`,`lat`,`lng`) VALUES (580,'Wenzhou city Longwan district on River Road No. 198 new Century Commerce Building, A room 801-5',NULL,NULL,365,NULL,NULL);
INSERT INTO `location` (`id`,`street`,`housenumber`,`postcode`,`city_id`,`lat`,`lng`) VALUES (581,'Rm 2912,No.686 Jiefang Avenue,Jianghan District',NULL,NULL,366,NULL,NULL);
INSERT INTO `location` (`id`,`street`,`housenumber`,`postcode`,`city_id`,`lat`,`lng`) VALUES (582,'Room 2701, Guangfa Bank Building, No. 737 Jianshe Avenue, Jianghan District, Wuhan City, P.R. China',NULL,NULL,366,NULL,NULL);
INSERT INTO `location` (`id`,`street`,`housenumber`,`postcode`,`city_id`,`lat`,`lng`) VALUES (584,'7 Floor ,South Building, Hailuo International Hotel,No.36 Wenhua Road, Jinghu District',NULL,NULL,367,NULL,NULL);
INSERT INTO `location` (`id`,`street`,`housenumber`,`postcode`,`city_id`,`lat`,`lng`) VALUES (586,'Rm808,Building A,Times Intl. Building,No.555 East Yunhe Rd.',NULL,NULL,368,NULL,NULL);
INSERT INTO `location` (`id`,`street`,`housenumber`,`postcode`,`city_id`,`lat`,`lng`) VALUES (587,'Room 1319, building B, Lihu science and technology innovation center, No. 11, Wuhu Avenue, Wuxi City',NULL,NULL,368,NULL,NULL);
INSERT INTO `location` (`id`,`street`,`housenumber`,`postcode`,`city_id`,`lat`,`lng`) VALUES (588,'19F-C&15F-C Jinshan Mansion,No.862 Xiahe Rd.',NULL,NULL,369,NULL,NULL);
INSERT INTO `location` (`id`,`street`,`housenumber`,`postcode`,`city_id`,`lat`,`lng`) VALUES (589,'Block E, Unit 401, Building 18, Phase 2, Guan Yin Shan Internatinal Operation Center, No. 68, Taidon',NULL,NULL,369,NULL,NULL);
INSERT INTO `location` (`id`,`street`,`housenumber`,`postcode`,`city_id`,`lat`,`lng`) VALUES (591,'Zone E,Unit 401 ,Building 18,No.68,Taidong Road, Siming District, Xiamen City',NULL,NULL,369,24.49730700,118.18996900);
INSERT INTO `location` (`id`,`street`,`housenumber`,`postcode`,`city_id`,`lat`,`lng`) VALUES (592,'16th F, SAGA Plaza, No 123 Chang An Zhong Road, Xian City',NULL,NULL,370,NULL,NULL);
INSERT INTO `location` (`id`,`street`,`housenumber`,`postcode`,`city_id`,`lat`,`lng`) VALUES (593,'F Stand, No. 3 Bonded Warehouse Xian EPZ',NULL,NULL,370,NULL,NULL);
INSERT INTO `location` (`id`,`street`,`housenumber`,`postcode`,`city_id`,`lat`,`lng`) VALUES (594,'Rm 05-08, 23F, Building B, Da Xia International Center, 355 Hui Xin Rd, Qu Jiang New District, Yan T',NULL,NULL,370,NULL,NULL);
INSERT INTO `location` (`id`,`street`,`housenumber`,`postcode`,`city_id`,`lat`,`lng`) VALUES (595,'Rm 05-08, 23F, Building B, Da Xia International Center, 355 Hui Xin Rd, Qu Jiang New District, Yan T',NULL,NULL,370,NULL,NULL);
INSERT INTO `location` (`id`,`street`,`housenumber`,`postcode`,`city_id`,`lat`,`lng`) VALUES (596,'Unit 1102, Building 13, Furong Jiayuan, 49 Renmin West Road, Xianyang City',NULL,NULL,371,NULL,NULL);
INSERT INTO `location` (`id`,`street`,`housenumber`,`postcode`,`city_id`,`lat`,`lng`) VALUES (597,'Room 2701, Guangfa Bank Building, No. 737 Jianshe Avenue, Jianghan District, Wuhan City, P.R. China',NULL,NULL,372,NULL,NULL);
INSERT INTO `location` (`id`,`street`,`housenumber`,`postcode`,`city_id`,`lat`,`lng`) VALUES (598,'Xichang park 2018 within 6 second unit 7 floor of no. 4',NULL,NULL,373,NULL,NULL);
INSERT INTO `location` (`id`,`street`,`housenumber`,`postcode`,`city_id`,`lat`,`lng`) VALUES (599,'Room 1902, Santian Century Plaza, No.42, West Street, Xining City, P.R.China',NULL,NULL,374,NULL,NULL);
INSERT INTO `location` (`id`,`street`,`housenumber`,`postcode`,`city_id`,`lat`,`lng`) VALUES (601,'10 FloorRm1006Jiayi Oriental Pearl BuildingMuye District',NULL,NULL,375,NULL,NULL);
INSERT INTO `location` (`id`,`street`,`housenumber`,`postcode`,`city_id`,`lat`,`lng`) VALUES (604,'Xinyang City, Henan Province',NULL,NULL,376,NULL,NULL);
INSERT INTO `location` (`id`,`street`,`housenumber`,`postcode`,`city_id`,`lat`,`lng`) VALUES (605,'No. 15, Luo Shan Road, Xuzhou Economic Development Zone',NULL,NULL,377,NULL,NULL);
INSERT INTO `location` (`id`,`street`,`housenumber`,`postcode`,`city_id`,`lat`,`lng`) VALUES (606,'Rm1601,HengMao Intl. Business Center,No.6 Xian North Rd.',NULL,NULL,377,NULL,NULL);
INSERT INTO `location` (`id`,`street`,`housenumber`,`postcode`,`city_id`,`lat`,`lng`) VALUES (607,'Room 1601/1622, Heng Mao Building, No.6 XiAn North Road, Xuzhou City',NULL,NULL,377,34.266090771561515,117.17597834262637);
INSERT INTO `location` (`id`,`street`,`housenumber`,`postcode`,`city_id`,`lat`,`lng`) VALUES (608,'Rm1105,Blue Sky International Mansion,No.59 Changjiang Road',NULL,NULL,378,NULL,NULL);
INSERT INTO `location` (`id`,`street`,`housenumber`,`postcode`,`city_id`,`lat`,`lng`) VALUES (609,'Rm608,Huaxin InternationalBusinessMansion,No.28ChangJiangRd.',NULL,NULL,378,NULL,NULL);
INSERT INTO `location` (`id`,`street`,`housenumber`,`postcode`,`city_id`,`lat`,`lng`) VALUES (610,'ChangJiang Road','28',null,378,36.0572033252474,120.310146093131);
INSERT INTO `location` (`id`,`street`,`housenumber`,`postcode`,`city_id`,`lat`,`lng`) VALUES (611,'C901,Yinchuan Intl. Trade Center,No.106 West Wenhua Street',NULL,NULL,379,NULL,NULL);
INSERT INTO `location` (`id`,`street`,`housenumber`,`postcode`,`city_id`,`lat`,`lng`) VALUES (612,'Room C901, Yinchuan International Trade Center, west Wenhua street Yinchuan City',NULL,NULL,379,NULL,NULL);
INSERT INTO `location` (`id`,`street`,`housenumber`,`postcode`,`city_id`,`lat`,`lng`) VALUES (613,'Room 1305, Kingsea International Plaza Changcheng Road',NULL,NULL,380,NULL,NULL);
INSERT INTO `location` (`id`,`street`,`housenumber`,`postcode`,`city_id`,`lat`,`lng`) VALUES (614,'A-416 Jianye Zongbu Gulf,Ruyi West Road,Dongfeng East Road',NULL,NULL,381,NULL,NULL);
INSERT INTO `location` (`id`,`street`,`housenumber`,`postcode`,`city_id`,`lat`,`lng`) VALUES (615,'Rm 02-06, 24/F, BLDG 1, Cultural Industry BLDG,  Intersection of Dongfeng South Rd and Shangding Rd,',NULL,NULL,381,NULL,NULL);
INSERT INTO `location` (`id`,`street`,`housenumber`,`postcode`,`city_id`,`lat`,`lng`) VALUES (616,'Rooms 02-06,24F,Block A,Culture Industry Building,intersection of Dongfeng South Road and Shang Ding',NULL,NULL,381,NULL,NULL);
INSERT INTO `location` (`id`,`street`,`housenumber`,`postcode`,`city_id`,`lat`,`lng`) VALUES (617,'Jinjiang Garden','248',NULL,382,32.17920316349589,119.50816290283606);
INSERT INTO `location` (`id`,`street`,`housenumber`,`postcode`,`city_id`,`lat`,`lng`) VALUES (618,'4F, No.11 Chengnan 2rd Rd. South District',NULL,NULL,383,NULL,NULL);
INSERT INTO `location` (`id`,`street`,`housenumber`,`postcode`,`city_id`,`lat`,`lng`) VALUES (619,'Chengnan 5 Rd., South District',NULL,NULL,383,NULL,NULL);
INSERT INTO `location` (`id`,`street`,`housenumber`,`postcode`,`city_id`,`lat`,`lng`) VALUES (621,'No.11 & 13, Maling Daxin Road, South District, Zhongshan 528455, Guangdong Province, China',NULL,NULL,383,22.53212300,113.38190400);
INSERT INTO `location` (`id`,`street`,`housenumber`,`postcode`,`city_id`,`lat`,`lng`) VALUES (625,'Torch High-tech Industrial Development Zone, Century Road',NULL,NULL,383,NULL,NULL);
INSERT INTO `location` (`id`,`street`,`housenumber`,`postcode`,`city_id`,`lat`,`lng`) VALUES (626,'N0.1 Coastal North Road,Jida District,Zhuhai City,Guangdong Province.',NULL,NULL,384,NULL,NULL);
INSERT INTO `location` (`id`,`street`,`housenumber`,`postcode`,`city_id`,`lat`,`lng`) VALUES (627,'Room 1207, 1 Hongshan Road, Sunshine Hotel, Xiangzhou District,?Zhuhai City?Guangdong Province',NULL,NULL,384,NULL,NULL);
INSERT INTO `location` (`id`,`street`,`housenumber`,`postcode`,`city_id`,`lat`,`lng`) VALUES (628,'Room 401,Xinhai Mansion,104 Yuanlin Rd.',NULL,NULL,384,NULL,NULL);
INSERT INTO `location` (`id`,`street`,`housenumber`,`postcode`,`city_id`,`lat`,`lng`) VALUES (629,'Room 17019-17021?Zhuzhou North Street, Tianyuan District, Zhuzhou City, Hunan Province.',NULL,NULL,385,NULL,NULL);
INSERT INTO `location` (`id`,`street`,`housenumber`,`postcode`,`city_id`,`lat`,`lng`) VALUES (630,'Gangao Plaza,Zunyi Ctiy,GuiZhou Province',NULL,NULL,386,NULL,NULL);
INSERT INTO `location` (`id`,`street`,`housenumber`,`postcode`,`city_id`,`lat`,`lng`) VALUES (631,'Via Pratese 219 50145 Firenze',NULL,NULL,387,43.80370700,11.18544200);
INSERT INTO `location` (`id`,`street`,`housenumber`,`postcode`,`city_id`,`lat`,`lng`) VALUES (632,'28 FloorBlock DWorld Trade CenterKaiyuan RdLuolong Dist',NULL,NULL,381,34.61779300,112.45245100);
INSERT INTO `location` (`id`,`street`,`housenumber`,`postcode`,`city_id`,`lat`,`lng`) VALUES (633,'Rm 0206 24F BLDG 1 Cultural Industry BLDG  Intersection of Dongfeng South Rd and Shangding Rd Zhengdong New DIST',NULL,NULL,331,34.75494600,113.76877600);
INSERT INTO `location` (`id`,`street`,`housenumber`,`postcode`,`city_id`,`lat`,`lng`) VALUES (634,'Industrieweg 21 30179 Hannover',NULL,NULL,117,52.42108300,9.72186000);
INSERT INTO `location` (`id`,`street`,`housenumber`,`postcode`,`city_id`,`lat`,`lng`) VALUES (635,'EPlusStrae 1 40472 Duesseldorf',NULL,NULL,72,51.28448200,6.78385700);
INSERT INTO `location` (`id`,`street`,`housenumber`,`postcode`,`city_id`,`lat`,`lng`) VALUES (636,'3201 N Sylvania Avenue 761113124',NULL,NULL,388,32.80302800,-97.30900200);
INSERT INTO `location` (`id`,`street`,`housenumber`,`postcode`,`city_id`,`lat`,`lng`) VALUES (637,'Elisabeth Consbruch Str 3 34131 Kassel',NULL,NULL,140,51.30572900,9.44689000);
INSERT INTO `location` (`id`,`street`,`housenumber`,`postcode`,`city_id`,`lat`,`lng`) VALUES (638,'917 134th Street SW',NULL,NULL,80,47.8775147191645,-122.24598905505476);
INSERT INTO `location` (`id`,`street`,`housenumber`,`postcode`,`city_id`,`lat`,`lng`) VALUES (639,'2601 49th Avenue Suite 100 554301902',NULL,NULL,184,45.04344400,-93.31682300);
INSERT INTO `location` (`id`,`street`,`housenumber`,`postcode`,`city_id`,`lat`,`lng`) VALUES (640,'11605 Haynes Bridge Road Suite 650 30009',NULL,NULL,5,34.06318300,-84.28985300);
INSERT INTO `location` (`id`,`street`,`housenumber`,`postcode`,`city_id`,`lat`,`lng`) VALUES (641,'2880 Ualena Street 96819',NULL,NULL,123,21.33357600,-157.90403300);
INSERT INTO `location` (`id`,`street`,`housenumber`,`postcode`,`city_id`,`lat`,`lng`) VALUES (642,'3660 Thousand Oaks Blvd 78247',NULL,NULL,233,29.56152700,-98.42563200);
INSERT INTO `location` (`id`,`street`,`housenumber`,`postcode`,`city_id`,`lat`,`lng`) VALUES (643,'7367 South Revere Parkway Unit 2A 801126766',NULL,NULL,66,39.58227200,-104.84049700);
INSERT INTO `location` (`id`,`street`,`housenumber`,`postcode`,`city_id`,`lat`,`lng`) VALUES (644,'929 Eastwind Drive',NULL,NULL,276,40.09972500,-82.91675900);
INSERT INTO `location` (`id`,`street`,`housenumber`,`postcode`,`city_id`,`lat`,`lng`) VALUES (645,'600 S Main St',NULL,NULL,182,40.36643900,-89.29739200);
INSERT INTO `location` (`id`,`street`,`housenumber`,`postcode`,`city_id`,`lat`,`lng`) VALUES (646,'1840 Milestone Dr Suite B 84104',NULL,NULL,232,40.73159500,-111.96666600);
INSERT INTO `location` (`id`,`street`,`housenumber`,`postcode`,`city_id`,`lat`,`lng`) VALUES (647,'6215-A 29th Street Court E, 34203',NULL,NULL,28,27.49236700,-82.52677300);
INSERT INTO `location` (`id`,`street`,`housenumber`,`postcode`,`city_id`,`lat`,`lng`) VALUES (648,'1101 West 31st St, 60515',NULL,NULL,69,41.83100900,-88.01285300);
INSERT INTO `location` (`id`,`street`,`housenumber`,`postcode`,`city_id`,`lat`,`lng`) VALUES (650,'Hannöversche Str. 20a, 44143 Dortmund',NULL,NULL,68,51.52062000,7.49668900);
INSERT INTO `location` (`id`,`street`,`housenumber`,`postcode`,`city_id`,`lat`,`lng`) VALUES (651,'Kuehnstr. 71, 22045 Hamburg',NULL,NULL,115,53.57890000,10.12113000);
INSERT INTO `location` (`id`,`street`,`housenumber`,`postcode`,`city_id`,`lat`,`lng`) VALUES (652,'Daimler-Benz-Strasse 28, 36039 Fulda',NULL,NULL,97,50.57240400,9.69009700);
INSERT INTO `location` (`id`,`street`,`housenumber`,`postcode`,`city_id`,`lat`,`lng`) VALUES (653,'Brunnenstr. 57, 73333 Gingen',NULL,NULL,101,48.66409100,9.77965200);
INSERT INTO `location` (`id`,`street`,`housenumber`,`postcode`,`city_id`,`lat`,`lng`) VALUES (654,'4145 West Ali Baba, Ste A, 89118-1654 Las Vegas',NULL,NULL,152,36.09491900,-115.19382500);
INSERT INTO `location` (`id`,`street`,`housenumber`,`postcode`,`city_id`,`lat`,`lng`) VALUES (655,'Via XXV Aprile 34 23841 Annone di Brianza','34','23841',389,45.80491870,9.32457560);
INSERT INTO `location` (`id`,`street`,`housenumber`,`postcode`,`city_id`,`lat`,`lng`) VALUES (656,'Via Stelvio 27 23017 Morbegno','27','23017',390,46.13334020,9.54047200);
INSERT INTO `location` (`id`,`street`,`housenumber`,`postcode`,`city_id`,`lat`,`lng`) VALUES (657,'Viale Marcello Finzi 589 41122 Modena','589','4112',391,44.66569270,10.93435130);
INSERT INTO `location` (`id`,`street`,`housenumber`,`postcode`,`city_id`,`lat`,`lng`) VALUES (658,'Via dei Carroz, 12/c','12','9131',392,39.23748590,9.11868890);
INSERT INTO `location` (`id`,`street`,`housenumber`,`postcode`,`city_id`,`lat`,`lng`) VALUES (659,'Via del Mella, 35','35','25131',393,45.50247200,10.15414350);
INSERT INTO `location` (`id`,`street`,`housenumber`,`postcode`,`city_id`,`lat`,`lng`) VALUES (660,'Via della Meccanica, 14','14','36100',394,45.52780070,11.50907030);
INSERT INTO `location` (`id`,`street`,`housenumber`,`postcode`,`city_id`,`lat`,`lng`) VALUES (661,'Via della Rupe, 25','25','38017',395,46.19203510,11.09861260);
INSERT INTO `location` (`id`,`street`,`housenumber`,`postcode`,`city_id`,`lat`,`lng`) VALUES (662,'via Emilia, 35','35','47921',396,44.07019320,12.54111490);
INSERT INTO `location` (`id`,`street`,`housenumber`,`postcode`,`city_id`,`lat`,`lng`) VALUES (663,'Via Enzo Natta, 16','16','37026',397,45.47951310,10.90603790);
INSERT INTO `location` (`id`,`street`,`housenumber`,`postcode`,`city_id`,`lat`,`lng`) VALUES (664,'Via Giovanni Porzio, 4','4','80143',398,40.85539820,14.27533600);
INSERT INTO `location` (`id`,`street`,`housenumber`,`postcode`,`city_id`,`lat`,`lng`) VALUES (665,'Via Liguria, 2/16','16','20068',399,45.43297600,9.32074130);
INSERT INTO `location` (`id`,`street`,`housenumber`,`postcode`,`city_id`,`lat`,`lng`) VALUES (666,'Via Luigi Einaudi, 60','60','15100',400,44.89782100,8.57813610);
INSERT INTO `location` (`id`,`street`,`housenumber`,`postcode`,`city_id`,`lat`,`lng`) VALUES (667,'Via Mario Bianchini, 60','60','144',401,41.83519890,12.49888160);
INSERT INTO `location` (`id`,`street`,`housenumber`,`postcode`,`city_id`,`lat`,`lng`) VALUES (668,'Via Pasqualigo, 59','59','30174',402,45.50879040,12.26009740);
INSERT INTO `location` (`id`,`street`,`housenumber`,`postcode`,`city_id`,`lat`,`lng`) VALUES (669,'Via Vincenzo Vela, 42','42','10128',403,45.06688330,7.66061200);
INSERT INTO `location` (`id`,`street`,`housenumber`,`postcode`,`city_id`,`lat`,`lng`) VALUES (670,'Via XXV Aprile',NULL,'18100',404,43.89524710,8.03732640);
INSERT INTO `location` (`id`,`street`,`housenumber`,`postcode`,`city_id`,`lat`,`lng`) VALUES (671,'Viale Fortore, 9','9','71121',85,41.47071020,15.54930160);
INSERT INTO `location` (`id`,`street`,`housenumber`,`postcode`,`city_id`,`lat`,`lng`) VALUES (672,'Viale Ulisse 10/12','11','95126',405,37.53193130,15.10457680);
INSERT INTO `location` (`id`,`street`,`housenumber`,`postcode`,`city_id`,`lat`,`lng`) VALUES (673,'Viale Virgilio, 52/F','52','41123',391,44.65392290,10.85617660);
INSERT INTO `location` (`id`,`street`,`housenumber`,`postcode`,`city_id`,`lat`,`lng`) VALUES (674, '2100 W State Blvd, 46808 Fort Wayne', NULL, NULL, 406, 41.097438, -85.169778);
INSERT INTO `location` (`id`,`street`,`housenumber`,`postcode`,`city_id`,`lat`,`lng`) VALUES (675, '1402 Jones St Omaha NE 68102',1402,68102,407,41.25379012,-95.93495502);
INSERT INTO `location` (`id`,`street`,`housenumber`,`postcode`,`city_id`,`lat`,`lng`) VALUES (676, 'Grathwohlstrasse 5 72762 Reutlingen',5,72762,222,48.49367034, 9.20312127);
INSERT INTO `location` (`id`,`street`,`housenumber`,`postcode`,`city_id`,`lat`,`lng`) VALUES (677, '1567 Ohio St Des Moines IA 50314', 1567, 50314, 408, 41.60746619, -93.61691195);
INSERT INTO `location` (`id`,`street`,`housenumber`,`postcode`,`city_id`,`lat`,`lng`) VALUES (678, 'Lawrence Ave South San Francisco CA 94080', NULL, 94080, 409, 37.64885300, -122.39504528);
INSERT INTO `location` (`id`,`street`,`housenumber`,`postcode`,`city_id`,`lat`,`lng`) VALUES (679, 'N. 2nd Road', 420, NULL, 410, 39.42862054307569, -74.57182326886303);
INSERT INTO `location` (`id`,`street`,`housenumber`,`postcode`,`city_id`,`lat`,`lng`) VALUES (680, 'Pleasant Hill Rd', 15, NULL, 238, 43.61043583138378, -70.3124938566735);
INSERT INTO `location` (`id`,`street`,`housenumber`,`postcode`,`city_id`,`lat`,`lng`) VALUES (681, 'Hartford Turnpike', 299, NULL, 411, 42.25004566700905, -71.71662872756417);
INSERT INTO `location` (`id`,`street`,`housenumber`,`postcode`,`city_id`,`lat`,`lng`) VALUES (682, 'Changcheng Road', NULL, NULL, 368, 31.853185095983175, 119.998270090985);
INSERT INTO `location` (`id`,`street`,`housenumber`,`postcode`,`city_id`,`lat`,`lng`) VALUES (683, 'Chatham Road Suite 100', 400, 62704, 412, 39.79837851704892, -89.68657132762026);
INSERT INTO `location` (`id`,`street`,`housenumber`,`postcode`,`city_id`,`lat`,`lng`) VALUES (684, 'South Barrens Road', 7240, 24019, 413, 37.343370819059125, -79.96260452868191);
INSERT INTO `location` (`id`,`street`,`housenumber`,`postcode`,`city_id`,`lat`,`lng`) VALUES (685, 'W Swift Ave', 3711, 93722, 91, 36.79578573161631, -119.8597553832602);
INSERT INTO `location` (`id`,`street`,`housenumber`,`postcode`,`city_id`,`lat`,`lng`) VALUES (686, 'Raritan Center Parkway', 400, 8837, 414, 40.50621931642828, -74.34253692892295);
INSERT INTO `location` (`id`,`street`,`housenumber`,`postcode`,`city_id`,`lat`,`lng`) VALUES (687, 'Harbour Road', 30, 0, 415, 22.280424937920348, 114.17689044311442);
INSERT INTO `location` (`id`,`street`,`housenumber`,`postcode`,`city_id`,`lat`,`lng`) VALUES (688, 'Commerce Drive', 6356, 38654, 416, 34.96259392341555, -89.85641817003773);
INSERT INTO `location` (`id`,`street`,`housenumber`,`postcode`,`city_id`,`lat`,`lng`) VALUES (689, 'Bear Lane Suite 101B Suite 101B', 5655, 78405, 59, 27.76379207738178, -97.47017079758837);
INSERT INTO `location` (`id`,`street`,`housenumber`,`postcode`,`city_id`,`lat`,`lng`) VALUES (690, 'Mall Terrace Facility Bldg. A Unit #1', 8, 31406, 237, 32.002487159082534, -81.10446529985745);
INSERT INTO `location` (`id`,`street`,`housenumber`,`postcode`,`city_id`,`lat`,`lng`) VALUES (691, 'Via Enzo Ferrari', 11, 47838, 417, 43.98691935517923, 12.631513701074926);
INSERT INTO `location` (`id`,`street`,`housenumber`,`postcode`,`city_id`,`lat`,`lng`) VALUES (692, 'Calle Cifuentes, s/n', NULL, NULL, 418, 40.3490114480557, -3.6968499019741827);
INSERT INTO `location` (`id`,`street`,`housenumber`,`postcode`,`city_id`,`lat`,`lng`) VALUES (693, 'SINTRA BUSINESS PARK, EDIF 4 – 2B ZONA INDUSTRIAL ABRUNHEIRA', NULL, NULL, 419, 38.79126722048325, -9.380289885664906);
INSERT INTO `location` (`id`,`street`,`housenumber`,`postcode`,`city_id`,`lat`,`lng`) VALUES (694, 'CALLE FEDERICO CANTERO VILLAMIL, NUM. 4 PARQUE TECNOLOGICO DE MOSTOLES', NULL, NULL, 187, 40.34093808413542, -3.8811970540919725);
INSERT INTO `location` (`id`,`street`,`housenumber`,`postcode`,`city_id`,`lat`,`lng`) VALUES (695, 'LUGAR LA PEREDA, S/N POLIGONO INDUSTRIAL - LA PEREDA', NULL, NULL, 420, 43.275242172384864, -5.817805104397596);
INSERT INTO `location` (`id`,`street`,`housenumber`,`postcode`,`city_id`,`lat`,`lng`) VALUES (696, 'Budapest, Ezred utca 2', NULL, NULL, 36, 47.60558831862486, 19.10146458285851);
INSERT INTO `location` (`id`,`street`,`housenumber`,`postcode`,`city_id`,`lat`,`lng`) VALUES (697, 'Delp Street', 4505, 38118, 180, 35.02642207517701, -89.931782697243);
INSERT INTO `location` (`id`,`street`,`housenumber`,`postcode`,`city_id`,`lat`,`lng`) VALUES (698,'Yuanrong Times Square','24',null,355,31.3195533981781,120.712640160019);
INSERT INTO `location` (`id`,`street`,`housenumber`,`postcode`,`city_id`,`lat`,`lng`) VALUES (699,'D2306Fortune Square Building No527 West Zhongshan Rd',NULL,NULL,316,30.758823786370108,120.71639857885083);
INSERT INTO `location` (`id`,`street`,`housenumber`,`postcode`,`city_id`,`lat`,`lng`) VALUES (700,'Dazhou tong chuan area luofu no1 area 1006building B',NULL,NULL,295,NULL,NULL);
INSERT INTO `location` (`id`,`street`,`housenumber`,`postcode`,`city_id`,`lat`,`lng`) VALUES (701,'Xixi paper guang hui street a garden 18 building 2 units 101',NULL,NULL,421,NULL,NULL);
INSERT INTO `location` (`id`,`street`,`housenumber`,`postcode`,`city_id`,`lat`,`lng`) VALUES (703,'Isaac Peral, 2 - 3º Izda.',NULL,'15008',422,NULL,NULL);
INSERT INTO `location` (`id`,`street`,`housenumber`,`postcode`,`city_id`,`lat`,`lng`) VALUES (704,'Dr. Beltrán Mateos, 2',NULL,'2002',423,NULL,NULL);
INSERT INTO `location` (`id`,`street`,`housenumber`,`postcode`,`city_id`,`lat`,`lng`) VALUES (705,'438 N Pearl St',NULL,'12204',424,42.66423003739964, -73.74441725749892);
INSERT INTO `location` (`id`,`street`,`housenumber`,`postcode`,`city_id`,`lat`,`lng`) VALUES (706,'Goya, 12',NULL,'44600',425,NULL,NULL);
INSERT INTO `location` (`id`,`street`,`housenumber`,`postcode`,`city_id`,`lat`,`lng`) VALUES (707,'Pedrezuela, 19 - Polg. Ind. Ventorro del Cano',NULL,'28925',426,NULL,NULL);
INSERT INTO `location` (`id`,`street`,`housenumber`,`postcode`,`city_id`,`lat`,`lng`) VALUES (708,'Carretera Nacional 340, Edificio Aurora I',NULL,'11204',427,NULL,NULL);
INSERT INTO `location` (`id`,`street`,`housenumber`,`postcode`,`city_id`,`lat`,`lng`) VALUES (709,'Puerto de Algeciras, Avda. Hispanidad, 2',NULL,'11207',427,NULL,NULL);
INSERT INTO `location` (`id`,`street`,`housenumber`,`postcode`,`city_id`,`lat`,`lng`) VALUES (710,'Escritor Gonzalo Cantó, 3 Bajo',NULL,'3016',429,NULL,NULL);
INSERT INTO `location` (`id`,`street`,`housenumber`,`postcode`,`city_id`,`lat`,`lng`) VALUES (711,'Argentinita, 82',NULL,'4007',430,NULL,NULL);
INSERT INTO `location` (`id`,`street`,`housenumber`,`postcode`,`city_id`,`lat`,`lng`) VALUES (712,'Building 58, Abdallah Ghosheh St., Amman 11191, Jordan',NULL,'910002',431,NULL,NULL);
INSERT INTO `location` (`id`,`street`,`housenumber`,`postcode`,`city_id`,`lat`,`lng`) VALUES (713,'Avda. Madre Cándida, 11 ',NULL,'20140',432,NULL,NULL);
INSERT INTO `location` (`id`,`street`,`housenumber`,`postcode`,`city_id`,`lat`,`lng`) VALUES (714,'Pedro Sanz Abad, s/nº Esq. Tenerife, 17',NULL,'9400',433,NULL,NULL);
INSERT INTO `location` (`id`,`street`,`housenumber`,`postcode`,`city_id`,`lat`,`lng`) VALUES (715,'La Carmen, 42',NULL,'35500',434,NULL,NULL);
INSERT INTO `location` (`id`,`street`,`housenumber`,`postcode`,`city_id`,`lat`,`lng`) VALUES (716,'Carretera de Sonsoles, 9',NULL,'5002',435,NULL,NULL);
INSERT INTO `location` (`id`,`street`,`housenumber`,`postcode`,`city_id`,`lat`,`lng`) VALUES (717,'Avda. Eugenio García Estop, 29',NULL,'6008',436,NULL,NULL);
INSERT INTO `location` (`id`,`street`,`housenumber`,`postcode`,`city_id`,`lat`,`lng`) VALUES (718,'65/52 Chamnan Phenjati Business Center, 4th Floor, Rama 9 Rd., Huaykwang',NULL,'10310',14,NULL,NULL);
INSERT INTO `location` (`id`,`street`,`housenumber`,`postcode`,`city_id`,`lat`,`lng`) VALUES (719,'Cinca, 49-51 Bajos',NULL,'8030',437,41.43939008720895,2.1918321050456706);
INSERT INTO `location` (`id`,`street`,`housenumber`,`postcode`,`city_id`,`lat`,`lng`) VALUES (720,'Rumanía, s/nº Blq. G, Urb. Ciudad Patricia',NULL,'3503',438,NULL,NULL);
INSERT INTO `location` (`id`,`street`,`housenumber`,`postcode`,`city_id`,`lat`,`lng`) VALUES (721,'Avda. Príncipe de Asturias, 23',NULL,'9240',439,NULL,NULL);
INSERT INTO `location` (`id`,`street`,`housenumber`,`postcode`,`city_id`,`lat`,`lng`) VALUES (722,'Diego Polo, 8',NULL,'9001',440,NULL,NULL);
INSERT INTO `location` (`id`,`street`,`housenumber`,`postcode`,`city_id`,`lat`,`lng`) VALUES (723,'María Auxiliadora, 18-20',NULL,'10002',441,NULL,NULL);
INSERT INTO `location` (`id`,`street`,`housenumber`,`postcode`,`city_id`,`lat`,`lng`) VALUES (724,'Alcalá de los Gazules, 11 Parque Empresarial Levante',NULL,'11011',442,NULL,NULL);
INSERT INTO `location` (`id`,`street`,`housenumber`,`postcode`,`city_id`,`lat`,`lng`) VALUES (725,'Los Tilos, 1-3',NULL,'26500',443,NULL,NULL);
INSERT INTO `location` (`id`,`street`,`housenumber`,`postcode`,`city_id`,`lat`,`lng`) VALUES (726,'Dueville, 31',NULL,'50300',444,NULL,NULL);
INSERT INTO `location` (`id`,`street`,`housenumber`,`postcode`,`city_id`,`lat`,`lng`) VALUES (727,'Vertical VIII, 6 Pol. Ind. Montalvo III',NULL,'37188',445,NULL,NULL);
INSERT INTO `location` (`id`,`street`,`housenumber`,`postcode`,`city_id`,`lat`,`lng`) VALUES (728,'Avda. Pio XII, 14-16',NULL,'30205',446,NULL,NULL);
INSERT INTO `location` (`id`,`street`,`housenumber`,`postcode`,`city_id`,`lat`,`lng`) VALUES (729,'Francesc Esteve i Galvez, 12',NULL,'12003',447,NULL,NULL);
INSERT INTO `location` (`id`,`street`,`housenumber`,`postcode`,`city_id`,`lat`,`lng`) VALUES (730,'​Rua Dra. Mª Fátima D. Domingos Farinha, Lote 226 - Loja Dta.',NULL,'6000-408',448,NULL,NULL);
INSERT INTO `location` (`id`,`street`,`housenumber`,`postcode`,`city_id`,`lat`,`lng`) VALUES (731,'Riu Sec, 47 Nave 39 Polígono Industrial Polizur',NULL,'8290',449,NULL,NULL);
INSERT INTO `location` (`id`,`street`,`housenumber`,`postcode`,`city_id`,`lat`,`lng`) VALUES (732,'Real, 90 Bajo Trasero',NULL,'51001',450,35.8895531447338,-5.303011338792598);
INSERT INTO `location` (`id`,`street`,`housenumber`,`postcode`,`city_id`,`lat`,`lng`) VALUES (733,'Ctra. Fuensanta, 3-5',NULL,'13004',451,NULL,NULL);
INSERT INTO `location` (`id`,`street`,`housenumber`,`postcode`,`city_id`,`lat`,`lng`) VALUES (734,'​Rua Carlos Seixas, nº 173',NULL,'3030-177',452,NULL,NULL);
INSERT INTO `location` (`id`,`street`,`housenumber`,`postcode`,`city_id`,`lat`,`lng`) VALUES (735,'Avda. de la Igualdad, 2',NULL,'14007',453,NULL,NULL);
INSERT INTO `location` (`id`,`street`,`housenumber`,`postcode`,`city_id`,`lat`,`lng`) VALUES (736,'Lorenzo Goñi, 5 Bajo',NULL,'16004',454,NULL,NULL);
INSERT INTO `location` (`id`,`street`,`housenumber`,`postcode`,`city_id`,`lat`,`lng`) VALUES (737,'Astintze, 6 Pol. Emp. Inbisa Pab. 44-46',NULL,'48160',455,NULL,NULL);
INSERT INTO `location` (`id`,`street`,`housenumber`,`postcode`,`city_id`,`lat`,`lng`) VALUES (738,'Fereej Bin Mahmoud, Shemoukh Tower, Tower A, 5th floor, Office A-503/504, Doha - Qatar',NULL,'47405',456,NULL,NULL);
INSERT INTO `location` (`id`,`street`,`housenumber`,`postcode`,`city_id`,`lat`,`lng`) VALUES (739,'Sheikh Zayed Road, Al Garhoud, Dubai',NULL,'27278',457,NULL,NULL);
INSERT INTO `location` (`id`,`street`,`housenumber`,`postcode`,`city_id`,`lat`,`lng`) VALUES (740,'Indalecio Ojanguren, 2',NULL,'20600',458,NULL,NULL);
INSERT INTO `location` (`id`,`street`,`housenumber`,`postcode`,`city_id`,`lat`,`lng`) VALUES (741,'Alcalde Usero, 73-75',NULL,'15403',459,NULL,NULL);
INSERT INTO `location` (`id`,`street`,`housenumber`,`postcode`,`city_id`,`lat`,`lng`) VALUES (742,'​Edifício Brazão Garden\’s II Rua da Bolívia, nº 22 Loja',NULL,'9000–087',460,NULL,NULL);
INSERT INTO `location` (`id`,`street`,`housenumber`,`postcode`,`city_id`,`lat`,`lng`) VALUES (743,'Paseo Dr. Fleming, 1127',NULL,'33203',461,NULL,NULL);
INSERT INTO `location` (`id`,`street`,`housenumber`,`postcode`,`city_id`,`lat`,`lng`) VALUES (744,'Rajolers, 5 Bajos',NULL,'17003',462,NULL,NULL);
INSERT INTO `location` (`id`,`street`,`housenumber`,`postcode`,`city_id`,`lat`,`lng`) VALUES (745,'Jimena, 15',NULL,'18014',463,NULL,NULL);
INSERT INTO `location` (`id`,`street`,`housenumber`,`postcode`,`city_id`,`lat`,`lng`) VALUES (746,'Hermanos Ros Emperador, 22',NULL,'19002',464,NULL,NULL);
INSERT INTO `location` (`id`,`street`,`housenumber`,`postcode`,`city_id`,`lat`,`lng`) VALUES (747,'198 Truong Chinh Street, Khuong Thuong Ward, Dong Da District, Hanoi, Vietnam',NULL,'11518',465,NULL,NULL);
INSERT INTO `location` (`id`,`street`,`housenumber`,`postcode`,`city_id`,`lat`,`lng`) VALUES (748,'31/F Enterprise Square Three, No. 39 Wang Chiu Road, Kowloon Bay, Kowloon',NULL,'na',415,NULL,NULL);
INSERT INTO `location` (`id`,`street`,`housenumber`,`postcode`,`city_id`,`lat`,`lng`) VALUES (749,'Avda. Doctor Rubio, 3 Local',NULL,'21002',466,NULL,NULL);
INSERT INTO `location` (`id`,`street`,`housenumber`,`postcode`,`city_id`,`lat`,`lng`) VALUES (750,'Corona de Aragón, 1 Bajos',NULL,'22005',467,NULL,NULL);
INSERT INTO `location` (`id`,`street`,`housenumber`,`postcode`,`city_id`,`lat`,`lng`) VALUES (751,'Pere Francés, 40',NULL,'7800',468,NULL,NULL);
INSERT INTO `location` (`id`,`street`,`housenumber`,`postcode`,`city_id`,`lat`,`lng`) VALUES (752,'Obispo Alonso Suárez, 5-7',NULL,'23008',469,NULL,NULL);
INSERT INTO `location` (`id`,`street`,`housenumber`,`postcode`,`city_id`,`lat`,`lng`) VALUES (753,'Trihamas Building, 2nd floor, Jl. TB Simatupang Kav. 11, Tanjung Barat',NULL,'12530',135,NULL,NULL);
INSERT INTO `location` (`id`,`street`,`housenumber`,`postcode`,`city_id`,`lat`,`lng`) VALUES (754,'12, Kamal El Din Hussein Street, Sheraton Area, Heliopolis, Cairo, Egypt',NULL,'11719',470,NULL,NULL);
INSERT INTO `location` (`id`,`street`,`housenumber`,`postcode`,`city_id`,`lat`,`lng`) VALUES (755,'Safat 13002, Mazaya Tower 3, Floor 15, Khalid Ibn Al Waleed Street, Kuwait City - Kuwait ',NULL,'115',471,NULL,NULL);
INSERT INTO `location` (`id`,`street`,`housenumber`,`postcode`,`city_id`,`lat`,`lng`) VALUES (756,'Avenida de los Menceyes, 263',NULL,'38320',472,NULL,NULL);
INSERT INTO `location` (`id`,`street`,`housenumber`,`postcode`,`city_id`,`lat`,`lng`) VALUES (757,'Avda. Derechos Humanos, 4',NULL,'39770',473,NULL,NULL);
INSERT INTO `location` (`id`,`street`,`housenumber`,`postcode`,`city_id`,`lat`,`lng`) VALUES (758,'Victor Hugo, 71',NULL,'35006',474,NULL,NULL);
INSERT INTO `location` (`id`,`street`,`housenumber`,`postcode`,`city_id`,`lat`,`lng`) VALUES (759,'Maestro Nicolás, 21 Bajo',NULL,'24005',475,NULL,NULL);
INSERT INTO `location` (`id`,`street`,`housenumber`,`postcode`,`city_id`,`lat`,`lng`) VALUES (760,'Baro de Maials, 103-105',NULL,'25005',476,NULL,NULL);
INSERT INTO `location` (`id`,`street`,`housenumber`,`postcode`,`city_id`,`lat`,`lng`) VALUES (761,'Piqueras, 23-25-27',NULL,'26006',477,NULL,NULL);
INSERT INTO `location` (`id`,`street`,`housenumber`,`postcode`,`city_id`,`lat`,`lng`) VALUES (762,'Centro Empresarial e Industrial de Loulé Zona Nascente nº 7k e 7L',NULL,'8100-272',478,NULL,NULL);
INSERT INTO `location` (`id`,`street`,`housenumber`,`postcode`,`city_id`,`lat`,`lng`) VALUES (763,'Avda. de Magoi, 29',NULL,'27002',479,NULL,NULL);
INSERT INTO `location` (`id`,`street`,`housenumber`,`postcode`,`city_id`,`lat`,`lng`) VALUES (764,'Condado de Treviño, 2',NULL,'28033',418,NULL,NULL);
INSERT INTO `location` (`id`,`street`,`housenumber`,`postcode`,`city_id`,`lat`,`lng`) VALUES (765,'Secoya, 29 Planta 2ª, Oficina 3',NULL,'28044',418,NULL,NULL);
INSERT INTO `location` (`id`,`street`,`housenumber`,`postcode`,`city_id`,`lat`,`lng`) VALUES (766,'Antracita, 7, 3º Nave 16',NULL,'28045',418,NULL,NULL);
INSERT INTO `location` (`id`,`street`,`housenumber`,`postcode`,`city_id`,`lat`,`lng`) VALUES (768,'Plaza Tres Olivos, 26',NULL,'28034',418,NULL,NULL);
INSERT INTO `location` (`id`,`street`,`housenumber`,`postcode`,`city_id`,`lat`,`lng`) VALUES (769,'Secoya, 19 Planta 2ª',NULL,'28044',418,NULL,NULL);
INSERT INTO `location` (`id`,`street`,`housenumber`,`postcode`,`city_id`,`lat`,`lng`) VALUES (770,'Villaescusa, 2',NULL,'28017',418,NULL,NULL);
INSERT INTO `location` (`id`,`street`,`housenumber`,`postcode`,`city_id`,`lat`,`lng`) VALUES (771,'Avda. José Anselmo Clavé, 56 Bajos',NULL,'7700',480,NULL,NULL);
INSERT INTO `location` (`id`,`street`,`housenumber`,`postcode`,`city_id`,`lat`,`lng`) VALUES (772,'Bodegueros, 21 Portal 3 Local 7-8 Edificio Luxfor',NULL,'29006',481,NULL,NULL);
INSERT INTO `location` (`id`,`street`,`housenumber`,`postcode`,`city_id`,`lat`,`lng`) VALUES (773,'Office 2703, 27th Floor, Almoayyed Tower, Building 2504, Road 2832, Al Seef 428, Manama, Kingdom of Bahrain',NULL,'60059',482,NULL,NULL);
INSERT INTO `location` (`id`,`street`,`housenumber`,`postcode`,`city_id`,`lat`,`lng`) VALUES (774,'Francesc Macía, 42-44',NULL,'8241',483,NULL,NULL);
INSERT INTO `location` (`id`,`street`,`housenumber`,`postcode`,`city_id`,`lat`,`lng`) VALUES (775,'Mar Chica, 54',NULL,'52006',484,NULL,NULL);
INSERT INTO `location` (`id`,`street`,`housenumber`,`postcode`,`city_id`,`lat`,`lng`) VALUES (776,'2829 Royal Avenue',NULL,'53713',485,NULL,NULL);
INSERT INTO `location` (`id`,`street`,`housenumber`,`postcode`,`city_id`,`lat`,`lng`) VALUES (777,'Catedrático Fernando Piñuela, 8 Bajo',NULL,'30009',486,NULL,NULL);
INSERT INTO `location` (`id`,`street`,`housenumber`,`postcode`,`city_id`,`lat`,`lng`) VALUES (778,'Victoria Kent, 4 Bajo',NULL,'32001',487,NULL,NULL);
INSERT INTO `location` (`id`,`street`,`housenumber`,`postcode`,`city_id`,`lat`,`lng`) VALUES (779,'Cruz y Castillo, 9',NULL,'34004',488,NULL,NULL);
INSERT INTO `location` (`id`,`street`,`housenumber`,`postcode`,`city_id`,`lat`,`lng`) VALUES (780,'Camp Redó, 14 A Bajo',NULL,'7010',489,NULL,NULL);
INSERT INTO `location` (`id`,`street`,`housenumber`,`postcode`,`city_id`,`lat`,`lng`) VALUES (781,'Benjamín de Tudela, 37 Bajo',NULL,'31008',490,NULL,NULL);
INSERT INTO `location` (`id`,`street`,`housenumber`,`postcode`,`city_id`,`lat`,`lng`) VALUES (782,'Parque Tecnológico de Paterna Conde Alessandro Volta, 2-4-6 Bloque 4',NULL,'46980',491,NULL,NULL);
INSERT INTO `location` (`id`,`street`,`housenumber`,`postcode`,`city_id`,`lat`,`lng`) VALUES (783,'Canalejas, 24 Esq. Guadalquivir',NULL,'35600',492,NULL,NULL);
INSERT INTO `location` (`id`,`street`,`housenumber`,`postcode`,`city_id`,`lat`,`lng`) VALUES (784,'Level 18, The Pinnacle Persiaran Lagoon Bandar Sunway, Petaling Jaya',NULL,'46150',209,NULL,NULL);
INSERT INTO `location` (`id`,`street`,`housenumber`,`postcode`,`city_id`,`lat`,`lng`) VALUES (785,'Level 1, No. 56, St 337, Sangkat Boeung Kak 2, Khan Tuol Kork',NULL,'120408',493,NULL,NULL);
INSERT INTO `location` (`id`,`street`,`housenumber`,`postcode`,`city_id`,`lat`,`lng`) VALUES (786,'Garcilaso de la Vega, 5',NULL,'24400',494,NULL,NULL);
INSERT INTO `location` (`id`,`street`,`housenumber`,`postcode`,`city_id`,`lat`,`lng`) VALUES (787,'​Rua Bento José Morais, nº 31',NULL,'9500-772',495,NULL,NULL);
INSERT INTO `location` (`id`,`street`,`housenumber`,`postcode`,`city_id`,`lat`,`lng`) VALUES (788,'Diego Sarmiento de Acuña - Conde de Gondomar, 8 Bajo',NULL,'36004',496,NULL,NULL);
INSERT INTO `location` (`id`,`street`,`housenumber`,`postcode`,`city_id`,`lat`,`lng`) VALUES (789,'​Rua Profesor Sousa Junior, nº 124',NULL,'4250-478',497,NULL,NULL);
INSERT INTO `location` (`id`,`street`,`housenumber`,`postcode`,`city_id`,`lat`,`lng`) VALUES (790,'Salah Eddin Al-Ayoubi Street, Jarir District, Al Bawani Tower, 6th Floor, Riyadh , Kingdom of Saudi Arabia',NULL,'9812',498,NULL,NULL);
INSERT INTO `location` (`id`,`street`,`housenumber`,`postcode`,`city_id`,`lat`,`lng`) VALUES (791,'Pedro Delgado González, 6, Local 1 y 2 - PI Chafiras',NULL,'38639',499,NULL,NULL);
INSERT INTO `location` (`id`,`street`,`housenumber`,`postcode`,`city_id`,`lat`,`lng`) VALUES (792,'Avda. Mediterráneo Edf. Arqueros Beach Local 4',NULL,'29670',500,NULL,NULL);
INSERT INTO `location` (`id`,`street`,`housenumber`,`postcode`,`city_id`,`lat`,`lng`) VALUES (793,'Avda. Añorga, 24',NULL,'20018',501,NULL,NULL);
INSERT INTO `location` (`id`,`street`,`housenumber`,`postcode`,`city_id`,`lat`,`lng`) VALUES (794,'Poggio y Monteverde, 4',NULL,'38700',502,NULL,NULL);
INSERT INTO `location` (`id`,`street`,`housenumber`,`postcode`,`city_id`,`lat`,`lng`) VALUES (795,'Honduras, 19-21',NULL,'39005',503,NULL,NULL);
INSERT INTO `location` (`id`,`street`,`housenumber`,`postcode`,`city_id`,`lat`,`lng`) VALUES (796,'Av. Madre Andaluz, nº 3 Loja A',NULL,'2000-210',504,NULL,NULL);
INSERT INTO `location` (`id`,`street`,`housenumber`,`postcode`,`city_id`,`lat`,`lng`) VALUES (797,'Restollal, 83 Bajo',NULL,'15702',505,NULL,NULL);
INSERT INTO `location` (`id`,`street`,`housenumber`,`postcode`,`city_id`,`lat`,`lng`) VALUES (798,'Plaza Tirso de Molina, 14',NULL,'40006',506,NULL,NULL);
INSERT INTO `location` (`id`,`street`,`housenumber`,`postcode`,`city_id`,`lat`,`lng`) VALUES (799,'​Av. D. João II, 42 C',NULL,'2910-546',507,NULL,NULL);
INSERT INTO `location` (`id`,`street`,`housenumber`,`postcode`,`city_id`,`lat`,`lng`) VALUES (800,'Edificio Galia Puerto, Carretera de la Esclusa 11, Planta 2ª, Módulo 2.3.',NULL,'41011',508,NULL,NULL);
INSERT INTO `location` (`id`,`street`,`housenumber`,`postcode`,`city_id`,`lat`,`lng`) VALUES (801,'3 International Business Park, Nordic European Centre #06-31',NULL,'609927',241,NULL,NULL);
INSERT INTO `location` (`id`,`street`,`housenumber`,`postcode`,`city_id`,`lat`,`lng`) VALUES (802,'Francisco López de Gomara, 3 Bajo',NULL,'42004',509,NULL,NULL);
INSERT INTO `location` (`id`,`street`,`housenumber`,`postcode`,`city_id`,`lat`,`lng`) VALUES (803,'10 Floor, No. 18-1, Section 1, Chang-An East Road, Zhongshan District,',NULL,'10442',510,NULL,NULL);
INSERT INTO `location` (`id`,`street`,`housenumber`,`postcode`,`city_id`,`lat`,`lng`) VALUES (804,'Tercios del Alcázar, 5',NULL,'45600',511,NULL,NULL);
INSERT INTO `location` (`id`,`street`,`housenumber`,`postcode`,`city_id`,`lat`,`lng`) VALUES (805,'Salvador Espriu, 22 Esq. Josep Carner, 1-3',NULL,'43007',512,NULL,NULL);
INSERT INTO `location` (`id`,`street`,`housenumber`,`postcode`,`city_id`,`lat`,`lng`) VALUES (806,'Levante, 22',NULL,'46760',513,NULL,NULL);
INSERT INTO `location` (`id`,`street`,`housenumber`,`postcode`,`city_id`,`lat`,`lng`) VALUES (807,'Avda. Sagunto, 108 Bajo',NULL,'44002',514,NULL,NULL);
INSERT INTO `location` (`id`,`street`,`housenumber`,`postcode`,`city_id`,`lat`,`lng`) VALUES (808,'Plaza Grecia, 1 Local 21 Edificio Cemar',NULL,'45005',515,NULL,NULL);
INSERT INTO `location` (`id`,`street`,`housenumber`,`postcode`,`city_id`,`lat`,`lng`) VALUES (809,'Avda. Cantabria, 13',NULL,'39300',516,NULL,NULL);
INSERT INTO `location` (`id`,`street`,`housenumber`,`postcode`,`city_id`,`lat`,`lng`) VALUES (810,'Avda. Cristobal Colón, 53',NULL,'43007',517,NULL,NULL);
INSERT INTO `location` (`id`,`street`,`housenumber`,`postcode`,`city_id`,`lat`,`lng`) VALUES (811,'Sancho Abarca, 1 Bajo',NULL,'31500',518,NULL,NULL);
INSERT INTO `location` (`id`,`street`,`housenumber`,`postcode`,`city_id`,`lat`,`lng`) VALUES (812,'Carretera C-28 a Baqueira',NULL,'25005',519,NULL,NULL);
INSERT INTO `location` (`id`,`street`,`housenumber`,`postcode`,`city_id`,`lat`,`lng`) VALUES (813,'Padre Seixas, 36 Bajo',NULL,'36209',520,NULL,NULL);
INSERT INTO `location` (`id`,`street`,`housenumber`,`postcode`,`city_id`,`lat`,`lng`) VALUES (814,'Viladecans Business Park Ant. Machado, 78-80 Ed. Australia 2ª Plt',NULL,'8840',521,NULL,NULL);
INSERT INTO `location` (`id`,`street`,`housenumber`,`postcode`,`city_id`,`lat`,`lng`) VALUES (816,'Valle de Manzanedo, 3',NULL,'9550',523,NULL,NULL);
INSERT INTO `location` (`id`,`street`,`housenumber`,`postcode`,`city_id`,`lat`,`lng`) VALUES (817,'Cuenca del Deva, 17',NULL,'1013',524,NULL,NULL);
INSERT INTO `location` (`id`,`street`,`housenumber`,`postcode`,`city_id`,`lat`,`lng`) VALUES (818,'No.33/49, Strand Condo, Unit 05,7th Floor, Mahabandoola Garden Street, Kyauktada Township, Yangon-My',NULL,'11182',282,NULL,NULL);
INSERT INTO `location` (`id`,`street`,`housenumber`,`postcode`,`city_id`,`lat`,`lng`) VALUES (819,'Puerta Nueva, 34',NULL,'49002',525,NULL,NULL);
INSERT INTO `location` (`id`,`street`,`housenumber`,`postcode`,`city_id`,`lat`,`lng`) VALUES (820,'Salvador Allende, 69-73',NULL,'50015',526,NULL,NULL);
INSERT INTO `location` (`id`,`street`,`housenumber`,`postcode`,`city_id`,`lat`,`lng`) VALUES (821,'Viticultura, 6',NULL,'47610',527,NULL,NULL);
INSERT INTO `location` (`id`,`street`,`housenumber`,`postcode`,`city_id`,`lat`,`lng`) VALUES (822,'940 Adams Street Suite 404 66607',NULL,NULL,49,NULL,NULL);
INSERT INTO `location` (`id`,`street`,`housenumber`,`postcode`,`city_id`,`lat`,`lng`) VALUES (823,'Yangfan Road','999',null,341,29.8889653740493,121.644104374561);
INSERT INTO `location` (`id`,`street`,`housenumber`,`postcode`,`city_id`,`lat`,`lng`) VALUES (824,'Room 1702 China Post Mansion No2 Jiuquan Road Chengguan Block Lanzhou Province PRChina',NULL,NULL,327,NULL,NULL);
INSERT INTO `location` (`id`,`street`,`housenumber`,`postcode`,`city_id`,`lat`,`lng`) VALUES (825,'Rm 15031504 15FJinyu international F Jinyu Xintiandi ordos street Yuquan district Hohhot',NULL,NULL,313,NULL,NULL);
INSERT INTO `location` (`id`,`street`,`housenumber`,`postcode`,`city_id`,`lat`,`lng`) VALUES (826,'Room 1902 Santian Century Plaza No42 West Street Xining City PRChina',NULL,NULL,374,NULL,NULL);
INSERT INTO `location` (`id`,`street`,`housenumber`,`postcode`,`city_id`,`lat`,`lng`) VALUES (827,'Poligono de La Pereda, 33682, MIERES',NULL,NULL,420,43.27366741219717, -5.817594129725141);
INSERT INTO `location` (`id`,`street`,`housenumber`,`postcode`,`city_id`,`lat`,`lng`) VALUES (828,'Rm 909Unit 1 Building FGolf Garden Aili Maple SocietyJinyuan Rd Open Economic Zone',NULL,NULL,369,NULL,NULL);
INSERT INTO `location` (`id`,`street`,`housenumber`,`postcode`,`city_id`,`lat`,`lng`) VALUES (829,'River Road','198',null,365,27.990339999649,120.724324431611);
INSERT INTO `location` (`id`,`street`,`housenumber`,`postcode`,`city_id`,`lat`,`lng`) VALUES (830,'Taidong Road','68',null,369,24.4672030959439,118.18269654016);
INSERT INTO `location` (`id`,`street`,`housenumber`,`postcode`,`city_id`,`lat`,`lng`) VALUES (831,'Via della Rupe, 25, 38017 Mezzolombardo',null,null,395,46.19210562815369,11.100790573734747);
INSERT INTO `location` (`id`,`street`,`housenumber`,`postcode`,`city_id`,`lat`,`lng`) VALUES (832,'Zum Irrgarten 3, 28844 Weyhe',null,null,528,52.99635261773651,8.818819713383887);
INSERT INTO `location` (`id`,`street`,`housenumber`,`postcode`,`city_id`,`lat`,`lng`) VALUES (833,'6968 McNerney Road, 43619-1079',null,null,278,41.60193760422397,-83.52594662865262);
INSERT INTO `location` (`id`,`street`,`housenumber`,`postcode`,`city_id`,`lat`,`lng`) VALUES (834,'Rm 160116FBuilding AHaishangyinzuo6 Shanghai Street Daoli District Harbin  Heilongjiang',null,null,306,45.762632736995414,126.60195934426538);
INSERT INTO `location` (`id`,`street`,`housenumber`,`postcode`,`city_id`,`lat`,`lng`) VALUES (835,'Josef Schuettler Strasse 2 78224 Singen',null,null,242,47.75995880774722,8.890160000850553);
INSERT INTO `location` (`id`,`street`,`housenumber`,`postcode`,`city_id`,`lat`,`lng`) VALUES (836,'2000 West International Airport Road, Unit D6',null,null,7,61.171214331080584,-149.92265861203674);
INSERT INTO `location` (`id`,`street`,`housenumber`,`postcode`,`city_id`,`lat`,`lng`) VALUES (837,'Rm 1117 11F B Building Jianye Triumph Plaza Kongming Rd Wancheng District Nanyang  Henan',null,null,340,32.99522395735503,112.5762092715051);
INSERT INTO `location` (`id`,`street`,`housenumber`,`postcode`,`city_id`,`lat`,`lng`) VALUES (838,'100 E Ferguson Street, Ste 101 &amp; 1103, 75702',null,null,264,32.352192861079736,-95.30020161776928);
INSERT INTO `location` (`id`,`street`,`housenumber`,`postcode`,`city_id`,`lat`,`lng`) VALUES (839,'Room 2701 Guangfa Bank Building No 737 Jianshe Avenue Jianghan District Wuhan City PR China',null,null,366,30.59808219866984,114.27505254219368);
INSERT INTO `location` (`id`,`street`,`housenumber`,`postcode`,`city_id`,`lat`,`lng`) VALUES (840,'23 RUE MAUPERTUIS',null,'38320',542,45.150962024635575,5.737485799940651);
INSERT INTO `location` (`id`,`street`,`housenumber`,`postcode`,`city_id`,`lat`,`lng`) VALUES (841,'21 rue de Champfleur',null,'49124',578,47.481553509183954,-0.5027937000586428);
INSERT INTO `location` (`id`,`street`,`housenumber`,`postcode`,`city_id`,`lat`,`lng`) VALUES (842,'11 rue petite Meilleraie',null,'44840',557,47.15200987526819,-1.5355501597081846);
INSERT INTO `location` (`id`,`street`,`housenumber`,`postcode`,`city_id`,`lat`,`lng`) VALUES (843,'31 B rue des Landelles',null,'35510',532,48.10012132351034,-1.6236960000586758);
INSERT INTO `location` (`id`,`street`,`housenumber`,`postcode`,`city_id`,`lat`,`lng`) VALUES (844,'19 BOULEVARD DE THIBAUD',null,'31100',581,43.551884885090416,1.4035541083864211);
INSERT INTO `location` (`id`,`street`,`housenumber`,`postcode`,`city_id`,`lat`,`lng`) VALUES (845,'106 BD Gustave Flaubert',null,'63000',535,45.76620908510676,3.12472038949587);
INSERT INTO `location` (`id`,`street`,`housenumber`,`postcode`,`city_id`,`lat`,`lng`) VALUES (846,'11 rue André Blondel',null,'71200',555,47.9763996938633,0.17024859902789943);
INSERT INTO `location` (`id`,`street`,`housenumber`,`postcode`,`city_id`,`lat`,`lng`) VALUES (847,'33 rue des Trois Frontières',null,'68110',546,47.773180279410745,7.392341100247603);
INSERT INTO `location` (`id`,`street`,`housenumber`,`postcode`,`city_id`,`lat`,`lng`) VALUES (848,'40 rue Augustin Fresnel',null,'37170',533,47.34188449852928,0.7254246002425854);
INSERT INTO `location` (`id`,`street`,`housenumber`,`postcode`,`city_id`,`lat`,`lng`) VALUES (849,'39 RUE JULES GUESDE',null,'69230',574,45.697413447586335,4.815867603178621);
INSERT INTO `location` (`id`,`street`,`housenumber`,`postcode`,`city_id`,`lat`,`lng`) VALUES (850,'22 RUE BERNARD FERNAND',null,'66000',570,42.73265455314644,2.8849818825368088);
INSERT INTO `location` (`id`,`street`,`housenumber`,`postcode`,`city_id`,`lat`,`lng`) VALUES (851,'13 Rue du Crêt de Mars',null,'42150',552,45.41560520795109,4.371705001984238);
INSERT INTO `location` (`id`,`street`,`housenumber`,`postcode`,`city_id`,`lat`,`lng`) VALUES (852,'140 CHEMIN BAREYRE',null,'40300',571,43.55911727962818,-1.150348701550961);
INSERT INTO `location` (`id`,`street`,`housenumber`,`postcode`,`city_id`,`lat`,`lng`) VALUES (853,'770 R J R G Gauthier de la Lauzière',null,'13290',529,43.48208256610987,5.364629787947069);
INSERT INTO `location` (`id`,`street`,`housenumber`,`postcode`,`city_id`,`lat`,`lng`) VALUES (854,'400 Allée de la Chartreuse',null,'84149',564,43.9016415159864,4.897563849161014);
INSERT INTO `location` (`id`,`street`,`housenumber`,`postcode`,`city_id`,`lat`,`lng`) VALUES (855,'151 AV DES AYGALADES',null,'13015',559,43.343774634456544,5.362203998233751);
INSERT INTO `location` (`id`,`street`,`housenumber`,`postcode`,`city_id`,`lat`,`lng`) VALUES (856,'927 Avenue Joliot Curie',null,'30900',566,43.806975286486946,4.315276800505945);
INSERT INTO `location` (`id`,`street`,`housenumber`,`postcode`,`city_id`,`lat`,`lng`) VALUES (857,'VOIE DES ALLIES',null,'14740',579,49.20638606291829,-0.5179529789428868);
INSERT INTO `location` (`id`,`street`,`housenumber`,`postcode`,`city_id`,`lat`,`lng`) VALUES (858,'4 RUE CONDORCET',null,'76300',577,49.40936480065719,1.1120282294244632);
INSERT INTO `location` (`id`,`street`,`housenumber`,`postcode`,`city_id`,`lat`,`lng`) VALUES (859,'ZA Les Chèvres',null,'50470',580,49.589318534445084,-1.598047427669813);
INSERT INTO `location` (`id`,`street`,`housenumber`,`postcode`,`city_id`,`lat`,`lng`) VALUES (860,'8 Zone Industrielle de la Liane',null,'62360',576,50.697228342607104,1.6092315720356773);
INSERT INTO `location` (`id`,`street`,`housenumber`,`postcode`,`city_id`,`lat`,`lng`) VALUES (861,'13 RUE ALEXIS CLAIRAUT',null,'29200',530,48.415219243011755,-4.4608339568571305);
INSERT INTO `location` (`id`,`street`,`housenumber`,`postcode`,`city_id`,`lat`,`lng`) VALUES (862,'9 RUE JACQUES CHARLES',null,'45380',549,47.88490805300372,1.8180745576555126);
INSERT INTO `location` (`id`,`street`,`housenumber`,`postcode`,`city_id`,`lat`,`lng`) VALUES (863,'7 rue Passerosses',null,'17340',534,46.08635654070794,-1.093723899763683);
INSERT INTO `location` (`id`,`street`,`housenumber`,`postcode`,`city_id`,`lat`,`lng`) VALUES (864,'7 allée des Joncs',null,'73420',540,45.65988045246935,5.913655600819019);
INSERT INTO `location` (`id`,`street`,`housenumber`,`postcode`,`city_id`,`lat`,`lng`) VALUES (865,'171 ANCIENNE ROUTE DE LA GARDE',null,'83210',550,43.15240983976019,6.036453571637013);
INSERT INTO `location` (`id`,`street`,`housenumber`,`postcode`,`city_id`,`lat`,`lng`) VALUES (866,'345 rue Georges Besse',null,'83600',543,43.43948635907043,6.716867284227422);
INSERT INTO `location` (`id`,`street`,`housenumber`,`postcode`,`city_id`,`lat`,`lng`) VALUES (867,'1 QUAI DES CANAQUES',null,'76700',544,49.50012782673064,0.19865037108815578);
INSERT INTO `location` (`id`,`street`,`housenumber`,`postcode`,`city_id`,`lat`,`lng`) VALUES (868,'6A RUE DES CHATEAUX',null,'59700',558,50.65575386252828,3.111799029120183);
INSERT INTO `location` (`id`,`street`,`housenumber`,`postcode`,`city_id`,`lat`,`lng`) VALUES (869,'5 Rue de l\'Escaut',null,'51100',572,49.24883486943113,4.067450671706499);
INSERT INTO `location` (`id`,`street`,`housenumber`,`postcode`,`city_id`,`lat`,`lng`) VALUES (870,'21 RTE DE LA WANTZENEAU',null,'67800',545,48.63138855853747,7.7654170996346235);
INSERT INTO `location` (`id`,`street`,`housenumber`,`postcode`,`city_id`,`lat`,`lng`) VALUES (871,'94 rue Gaspard Monge',null,'56660',553,47.78199202381912,-3.3377602559649944);
INSERT INTO `location` (`id`,`street`,`housenumber`,`postcode`,`city_id`,`lat`,`lng`) VALUES (872,'5 rue de l\'Euron',null,'54320',560,48.70292813918932,6.1329798999416445);
INSERT INTO `location` (`id`,`street`,`housenumber`,`postcode`,`city_id`,`lat`,`lng`) VALUES (873,'ZAC Actisud Parc Saint Jean',null,'57130',548,49.07768740477212,6.097024394815309);
INSERT INTO `location` (`id`,`street`,`housenumber`,`postcode`,`city_id`,`lat`,`lng`) VALUES (874,'Rue des Isles',null,'89470',563,47.8302879711145,3.5768327300192273);
INSERT INTO `location` (`id`,`street`,`housenumber`,`postcode`,`city_id`,`lat`,`lng`) VALUES (875,'28 RUE DE L AULNE',null,'10150',537,48.33081465808027,4.11460885734614);
INSERT INTO `location` (`id`,`street`,`housenumber`,`postcode`,`city_id`,`lat`,`lng`) VALUES (876,'2 rue Antoine de St Exupéry',null,'87350',569,45.83393635902979,1.3094474842238655);
INSERT INTO `location` (`id`,`street`,`housenumber`,`postcode`,`city_id`,`lat`,`lng`) VALUES (877,'18 AVENUE DE GRASSE',null,'6400',531,43.5540164339146,7.014289271079284);
INSERT INTO `location` (`id`,`street`,`housenumber`,`postcode`,`city_id`,`lat`,`lng`) VALUES (878,'120 rue Georges Onslow',null,'34070',565,43.572760923073126,3.861101558796397);
INSERT INTO `location` (`id`,`street`,`housenumber`,`postcode`,`city_id`,`lat`,`lng`) VALUES (879,'265 ROUTE DE LA BARONNE',null,'6640',575,43.743622611330714,7.177015971644191);
INSERT INTO `location` (`id`,`street`,`housenumber`,`postcode`,`city_id`,`lat`,`lng`) VALUES (880,'5 rue Edouard Belin',null,'60200',536,49.38717247808883,2.7947442011881916);
INSERT INTO `location` (`id`,`street`,`housenumber`,`postcode`,`city_id`,`lat`,`lng`) VALUES (881,'5 rue du Bailly',null,'21000',539,47.3499332339247,5.073806258569627);
INSERT INTO `location` (`id`,`street`,`housenumber`,`postcode`,`city_id`,`lat`,`lng`) VALUES (882,'11 RUE DE LIRENNE',null,'25480',541,47.27354049708132,5.991209271684861);
INSERT INTO `location` (`id`,`street`,`housenumber`,`postcode`,`city_id`,`lat`,`lng`) VALUES (883,'Les palmiers',null,'97232',554,14.62673531734558,-61.00703817286726);
INSERT INTO `location` (`id`,`street`,`housenumber`,`postcode`,`city_id`,`lat`,`lng`) VALUES (884,'Allée Felix Nadar','24','33700',561,44.84580016535647,-0.6719567444143003);
INSERT INTO `location` (`id`,`street`,`housenumber`,`postcode`,`city_id`,`lat`,`lng`) VALUES (885,'56 BOULEVARD DE COURCERIN',null,'77183',538,48.82371960423953,2.6338906729294087);
INSERT INTO `location` (`id`,`street`,`housenumber`,`postcode`,`city_id`,`lat`,`lng`) VALUES (886,'12 Chaussée Jules CESAR',null,'95520',568,49.05129451594531,2.071245330044614);
INSERT INTO `location` (`id`,`street`,`housenumber`,`postcode`,`city_id`,`lat`,`lng`) VALUES (887,'RUE DE CHAMPFLEUR',null,'49124',578,47.479437159183036,-0.5037469402027677);
INSERT INTO `location` (`id`,`street`,`housenumber`,`postcode`,`city_id`,`lat`,`lng`) VALUES (888,'23 RUE FRANCOIS JACOB',null,'92500',573,48.89109781870083,2.1764515398279993);
INSERT INTO `location` (`id`,`street`,`housenumber`,`postcode`,`city_id`,`lat`,`lng`) VALUES (889,'163 AV DU PRESIDENT WILSON',null,'93210',551,48.9103281707886,2.3576349866407336);
INSERT INTO `location` (`id`,`street`,`housenumber`,`postcode`,`city_id`,`lat`,`lng`) VALUES (890,'153 rue de Noisy le Sec',null,'93260',556,48.877029483068476,2.417478800869604);
INSERT INTO `location` (`id`,`street`,`housenumber`,`postcode`,`city_id`,`lat`,`lng`) VALUES (891,'15 rue Honoré Labande',null,'98000',562,43.73631665844786,7.415111070795963);
INSERT INTO `location` (`id`,`street`,`housenumber`,`postcode`,`city_id`,`lat`,`lng`) VALUES (892,'45 grande allée du 12 février 1934',null,'77186',567,48.84227008889113,2.6225926331487215);
INSERT INTO `location` (`id`,`street`,`housenumber`,`postcode`,`city_id`,`lat`,`lng`) VALUES (893,'128 bis avenue Jean Jaurès - carré Ivry L2 & L3',null,'94200',547,48.81350847945918,2.394791712457779);
INSERT INTO `location` (`id`,`street`,`housenumber`,`postcode`,`city_id`,`lat`,`lng`) VALUES (894,'780 Circle 75 Parkway SE',null,'30339',9,33.89051839790327,-84.46540952779533);
INSERT INTO `location` (`id`,`street`,`housenumber`,`postcode`,`city_id`,`lat`,`lng`) VALUES (895,'McNerney Road','22','48308',582,41.60184246844441,-83.52570519882016);
INSERT INTO `location` (`id`,`street`,`housenumber`,`postcode`,`city_id`,`lat`,`lng`) VALUES (896,'Im Südfeld','6968','43619',583,51.90797643484819,7.4735908300939675);
INSERT INTO `location` (`id`,`street`,`housenumber`,`postcode`,`city_id`,`lat`,`lng`) VALUES (897,'Hunnan 2nd Road',null,null,351,41.74829899033951,123.46641000184037);
INSERT INTO `location` (`id`,`street`,`housenumber`,`postcode`,`city_id`,`lat`,`lng`) VALUES (898,'Commerce Park Drive',null,null,205,28.43182647001305,-81.41480571496729);
INSERT INTO `location` (`id`,`street`,`housenumber`,`postcode`,`city_id`,`lat`,`lng`) VALUES (899,'Maoye Plaza Nantong Rd',null,null,358,32.49665685585832,119.94847900122548);
INSERT INTO `location` (`id`,`street`,`housenumber`,`postcode`,`city_id`,`lat`,`lng`) VALUES (900,'Bingjiang South road',null,null,336,30.83868700,106.11076200);
INSERT INTO `location` (`id`,`street`,`housenumber`,`postcode`,`city_id`,`lat`,`lng`) VALUES (901,'Westport Center Drive','2047 2067','63146',248,38.693724249184065,-90.42244891104032);
INSERT INTO `location` (`id`,`street`,`housenumber`,`postcode`,`city_id`,`lat`,`lng`) VALUES (902,'Carmel Road','6701','28226',44,35.08545116329819,-80.84527743127992);
INSERT INTO `location` (`id`,`street`,`housenumber`,`postcode`,`city_id`,`lat`,`lng`) VALUES (903,'Gladbecker Straße','5','40472',72,51.2741266509688,6.79450679976524);
INSERT INTO `location` (`id`,`street`,`housenumber`,`postcode`,`city_id`,`lat`,`lng`) VALUES (904,'Zeppelinstr','126','73730',77,48.7208803011663,9.34988626913377);
INSERT INTO `location` (`id`,`street`,`housenumber`,`postcode`,`city_id`,`lat`,`lng`) VALUES (905,'Im Südfeld','22','48308',583,51.9079698364167,7.47358009808395);
INSERT INTO `location` (`id`,`street`,`housenumber`,`postcode`,`city_id`,`lat`,`lng`) VALUES (906,'N Calvert St','111','21202',584,39.2907895690301,-76.6115996446579);
INSERT INTO `location` (`id`,`street`,`housenumber`,`postcode`,`city_id`,`lat`,`lng`) VALUES (907,'Broadway Avenue J','5826','77551',585,29.2902003106144,-94.833026502579);
INSERT INTO `location` (`id`,`street`,`housenumber`,`postcode`,`city_id`,`lat`,`lng`) VALUES (908,'Chakan Industrial Area, Phase – II','A-23','410501',591,18.7666079415857,73.7770779268486);
INSERT INTO `location` (`id`,`street`,`housenumber`,`postcode`,`city_id`,`lat`,`lng`) VALUES (909,'Kennedy Road','2075','M1T 3V3',238,43.7783829330631,-79.2845456554667);
INSERT INTO `location` (`id`,`street`,`housenumber`,`postcode`,`city_id`,`lat`,`lng`) VALUES (910,'Finchdene Square','270','M1X 1A5',238,43.8203771971107,-79.2364179310294);
INSERT INTO `location` (`id`,`street`,`housenumber`,`postcode`,`city_id`,`lat`,`lng`) VALUES (911,'Booth Avenue','33','M4M 2M3',260,43.6551803543435,-79.3411658021985);
INSERT INTO `location` (`id`,`street`,`housenumber`,`postcode`,`city_id`,`lat`,`lng`) VALUES (912,'Aerowood Drive','1200','L4W 2S7',586,43.6382313853831,-79.6388583021992);
INSERT INTO `location` (`id`,`street`,`housenumber`,`postcode`,`city_id`,`lat`,`lng`) VALUES (913,'Silver Dart Drive','6301','L5P 1B2',586,43.6824725614001,-79.6127916021977);
INSERT INTO `location` (`id`,`street`,`housenumber`,`postcode`,`city_id`,`lat`,`lng`) VALUES (914,'Milner Avenue','455','M1B 2K4',238,43.7911584551689,-79.2283423598664);
INSERT INTO `location` (`id`,`street`,`housenumber`,`postcode`,`city_id`,`lat`,`lng`) VALUES (915,'McNicoll Avenue','517','M2H 2C9',587,43.8033183194444,-79.3387897797305);
INSERT INTO `location` (`id`,`street`,`housenumber`,`postcode`,`city_id`,`lat`,`lng`) VALUES (916,'Falconridge Road','598','P3A 5K6',588,46.5121849955433,-80.9291959309416);
INSERT INTO `location` (`id`,`street`,`housenumber`,`postcode`,`city_id`,`lat`,`lng`) VALUES (917,'Meadowbrook Drive','4093','N6L 1G2',589,42.9188868653101,-81.2669394022216);
INSERT INTO `location` (`id`,`street`,`housenumber`,`postcode`,`city_id`,`lat`,`lng`) VALUES (918,'Parisien Street','1151','K1B 4W4',590,45.4202914873718,-75.6280968733057);
INSERT INTO `location` (`id`,`street`,`housenumber`,`postcode`,`city_id`,`lat`,`lng`) VALUES (919,'Norris Court','596','K7P 2S1',592,44.2638007627089,-76.5649297021792);
INSERT INTO `location` (`id`,`street`,`housenumber`,`postcode`,`city_id`,`lat`,`lng`) VALUES (920,'Barton St.E','2701','L8E 2J5',593,43.2344092843467,-79.7473149190671);
INSERT INTO `location` (`id`,`street`,`housenumber`,`postcode`,`city_id`,`lat`,`lng`) VALUES (921,'Ray Lawson','8551','H1J 1K6',594,45.6175123791067,-73.5626004021353);
INSERT INTO `location` (`id`,`street`,`housenumber`,`postcode`,`city_id`,`lat`,`lng`) VALUES (922,'Lindsay Avenue','97','H9P 2S6',595,45.4564263275907,-73.7262724021406);
INSERT INTO `location` (`id`,`street`,`housenumber`,`postcode`,`city_id`,`lat`,`lng`) VALUES (923,'Rue Cyrille-Duquet','1990','G1N 4K8',596,46.7969975447372,-71.2699278444241);
INSERT INTO `location` (`id`,`street`,`housenumber`,`postcode`,`city_id`,`lat`,`lng`) VALUES (924,'Wright Avenue','340','B3B 0B3',64,44.7071270037712,-63.584812259837);
INSERT INTO `location` (`id`,`street`,`housenumber`,`postcode`,`city_id`,`lat`,`lng`) VALUES (925,'Malenfant Blvd','683A','E1A 5T8',597,46.1032781622655,-64.7220661156112);
INSERT INTO `location` (`id`,`street`,`housenumber`,`postcode`,`city_id`,`lat`,`lng`) VALUES (926,'Duffy Place','1','A1B 4M6',598,47.562186360069,-52.7730624309063);
INSERT INTO `location` (`id`,`street`,`housenumber`,`postcode`,`city_id`,`lat`,`lng`) VALUES (927,'Douglas Road','2303','V5C 5A9',599,49.2629084732567,-122.988250315503);
INSERT INTO `location` (`id`,`street`,`housenumber`,`postcode`,`city_id`,`lat`,`lng`) VALUES (928,'Wayburne Drive','3657','V5G 3L1',599,49.2524630733276,-122.994910202012);
INSERT INTO `location` (`id`,`street`,`housenumber`,`postcode`,`city_id`,`lat`,`lng`) VALUES (929,'Henry Eng Place','1055','V9B 6B2',600,48.4442256605539,-123.520028073204);
INSERT INTO `location` (`id`,`street`,`housenumber`,`postcode`,`city_id`,`lat`,`lng`) VALUES (930,'Enterprise Way','200-2606',' V1X 7Y5',601,49.8916270913017,-119.424849473153);
INSERT INTO `location` (`id`,`street`,`housenumber`,`postcode`,`city_id`,`lat`,`lng`) VALUES (931,'52nd Avenue S.E.','2419','T2C 4X7',39,51.0058741795588,-114.003871630785);
INSERT INTO `location` (`id`,`street`,`housenumber`,`postcode`,`city_id`,`lat`,`lng`) VALUES (932,'176 Street','10230','T5S 1L2',602,53.5445075299162,-113.624775273019);
INSERT INTO `location` (`id`,`street`,`housenumber`,`postcode`,`city_id`,`lat`,`lng`) VALUES (933,'McIntyre St','1358','S4R 2M8',603,50.4571108571914,-104.616996801969);
INSERT INTO `location` (`id`,`street`,`housenumber`,`postcode`,`city_id`,`lat`,`lng`) VALUES (934,'Avenue M South','419','S7M 2K6',604,52.1231703183255,-106.689063030744);
INSERT INTO `location` (`id`,`street`,`housenumber`,`postcode`,`city_id`,`lat`,`lng`) VALUES (935,'Burrows Avenue','1635','R2X 3B5',605,49.9329403708089,-97.1847426480199);
INSERT INTO `location` (`id`,`street`,`housenumber`,`postcode`,`city_id`,`lat`,`lng`) VALUES (936,'Adams Street','940','60607',49,41.879631914801,-87.6511091309713);
INSERT INTO `location` (`id`,`street`,`housenumber`,`postcode`,`city_id`,`lat`,`lng`) VALUES (937,'Washington Street','8500','87113',2,35.1816243043394,-106.593847173152);
INSERT INTO `location` (`id`,`street`,`housenumber`,`postcode`,`city_id`,`lat`,`lng`) VALUES (938,'King Air Court','9474B','23005',8,37.693138500394,-77.4301254019353);
INSERT INTO `location` (`id`,`street`,`housenumber`,`postcode`,`city_id`,`lat`,`lng`) VALUES (939,'121st Street','4671','50323',606,41.6461818447289,-93.7795283018453);
INSERT INTO `location` (`id`,`street`,`housenumber`,`postcode`,`city_id`,`lat`,`lng`) VALUES (940,'Canal Road','555',null,368,31.6880147069296,120.287200869397);
INSERT INTO `location` (`id`,`street`,`housenumber`,`postcode`,`city_id`,`lat`,`lng`) VALUES (941,'ChangJiang Road','28',null,378,36.0572033252474,120.310146093131);
INSERT INTO `location` (`id`,`street`,`housenumber`,`postcode`,`city_id`,`lat`,`lng`) VALUES (942,'Shennan Middle Road','1019',null,352,22.5405830388563,114.103242762527);
INSERT INTO `location` (`id`,`street`,`housenumber`,`postcode`,`city_id`,`lat`,`lng`) VALUES (943,'Morris Street','903','25301',43,38.35059502422366,-81.62245460210715);
INSERT INTO `location` (`id`,`street`,`housenumber`,`postcode`,`city_id`,`lat`,`lng`) VALUES (944,'Silver Spring Drive','N56 W13535','3051',607,43.11827398671824,-88.08070480939782);
INSERT INTO `location` (`id`,`street`,`housenumber`,`postcode`,`city_id`,`lat`,`lng`) VALUES (945,'Northland Drive NE','5169','49525',105,43.0564996151898,-85.5810937153215);
INSERT INTO `location` (`id`,`street`,`housenumber`,`postcode`,`city_id`,`lat`,`lng`) VALUES (946,'Avenue Guilibert de a Lauziere','770','13290',529,43.481938740036014,5.364718297873767);
INSERT INTO `location` (`id`,`street`,`housenumber`,`postcode`,`city_id`,`lat`,`lng`) VALUES (947,'Third Avenue','1218','98101',239,47.607701645671696,-122.33543101549317);
INSERT INTO `location` (`id`,`street`,`housenumber`,`postcode`,`city_id`,`lat`,`lng`) VALUES (948,'Cifuentes',NULL,'28021',418,40.34879302296551,-3.6968499231446788);
INSERT INTO `location` (`id`,`street`,`housenumber`,`postcode`,`city_id`,`lat`,`lng`) VALUES (949,'Elm Hill Pike','1717','37210',192,36.14425636047989,-86.71002847344725);
INSERT INTO `location` (`id`,`street`,`housenumber`,`postcode`,`city_id`,`lat`,`lng`) VALUES (950,'21 Rue de Champfleur','21','49124',578,47.47936055802495, -0.5037783130097382);
INSERT INTO `location` (`id`,`street`,`housenumber`,`postcode`,`city_id`,`lat`,`lng`) VALUES (951,'Airport Park Blvd','4','12110',608,42.75754084344517,-73.81774888716262);
INSERT INTO `location` (`id`,`street`,`housenumber`,`postcode`,`city_id`,`lat`,`lng`) VALUES (952,'Allée des Joncs','7','73420',540,45.65980548771822,5.913644869081803);
INSERT INTO `location` (`id`,`street`,`housenumber`,`postcode`,`city_id`,`lat`,`lng`) VALUES (953,'Stevens Drive','1821','52240',609,41.642136443617154,-91.53494925781268);
INSERT INTO `location` (`id`,`street`,`housenumber`,`postcode`,`city_id`,`lat`,`lng`) VALUES (954,'Gladbecker Straße','5','40472',610,51.2741266509688,6.79450679976524);
INSERT INTO `location` (`id`,`street`,`housenumber`,`postcode`,`city_id`,`lat`,`lng`) VALUES (955,'Defne Sok','3','34750',132,40.98191371372513,29.102178255954755);
INSERT INTO `location` (`id`,`street`,`housenumber`,`postcode`,`city_id`,`lat`,`lng`) VALUES (956,'Cornhusker Road','13275','68138',407,41.16083947002219,-96.12110976275075);
INSERT INTO `location` (`id`,`street`,`housenumber`,`postcode`,`city_id`,`lat`,`lng`) VALUES (957,'Frank H. Ogawa Plaza','1','94612',611,37.80531471210855,-122.27253934160686);
INSERT INTO `location` (`id`,`street`,`housenumber`,`postcode`,`city_id`,`lat`,`lng`) VALUES (958,'Hungaria korut','128','1143',36,47.50975405759437,19.10037278374367);
INSERT INTO `location` (`id`,`street`,`housenumber`,`postcode`,`city_id`,`lat`,`lng`) VALUES (99999,'No location',NULL,NULL,99999,NULL,NULL);

COMMIT;


-- -----------------------------------------------------
-- Data for table `organization`
-- -----------------------------------------------------
START TRANSACTION;

INSERT INTO `organization` (`id`, `url`, `logo`) VALUES (1, 'https://www.tkelevator.com','https://jobs.tkelevator.com/img/logo.svg');
INSERT INTO `organization` (`id`, `url`, `logo`) VALUES (2, 'https://www.tkelevator.com','https://jobs.tkelevator.com/img/logo.svg');
INSERT INTO `organization` (`id`, `url`, `logo`) VALUES (3, 'https://www.tkelevator.com','https://jobs.tkelevator.com/img/logo.svg');
INSERT INTO `organization` (`id`, `url`, `logo`) VALUES (4, 'https://www.tkelevator.com','https://jobs.tkelevator.com/img/logo.svg');
INSERT INTO `organization` (`id`, `url`, `logo`) VALUES (5, 'https://www.tkelevator.com','https://jobs.tkelevator.com/img/logo.svg');
INSERT INTO `organization` (`id`, `url`, `logo`) VALUES (6, 'https://www.tkelevator.com','https://jobs.tkelevator.com/img/logo.svg');
INSERT INTO `organization` (`id`, `url`, `logo`) VALUES (7, 'https://www.tkelevator.com','https://jobs.tkelevator.com/img/logo.svg');
INSERT INTO `organization` (`id`, `url`, `logo`) VALUES (8, 'https://www.tkelevator.com','https://jobs.tkelevator.com/img/logo.svg');
INSERT INTO `organization` (`id`, `url`, `logo`) VALUES (9, 'https://www.tkelevator.com','https://jobs.tkelevator.com/img/logo.svg');
INSERT INTO `organization` (`id`, `url`, `logo`) VALUES (10, 'https://www.tkelevator.com','https://jobs.tkelevator.com/img/logo.svg');
INSERT INTO `organization` (`id`, `url`, `logo`) VALUES (11, 'https://www.tkelevator.com','https://jobs.tkelevator.com/img/logo.svg');
INSERT INTO `organization` (`id`, `url`, `logo`) VALUES (12, 'https://www.tkelevator.com','https://jobs.tkelevator.com/img/logo.svg');
INSERT INTO `organization` (`id`, `url`, `logo`) VALUES (13, 'https://www.tkelevator.com','https://jobs.tkelevator.com/img/logo.svg');
INSERT INTO `organization` (`id`, `url`, `logo`) VALUES (14, 'https://www.tkelevator.com','https://jobs.tkelevator.com/img/logo.svg');
INSERT INTO `organization` (`id`, `url`, `logo`) VALUES (15, 'https://www.tkelevator.com','https://jobs.tkelevator.com/img/logo.svg');
INSERT INTO `organization` (`id`, `url`, `logo`) VALUES (16, 'https://www.tkelevator.com','https://jobs.tkelevator.com/img/logo.svg');
INSERT INTO `organization` (`id`, `url`, `logo`) VALUES (17, 'https://www.tkelevator.com','https://jobs.tkelevator.com/img/logo.svg');
INSERT INTO `organization` (`id`, `url`, `logo`) VALUES (18, 'https://www.tkelevator.com','https://jobs.tkelevator.com/img/logo.svg');
INSERT INTO `organization` (`id`, `url`, `logo`) VALUES (19, 'https://www.tkelevator.com','https://jobs.tkelevator.com/img/logo.svg');
INSERT INTO `organization` (`id`, `url`, `logo`) VALUES (26, 'https://www.tkelevator.com','https://jobs.tkelevator.com/img/logo.svg');
INSERT INTO `organization` (`id`, `url`, `logo`) VALUES (27, 'https://www.tkelevator.com','https://jobs.tkelevator.com/img/logo.svg');
INSERT INTO `organization` (`id`, `url`, `logo`) VALUES (28, 'https://www.tkelevator.com','https://jobs.tkelevator.com/img/logo.svg');
INSERT INTO `organization` (`id`, `url`, `logo`) VALUES (29, 'https://www.tkelevator.com','https://jobs.tkelevator.com/img/logo.svg');
INSERT INTO `organization` (`id`, `url`, `logo`) VALUES (30, 'https://www.tkelevator.com','https://jobs.tkelevator.com/img/logo.svg');
INSERT INTO `organization` (`id`, `url`, `logo`) VALUES (31, 'https://www.tkelevator.com','https://jobs.tkelevator.com/img/logo.svg');
INSERT INTO `organization` (`id`, `url`, `logo`) VALUES (32, 'https://www.tkelevator.com','https://jobs.tkelevator.com/img/logo.svg');
INSERT INTO `organization` (`id`, `url`, `logo`) VALUES (34, 'https://www.tkelevator.com','https://jobs.tkelevator.com/img/logo.svg');
INSERT INTO `organization` (`id`, `url`, `logo`) VALUES (35, 'https://www.tkelevator.com','https://jobs.tkelevator.com/img/logo.svg');
INSERT INTO `organization` (`id`, `url`, `logo`) VALUES (36, 'https://www.tkelevator.com','https://jobs.tkelevator.com/img/logo.svg');
INSERT INTO `organization` (`id`, `url`, `logo`) VALUES (37, 'https://www.tkelevator.com','https://jobs.tkelevator.com/img/logo.svg');
INSERT INTO `organization` (`id`, `url`, `logo`) VALUES (38, 'https://www.tkelevator.com','https://jobs.tkelevator.com/img/logo.svg');
INSERT INTO `organization` (`id`, `url`, `logo`) VALUES (39, 'https://www.tkelevator.com','https://jobs.tkelevator.com/img/logo.svg');
INSERT INTO `organization` (`id`, `url`, `logo`) VALUES (40, 'https://www.tkelevator.com','https://jobs.tkelevator.com/img/logo.svg');
INSERT INTO `organization` (`id`, `url`, `logo`) VALUES (41, 'https://www.tkelevator.com','https://jobs.tkelevator.com/img/logo.svg');
INSERT INTO `organization` (`id`, `url`, `logo`) VALUES (42, 'https://www.tkelevator.com','https://jobs.tkelevator.com/img/logo.svg');
INSERT INTO `organization` (`id`, `url`, `logo`) VALUES (43, 'https://www.tkelevator.com','https://jobs.tkelevator.com/img/logo.svg');
INSERT INTO `organization` (`id`, `url`, `logo`) VALUES (44, 'https://www.tkelevator.com','https://jobs.tkelevator.com/img/logo.svg');
INSERT INTO `organization` (`id`, `url`, `logo`) VALUES (45, 'https://www.tkelevator.com','https://jobs.tkelevator.com/img/logo.svg');
INSERT INTO `organization` (`id`, `url`, `logo`) VALUES (46, 'https://www.tkelevator.com','https://jobs.tkelevator.com/img/logo.svg');
INSERT INTO `organization` (`id`, `url`, `logo`) VALUES (47, 'https://www.tkelevator.com','https://jobs.tkelevator.com/img/logo.svg');
INSERT INTO `organization` (`id`, `url`, `logo`) VALUES (48, 'https://www.tkelevator.com','https://jobs.tkelevator.com/img/logo.svg');
INSERT INTO `organization` (`id`, `url`, `logo`) VALUES (49, 'https://www.tkelevator.com','https://jobs.tkelevator.com/img/logo.svg');
INSERT INTO `organization` (`id`, `url`, `logo`) VALUES (50, 'https://www.tkelevator.com','https://jobs.tkelevator.com/img/logo.svg');
INSERT INTO `organization` (`id`, `url`, `logo`) VALUES (51, 'https://www.tkelevator.com','https://jobs.tkelevator.com/img/logo.svg');
INSERT INTO `organization` (`id`, `url`, `logo`) VALUES (52, 'https://www.tkelevator.com','https://jobs.tkelevator.com/img/logo.svg');
INSERT INTO `organization` (`id`, `url`, `logo`) VALUES (53, 'https://www.tkelevator.com','https://jobs.tkelevator.com/img/logo.svg');
INSERT INTO `organization` (`id`, `url`, `logo`) VALUES (54, 'https://www.tkelevator.com','https://jobs.tkelevator.com/img/logo.svg');
INSERT INTO `organization` (`id`, `url`, `logo`) VALUES (55, 'https://www.tkelevator.com','https://jobs.tkelevator.com/img/logo.svg');
INSERT INTO `organization` (`id`, `url`, `logo`) VALUES (56, 'https://www.tkelevator.com','https://jobs.tkelevator.com/img/logo.svg');
INSERT INTO `organization` (`id`, `url`, `logo`) VALUES (57, 'https://www.tkelevator.com','https://jobs.tkelevator.com/img/logo.svg');
INSERT INTO `organization` (`id`, `url`, `logo`) VALUES (58, 'https://www.tkelevator.com','https://jobs.tkelevator.com/img/logo.svg');
INSERT INTO `organization` (`id`, `url`, `logo`) VALUES (59, 'https://www.tkelevator.com','https://jobs.tkelevator.com/img/logo.svg');
INSERT INTO `organization` (`id`, `url`, `logo`) VALUES (60, 'https://www.tkelevator.com','https://jobs.tkelevator.com/img/logo.svg');
INSERT INTO `organization` (`id`, `url`, `logo`) VALUES (61, 'https://www.tkelevator.com','https://jobs.tkelevator.com/img/logo.svg');
INSERT INTO `organization` (`id`, `url`, `logo`) VALUES (62, 'https://www.tkelevator.com','https://jobs.tkelevator.com/img/logo.svg');
INSERT INTO `organization` (`id`, `url`, `logo`) VALUES (63, 'https://www.tkelevator.com','https://jobs.tkelevator.com/img/logo.svg');
INSERT INTO `organization` (`id`, `url`, `logo`) VALUES (64, 'https://www.tkelevator.com','https://jobs.tkelevator.com/img/logo.svg');
INSERT INTO `organization` (`id`, `url`, `logo`) VALUES (65, 'https://www.tkelevator.com','https://jobs.tkelevator.com/img/logo.svg');
INSERT INTO `organization` (`id`, `url`, `logo`) VALUES (66, 'https://www.tkelevator.com','https://jobs.tkelevator.com/img/logo.svg');
INSERT INTO `organization` (`id`, `url`, `logo`) VALUES (67, 'https://www.tkelevator.com','https://jobs.tkelevator.com/img/logo.svg');
INSERT INTO `organization` (`id`, `url`, `logo`) VALUES (68, 'https://www.tkelevator.com','https://jobs.tkelevator.com/img/logo.svg');
INSERT INTO `organization` (`id`, `url`, `logo`) VALUES (69, 'https://www.tkelevator.com','https://jobs.tkelevator.com/img/logo.svg');
INSERT INTO `organization` (`id`, `url`, `logo`) VALUES (70, 'https://www.tkelevator.com','https://jobs.tkelevator.com/img/logo.svg');
INSERT INTO `organization` (`id`, `url`, `logo`) VALUES (71, 'https://www.tkelevator.com','https://jobs.tkelevator.com/img/logo.svg');
INSERT INTO `organization` (`id`, `url`, `logo`) VALUES (72, 'https://www.tkelevator.com','https://jobs.tkelevator.com/img/logo.svg');
INSERT INTO `organization` (`id`, `url`, `logo`) VALUES (73, 'https://www.tkelevator.com','https://jobs.tkelevator.com/img/logo.svg');
INSERT INTO `organization` (`id`, `url`, `logo`) VALUES (74, 'https://www.tkelevator.com','https://jobs.tkelevator.com/img/logo.svg');
INSERT INTO `organization` (`id`, `url`, `logo`) VALUES (75, 'https://www.tkelevator.com','https://jobs.tkelevator.com/img/logo.svg');
INSERT INTO `organization` (`id`, `url`, `logo`) VALUES (76, 'https://www.tkelevator.com','https://jobs.tkelevator.com/img/logo.svg');
INSERT INTO `organization` (`id`, `url`, `logo`) VALUES (77, 'https://www.tkelevator.com','https://jobs.tkelevator.com/img/logo.svg');
INSERT INTO `organization` (`id`, `url`, `logo`) VALUES (78, 'https://www.tkelevator.com','https://jobs.tkelevator.com/img/logo.svg');
INSERT INTO `organization` (`id`, `url`, `logo`) VALUES (79, 'https://www.tkelevator.com','https://jobs.tkelevator.com/img/logo.svg');
INSERT INTO `organization` (`id`, `url`, `logo`) VALUES (80, 'https://www.tkelevator.com','https://jobs.tkelevator.com/img/logo.svg');
INSERT INTO `organization` (`id`, `url`, `logo`) VALUES (81, 'https://www.tkelevator.com','https://jobs.tkelevator.com/img/logo.svg');
INSERT INTO `organization` (`id`, `url`, `logo`) VALUES (82, 'https://www.tkelevator.com','https://jobs.tkelevator.com/img/logo.svg');
INSERT INTO `organization` (`id`, `url`, `logo`) VALUES (83, 'https://www.tkelevator.com','https://jobs.tkelevator.com/img/logo.svg');
INSERT INTO `organization` (`id`, `url`, `logo`) VALUES (84, 'https://www.tkelevator.com','https://jobs.tkelevator.com/img/logo.svg');
INSERT INTO `organization` (`id`, `url`, `logo`) VALUES (85, 'https://www.tkelevator.com','https://jobs.tkelevator.com/img/logo.svg');
INSERT INTO `organization` (`id`, `url`, `logo`) VALUES (86, 'https://www.tkelevator.com','https://jobs.tkelevator.com/img/logo.svg');
INSERT INTO `organization` (`id`, `url`, `logo`) VALUES (87, 'https://www.tkelevator.com','https://jobs.tkelevator.com/img/logo.svg');
INSERT INTO `organization` (`id`, `url`, `logo`) VALUES (88, 'https://www.tkelevator.com','https://jobs.tkelevator.com/img/logo.svg');
INSERT INTO `organization` (`id`, `url`, `logo`) VALUES (89, 'https://www.tkelevator.com','https://jobs.tkelevator.com/img/logo.svg');
INSERT INTO `organization` (`id`, `url`, `logo`) VALUES (90, 'https://www.tkelevator.com','https://jobs.tkelevator.com/img/logo.svg');
INSERT INTO `organization` (`id`, `url`, `logo`) VALUES (91, 'https://www.tkelevator.com','https://jobs.tkelevator.com/img/logo.svg');
INSERT INTO `organization` (`id`, `url`, `logo`) VALUES (92, 'https://www.tkelevator.com','https://jobs.tkelevator.com/img/logo.svg');
INSERT INTO `organization` (`id`, `url`, `logo`) VALUES (93, 'https://www.tkelevator.com','https://jobs.tkelevator.com/img/logo.svg');
INSERT INTO `organization` (`id`, `url`, `logo`) VALUES (94, 'https://www.tkelevator.com','https://jobs.tkelevator.com/img/logo.svg');
INSERT INTO `organization` (`id`, `url`, `logo`) VALUES (95, 'https://www.tkelevator.com','https://jobs.tkelevator.com/img/logo.svg');
INSERT INTO `organization` (`id`, `url`, `logo`) VALUES (96, 'https://www.tkelevator.com','https://jobs.tkelevator.com/img/logo.svg');
INSERT INTO `organization` (`id`, `url`, `logo`) VALUES (99999, 'https://www.tkelevator.com','https://jobs.tkelevator.com/img/logo.svg');

COMMIT;

-- -----------------------------------------------------
-- Data for table `organization_translation`
-- -----------------------------------------------------
START TRANSACTION;

INSERT INTO `organization_translation` (`organization_id`, `language_id`, `name`) VALUES (1, 'de', 'TK Elevator (China) Co., Ltd.');
INSERT INTO `organization_translation` (`organization_id`, `language_id`, `name`) VALUES (2, 'de', 'TK Elevator Corporation');
INSERT INTO `organization_translation` (`organization_id`, `language_id`, `name`) VALUES (3, 'de', 'Tepper Aufzüge GmbH');
INSERT INTO `organization_translation` (`organization_id`, `language_id`, `name`) VALUES (4, 'de', 'thyssenkrupp Aufzüge GmbH');
INSERT INTO `organization_translation` (`organization_id`, `language_id`, `name`) VALUES (5, 'de', 'TK Elevator GmbH');
INSERT INTO `organization_translation` (`organization_id`, `language_id`, `name`) VALUES (6, 'de', 'thyssenkrupp Elevator EA GmbH');
INSERT INTO `organization_translation` (`organization_id`, `language_id`, `name`) VALUES (7, 'de', 'TK Elevator (Shanghai) Co. Ltd.');
INSERT INTO `organization_translation` (`organization_id`, `language_id`, `name`) VALUES (8, 'de', 'TK Elevator Italia S.p.A.');
INSERT INTO `organization_translation` (`organization_id`, `language_id`, `name`) VALUES (9, 'de', 'TK Airport Solutions S.A.');
INSERT INTO `organization_translation` (`organization_id`, `language_id`, `name`) VALUES (10, 'de', 'thyssenkrupp Fahrtreppen GmbH');
INSERT INTO `organization_translation` (`organization_id`, `language_id`, `name`) VALUES (11, 'de', 'TK Home Solutions GmbH');
INSERT INTO `organization_translation` (`organization_id`, `language_id`, `name`) VALUES (12, 'de', 'thyssenkrupp Elevator EBC GmbH');
INSERT INTO `organization_translation` (`organization_id`, `language_id`, `name`) VALUES (13, 'de', 'TK Access Solutions Corp.');
INSERT INTO `organization_translation` (`organization_id`, `language_id`, `name`) VALUES (14, 'de', 'TK Aufzugswerke GmbH');
INSERT INTO `organization_translation` (`organization_id`, `language_id`, `name`) VALUES (15, 'de', 'TK Aufzüge AG');
INSERT INTO `organization_translation` (`organization_id`, `language_id`, `name`) VALUES (16, 'de', 'thyssenkrupp Home Solutions N.V.');
INSERT INTO `organization_translation` (`organization_id`, `language_id`, `name`) VALUES (17, 'de', 'TK Elevator Netherlands B.V.');
INSERT INTO `organization_translation` (`organization_id`, `language_id`, `name`) VALUES (18, 'de', 'thyssenkrupp Elevator Innovation Operations GmbH');
INSERT INTO `organization_translation` (`organization_id`, `language_id`, `name`) VALUES (19, 'de', 'thyssenkrupp Airport Systems Inc');
INSERT INTO `organization_translation` (`organization_id`, `language_id`, `name`) VALUES (26, 'de', 'thyssenkrupp Elevator Innovation and Operations GmbH');
INSERT INTO `organization_translation` (`organization_id`, `language_id`, `name`) VALUES (27, 'de', 'TK Elevator Innovation & Operations GmbH');
INSERT INTO `organization_translation` (`organization_id`, `language_id`, `name`) VALUES (28, 'de', 'TK Aufzüge GmbH');
INSERT INTO `organization_translation` (`organization_id`, `language_id`, `name`) VALUES (30, 'de', 'TK Elevator Europe Africa GmbH');
INSERT INTO `organization_translation` (`organization_id`, `language_id`, `name`) VALUES (31, 'de', 'TK Elevator Europe Africa Services GmbH');
INSERT INTO `organization_translation` (`organization_id`, `language_id`, `name`) VALUES (32, 'de', 'TK Fahrtreppen GmbH');
INSERT INTO `organization_translation` (`organization_id`,`language_id`,`name`) VALUES (34,'de','TK Elevator Holding GmbH');
INSERT INTO `organization_translation` (`organization_id`,`language_id`,`name`) VALUES (35,'de','TK Elevator Newco GmbH');
INSERT INTO `organization_translation` (`organization_id`,`language_id`,`name`) VALUES (36,'de','TK Elevator Midco GmbH');
INSERT INTO `organization_translation` (`organization_id`,`language_id`,`name`) VALUES (37,'de','TK Elevator Holdco GmbH');
INSERT INTO `organization_translation` (`organization_id`,`language_id`,`name`) VALUES (38,'de','TK Elevator Topco GmbH');
INSERT INTO `organization_translation` (`organization_id`,`language_id`,`name`) VALUES (39,'de','TK Elevator International Holding B.V.');
INSERT INTO `organization_translation` (`organization_id`,`language_id`,`name`) VALUES (40,'de','TK Elevadores Chile S.A.');
INSERT INTO `organization_translation` (`organization_id`,`language_id`,`name`) VALUES (41,'de','TK Elevadores Mexico S.A. de C.V.');
INSERT INTO `organization_translation` (`organization_id`,`language_id`,`name`) VALUES (42,'de','TK Elevadores Brasil LTDA');
INSERT INTO `organization_translation` (`organization_id`,`language_id`,`name`) VALUES (43,'de','TK Elevadores Colombia S.A.');
INSERT INTO `organization_translation` (`organization_id`,`language_id`,`name`) VALUES (44,'de','TK Elevadores Guatemala S.A.');
INSERT INTO `organization_translation` (`organization_id`,`language_id`,`name`) VALUES (45,'de','TK Home Solutions B.V.');
INSERT INTO `organization_translation` (`organization_id`,`language_id`,`name`) VALUES (46,'de','TK Home Solutions S.r.l.');
INSERT INTO `organization_translation` (`organization_id`,`language_id`,`name`) VALUES (47,'de','TK Elevator Australia Pty. Ltd.');
INSERT INTO `organization_translation` (`organization_id`,`language_id`,`name`) VALUES (48,'de','TK Elevator Pacific Pty. Ltd.');
INSERT INTO `organization_translation` (`organization_id`,`language_id`,`name`) VALUES (49,'de','TK Elevator New Zealand Ltd.');
INSERT INTO `organization_translation` (`organization_id`,`language_id`,`name`) VALUES (50,'de','TK Elevator Malaysia Sdn. Bhd.');
INSERT INTO `organization_translation` (`organization_id`,`language_id`,`name`) VALUES (51,'de','TK Elevator Singapore Pte. Ltd.');
INSERT INTO `organization_translation` (`organization_id`,`language_id`,`name`) VALUES (52,'de','TK Elevator Bangladesh Pvt. Ltd.');
INSERT INTO `organization_translation` (`organization_id`,`language_id`,`name`) VALUES (53,'de','TK Elevator UAE L.L.C.');
INSERT INTO `organization_translation` (`organization_id`,`language_id`,`name`) VALUES (54,'de','PT. TKE Elevator Indonesia');
INSERT INTO `organization_translation` (`organization_id`,`language_id`,`name`) VALUES (55,'de','TK Elevator (Thailand) Co. Ltd.');
INSERT INTO `organization_translation` (`organization_id`,`language_id`,`name`) VALUES (56,'de','TK Elevator India Private Limited');
INSERT INTO `organization_translation` (`organization_id`,`language_id`,`name`) VALUES (57,'de','TK Elevator Taiwan Co. Ltd.');
INSERT INTO `organization_translation` (`organization_id`,`language_id`,`name`) VALUES (58,'de','TK Elevator Korea Ltd.');
INSERT INTO `organization_translation` (`organization_id`,`language_id`,`name`) VALUES (59,'de','TK Elevator Management Ltd.');
INSERT INTO `organization_translation` (`organization_id`,`language_id`,`name`) VALUES (60,'de','TK Elevator Israel Holding LP');
INSERT INTO `organization_translation` (`organization_id`,`language_id`,`name`) VALUES (61,'de','MGTI S.A.S.');
INSERT INTO `organization_translation` (`organization_id`,`language_id`,`name`) VALUES (62,'de','Drieux-Combaluzier S.A.S.');
INSERT INTO `organization_translation` (`organization_id`,`language_id`,`name`) VALUES (63,'de','TK Elevator France Holding  S.A.S.');
INSERT INTO `organization_translation` (`organization_id`,`language_id`,`name`) VALUES (64,'de','TK Elevator France S.A.S.');
INSERT INTO `organization_translation` (`organization_id`,`language_id`,`name`) VALUES (65,'de','TK Escalator Norte S.A.');
INSERT INTO `organization_translation` (`organization_id`,`language_id`,`name`) VALUES (66,'de','TK Elevadores España S.L.U.');
INSERT INTO `organization_translation` (`organization_id`,`language_id`,`name`) VALUES (67,'de','TK Asansör Sanayi ve Tic. A.Ş.');
INSERT INTO `organization_translation` (`organization_id`,`language_id`,`name`) VALUES (68,'de','TK Elevator Norway Holding A/S');
INSERT INTO `organization_translation` (`organization_id`,`language_id`,`name`) VALUES (69,'de','TK Elevator Norway A/S');
INSERT INTO `organization_translation` (`organization_id`,`language_id`,`name`) VALUES (70,'de','TK Rulletrapper A/S');
INSERT INTO `organization_translation` (`organization_id`,`language_id`,`name`) VALUES (71,'de','TK Elevator Netherlands Holding B.V.');
INSERT INTO `organization_translation` (`organization_id`,`language_id`,`name`) VALUES (72,'de','TK Elevator Denmark A/S');
INSERT INTO `organization_translation` (`organization_id`,`language_id`,`name`) VALUES (73,'de','TK Elevator Sweden AB');
INSERT INTO `organization_translation` (`organization_id`,`language_id`,`name`) VALUES (74,'de','TK Elevator USA Holding, Inc.');
INSERT INTO `organization_translation` (`organization_id`,`language_id`,`name`) VALUES (75,'de','TK Elevator Luxembourg S.à.r.l.');
INSERT INTO `organization_translation` (`organization_id`,`language_id`,`name`) VALUES (76,'de','TK Elevadores Portugal S.A.');
INSERT INTO `organization_translation` (`organization_id`,`language_id`,`name`) VALUES (77,'de','TK Elevator Innovation Center, S.A.');
INSERT INTO `organization_translation` (`organization_id`,`language_id`,`name`) VALUES (78,'de','TK Elevator L.L.C.');
INSERT INTO `organization_translation` (`organization_id`,`language_id`,`name`) VALUES (79,'de','TK Elevadores Peru S.A.C.');
INSERT INTO `organization_translation` (`organization_id`,`language_id`,`name`) VALUES (80,'de','TK Home Solutions N.V.');
INSERT INTO `organization_translation` (`organization_id`,`language_id`,`name`) VALUES (81,'de','TK Airport Systems Inc');
INSERT INTO `organization_translation` (`organization_id`,`language_id`,`name`) VALUES (82,'de','TK Airport Solutions Inc');
INSERT INTO `organization_translation` (`organization_id`,`language_id`,`name`) VALUES (83,'de','TK Elevator Netherlands');
INSERT INTO `organization_translation` (`organization_id`,`language_id`,`name`) VALUES (84,'de','TK ELEVADORES ESPAÑA, S.L.U.');
INSERT INTO `organization_translation` (`organization_id`,`language_id`,`name`) VALUES (85,'de','THYSSENKRUPP ELEVADORES S.A.');
INSERT INTO `organization_translation` (`organization_id`,`language_id`,`name`) VALUES (86,'de','TK Elevator Manufacturing Spain SL');
INSERT INTO `organization_translation` (`organization_id`,`language_id`,`name`) VALUES (87,'de','TK ELEVATOR IBERICA HOLDING, S.L. UNIPERSONAL.');
INSERT INTO `organization_translation` (`organization_id`,`language_id`,`name`) VALUES (88,'de','TK Elevator Eastern Europe GmbH Magyarországi Fióktelepe');
INSERT INTO `organization_translation` (`organization_id`,`language_id`,`name`) VALUES (89,'de','TK Access China Ltd.');
INSERT INTO `organization_translation` (`organization_id`,`language_id`,`name`) VALUES (99999,'de','No company');

INSERT INTO `organization_translation` (`organization_id`, `language_id`, `name`) VALUES (1, 'en', 'TK Elevator (China) Co., Ltd.');
INSERT INTO `organization_translation` (`organization_id`, `language_id`, `name`) VALUES (2, 'en', 'TK Elevator Corporation');
INSERT INTO `organization_translation` (`organization_id`, `language_id`, `name`) VALUES (3, 'en', 'Tepper Aufzüge GmbH');
INSERT INTO `organization_translation` (`organization_id`, `language_id`, `name`) VALUES (4, 'en', 'thyssenkrupp Aufzüge GmbH');
INSERT INTO `organization_translation` (`organization_id`, `language_id`, `name`) VALUES (5, 'en', 'TK Elevator GmbH');
INSERT INTO `organization_translation` (`organization_id`, `language_id`, `name`) VALUES (6, 'en', 'thyssenkrupp Elevator EA GmbH');
INSERT INTO `organization_translation` (`organization_id`, `language_id`, `name`) VALUES (7, 'en', 'TK Elevator (Shanghai) Co. Ltd.');
INSERT INTO `organization_translation` (`organization_id`, `language_id`, `name`) VALUES (8, 'en', 'TK Elevator Italia S.p.A.');
INSERT INTO `organization_translation` (`organization_id`, `language_id`, `name`) VALUES (9, 'en', 'TK Airport Solutions S.A.');
INSERT INTO `organization_translation` (`organization_id`, `language_id`, `name`) VALUES (10, 'en', 'thyssenkrupp Fahrtreppen GmbH');
INSERT INTO `organization_translation` (`organization_id`, `language_id`, `name`) VALUES (11, 'en', 'TK Home Solutions GmbH');
INSERT INTO `organization_translation` (`organization_id`, `language_id`, `name`) VALUES (12, 'en', 'thyssenkrupp Elevator EBC GmbH');
INSERT INTO `organization_translation` (`organization_id`, `language_id`, `name`) VALUES (13, 'en', 'TK Access Solutions Corp.');
INSERT INTO `organization_translation` (`organization_id`, `language_id`, `name`) VALUES (14, 'en', 'TK Aufzugswerke GmbH');
INSERT INTO `organization_translation` (`organization_id`, `language_id`, `name`) VALUES (15, 'en', 'TK Aufzüge AG');
INSERT INTO `organization_translation` (`organization_id`, `language_id`, `name`) VALUES (16, 'en', 'thyssenkrupp Home Solutions N.V.');
INSERT INTO `organization_translation` (`organization_id`, `language_id`, `name`) VALUES (17, 'en', 'TK Elevator Netherlands B.V.');
INSERT INTO `organization_translation` (`organization_id`, `language_id`, `name`) VALUES (18, 'en', 'thyssenkrupp Elevator Innovation Operations GmbH');
INSERT INTO `organization_translation` (`organization_id`, `language_id`, `name`) VALUES (19, 'en', 'thyssenkrupp Airport Systems Inc');
INSERT INTO `organization_translation` (`organization_id`, `language_id`, `name`) VALUES (26, 'en', 'thyssenkrupp Elevator Innovation and Operations GmbH');
INSERT INTO `organization_translation` (`organization_id`, `language_id`, `name`) VALUES (27, 'en', 'TK Elevator Innovation & Operations GmbH');
INSERT INTO `organization_translation` (`organization_id`, `language_id`, `name`) VALUES (28, 'en', 'TK Aufzüge GmbH');
INSERT INTO `organization_translation` (`organization_id`, `language_id`, `name`) VALUES (30, 'en', 'TK Elevator Europe Africa GmbH');
INSERT INTO `organization_translation` (`organization_id`, `language_id`, `name`) VALUES (31, 'en', 'TK Elevator Europe Africa Services GmbH');
INSERT INTO `organization_translation` (`organization_id`, `language_id`, `name`) VALUES (32, 'en', 'TK Fahrtreppen GmbH');
INSERT INTO `organization_translation` (`organization_id`,`language_id`,`name`) VALUES (34,'en','TK Elevator Holding GmbH');
INSERT INTO `organization_translation` (`organization_id`,`language_id`,`name`) VALUES (35,'en','TK Elevator Newco GmbH');
INSERT INTO `organization_translation` (`organization_id`,`language_id`,`name`) VALUES (36,'en','TK Elevator Midco GmbH');
INSERT INTO `organization_translation` (`organization_id`,`language_id`,`name`) VALUES (37,'en','TK Elevator Holdco GmbH');
INSERT INTO `organization_translation` (`organization_id`,`language_id`,`name`) VALUES (38,'en','TK Elevator Topco GmbH');
INSERT INTO `organization_translation` (`organization_id`,`language_id`,`name`) VALUES (39,'en','TK Elevator International Holding B.V.');
INSERT INTO `organization_translation` (`organization_id`,`language_id`,`name`) VALUES (40,'en','TK Elevadores Chile S.A.');
INSERT INTO `organization_translation` (`organization_id`,`language_id`,`name`) VALUES (41,'en','TK Elevadores Mexico S.A. de C.V.');
INSERT INTO `organization_translation` (`organization_id`,`language_id`,`name`) VALUES (42,'en','TK Elevadores Brasil LTDA');
INSERT INTO `organization_translation` (`organization_id`,`language_id`,`name`) VALUES (43,'en','TK Elevadores Colombia S.A.');
INSERT INTO `organization_translation` (`organization_id`,`language_id`,`name`) VALUES (44,'en','TK Elevadores Guatemala S.A.');
INSERT INTO `organization_translation` (`organization_id`,`language_id`,`name`) VALUES (45,'en','TK Home Solutions B.V.');
INSERT INTO `organization_translation` (`organization_id`,`language_id`,`name`) VALUES (46,'en','TK Home Solutions S.r.l. ');
INSERT INTO `organization_translation` (`organization_id`,`language_id`,`name`) VALUES (47,'en','TK Elevator Australia Pty. Ltd.');
INSERT INTO `organization_translation` (`organization_id`,`language_id`,`name`) VALUES (48,'en','TK Elevator Pacific Pty. Ltd.');
INSERT INTO `organization_translation` (`organization_id`,`language_id`,`name`) VALUES (49,'en','TK Elevator New Zealand Ltd.');
INSERT INTO `organization_translation` (`organization_id`,`language_id`,`name`) VALUES (50,'en','TK Elevator Malaysia Sdn. Bhd.');
INSERT INTO `organization_translation` (`organization_id`,`language_id`,`name`) VALUES (51,'en','TK Elevator Singapore Pte. Ltd.');
INSERT INTO `organization_translation` (`organization_id`,`language_id`,`name`) VALUES (52,'en','TK Elevator Bangladesh Pvt. Ltd.');
INSERT INTO `organization_translation` (`organization_id`,`language_id`,`name`) VALUES (53,'en','TK Elevator UAE L.L.C.');
INSERT INTO `organization_translation` (`organization_id`,`language_id`,`name`) VALUES (54,'en','PT. TKE Elevator Indonesia');
INSERT INTO `organization_translation` (`organization_id`,`language_id`,`name`) VALUES (55,'en','TK Elevator (Thailand) Co. Ltd.');
INSERT INTO `organization_translation` (`organization_id`,`language_id`,`name`) VALUES (56,'en','TK Elevator India Private Limited');
INSERT INTO `organization_translation` (`organization_id`,`language_id`,`name`) VALUES (57,'en','TK Elevator Taiwan Co. Ltd.');
INSERT INTO `organization_translation` (`organization_id`,`language_id`,`name`) VALUES (58,'en','TK Elevator Korea Ltd.');
INSERT INTO `organization_translation` (`organization_id`,`language_id`,`name`) VALUES (59,'en','TK Elevator Management Ltd.');
INSERT INTO `organization_translation` (`organization_id`,`language_id`,`name`) VALUES (60,'en','TK Elevator Israel Holding LP');
INSERT INTO `organization_translation` (`organization_id`,`language_id`,`name`) VALUES (61,'en','MGTI S.A.S.');
INSERT INTO `organization_translation` (`organization_id`,`language_id`,`name`) VALUES (62,'en','Drieux-Combaluzier S.A.S.');
INSERT INTO `organization_translation` (`organization_id`,`language_id`,`name`) VALUES (63,'en','TK Elevator France Holding  S.A.S.');
INSERT INTO `organization_translation` (`organization_id`,`language_id`,`name`) VALUES (64,'en','TK Elevator France S.A.S.');
INSERT INTO `organization_translation` (`organization_id`,`language_id`,`name`) VALUES (65,'en','TK Escalator Norte S.A.');
INSERT INTO `organization_translation` (`organization_id`,`language_id`,`name`) VALUES (66,'en','TK Elevadores España S.L.U.');
INSERT INTO `organization_translation` (`organization_id`,`language_id`,`name`) VALUES (67,'en','TK Asansör Sanayi ve Tic. A.Ş.');
INSERT INTO `organization_translation` (`organization_id`,`language_id`,`name`) VALUES (68,'en','TK Elevator Norway Holding A/S');
INSERT INTO `organization_translation` (`organization_id`,`language_id`,`name`) VALUES (69,'en','TK Elevator Norway A/S');
INSERT INTO `organization_translation` (`organization_id`,`language_id`,`name`) VALUES (70,'en','TK Rulletrapper A/S');
INSERT INTO `organization_translation` (`organization_id`,`language_id`,`name`) VALUES (71,'en','TK Elevator Netherlands Holding B.V.');
INSERT INTO `organization_translation` (`organization_id`,`language_id`,`name`) VALUES (72,'en','TK Elevator Denmark A/S');
INSERT INTO `organization_translation` (`organization_id`,`language_id`,`name`) VALUES (73,'en','TK Elevator Sweden AB');
INSERT INTO `organization_translation` (`organization_id`,`language_id`,`name`) VALUES (74,'en','TK Elevator USA Holding, Inc.');
INSERT INTO `organization_translation` (`organization_id`,`language_id`,`name`) VALUES (75,'en','TK Elevator Luxembourg S.à.r.l.');
INSERT INTO `organization_translation` (`organization_id`,`language_id`,`name`) VALUES (76,'en','TK Elevadores Portugal S.A.');
INSERT INTO `organization_translation` (`organization_id`,`language_id`,`name`) VALUES (77,'en','TK Elevator Innovation Center, S.A.');
INSERT INTO `organization_translation` (`organization_id`,`language_id`,`name`) VALUES (78,'en','TK Elevator L.L.C.');
INSERT INTO `organization_translation` (`organization_id`,`language_id`,`name`) VALUES (79,'en','TK Elevadores Peru S.A.C.');
INSERT INTO `organization_translation` (`organization_id`,`language_id`,`name`) VALUES (80,'en','TK Home Solutions N.V.');
INSERT INTO `organization_translation` (`organization_id`,`language_id`,`name`) VALUES (81,'en','TK Airport Systems Inc');
INSERT INTO `organization_translation` (`organization_id`,`language_id`,`name`) VALUES (82,'en','TK Airport Solutions Inc');
INSERT INTO `organization_translation` (`organization_id`,`language_id`,`name`) VALUES (83,'en','TK Elevator Netherlands');
INSERT INTO `organization_translation` (`organization_id`,`language_id`,`name`) VALUES (84,'en','TK ELEVADORES ESPAÑA, S.L.U.');
INSERT INTO `organization_translation` (`organization_id`,`language_id`,`name`) VALUES (85,'en','THYSSENKRUPP ELEVADORES S.A.');
INSERT INTO `organization_translation` (`organization_id`,`language_id`,`name`) VALUES (86,'en','TK Elevator Manufacturing Spain SL');
INSERT INTO `organization_translation` (`organization_id`,`language_id`,`name`) VALUES (87,'en','TK ELEVATOR IBERICA HOLDING, S.L. UNIPERSONAL.');
INSERT INTO `organization_translation` (`organization_id`,`language_id`,`name`) VALUES (88,'en','TK Elevator Eastern Europe GmbH Magyarországi Fióktelepe');
INSERT INTO `organization_translation` (`organization_id`,`language_id`,`name`) VALUES (89,'en','TK Access China Ltd.');
INSERT INTO `organization_translation` (`organization_id`,`language_id`,`name`) VALUES (99999,'en','No company');

INSERT INTO `organization_translation` (`organization_id`, `language_id`, `name`) VALUES (1, 'zh', 'TK Elevator (China) Co., Ltd.');
INSERT INTO `organization_translation` (`organization_id`, `language_id`, `name`) VALUES (2, 'zh', 'TK Elevator Corporation');
INSERT INTO `organization_translation` (`organization_id`, `language_id`, `name`) VALUES (3, 'zh', 'Tepper Aufzüge GmbH');
INSERT INTO `organization_translation` (`organization_id`, `language_id`, `name`) VALUES (4, 'zh', 'thyssenkrupp Aufzüge GmbH');
INSERT INTO `organization_translation` (`organization_id`, `language_id`, `name`) VALUES (5, 'zh', 'TK Elevator GmbH');
INSERT INTO `organization_translation` (`organization_id`, `language_id`, `name`) VALUES (6, 'zh', 'thyssenkrupp Elevator EA GmbH');
INSERT INTO `organization_translation` (`organization_id`, `language_id`, `name`) VALUES (7, 'zh', 'TK Elevator (Shanghai) Co. Ltd.');
INSERT INTO `organization_translation` (`organization_id`, `language_id`, `name`) VALUES (8, 'zh', 'TK Elevator Italia S.p.A.');
INSERT INTO `organization_translation` (`organization_id`, `language_id`, `name`) VALUES (9, 'zh', 'TK Airport Solutions S.A.');
INSERT INTO `organization_translation` (`organization_id`, `language_id`, `name`) VALUES (10, 'zh', 'thyssenkrupp Fahrtreppen GmbH');
INSERT INTO `organization_translation` (`organization_id`, `language_id`, `name`) VALUES (11, 'zh', 'TK Home Solutions GmbH');
INSERT INTO `organization_translation` (`organization_id`, `language_id`, `name`) VALUES (12, 'zh', 'thyssenkrupp Elevator EBC GmbH');
INSERT INTO `organization_translation` (`organization_id`, `language_id`, `name`) VALUES (13, 'zh', 'TK Access Solutions Corp.');
INSERT INTO `organization_translation` (`organization_id`, `language_id`, `name`) VALUES (14, 'zh', 'TK Aufzugswerke GmbH');
INSERT INTO `organization_translation` (`organization_id`, `language_id`, `name`) VALUES (15, 'zh', 'TK Aufzüge AG');
INSERT INTO `organization_translation` (`organization_id`, `language_id`, `name`) VALUES (16, 'zh', 'thyssenkrupp Home Solutions N.V.');
INSERT INTO `organization_translation` (`organization_id`, `language_id`, `name`) VALUES (17, 'zh', 'TK Elevator Netherlands B.V.');
INSERT INTO `organization_translation` (`organization_id`, `language_id`, `name`) VALUES (18, 'zh', 'thyssenkrupp Elevator Innovation Operations GmbH');
INSERT INTO `organization_translation` (`organization_id`, `language_id`, `name`) VALUES (19, 'zh', 'thyssenkrupp Airport Systems Inc');
INSERT INTO `organization_translation` (`organization_id`, `language_id`, `name`) VALUES (26, 'zh', 'thyssenkrupp Elevator Innovation and Operations GmbH');
INSERT INTO `organization_translation` (`organization_id`, `language_id`, `name`) VALUES (27, 'zh', 'TK Elevator Innovation & Operations GmbH');
INSERT INTO `organization_translation` (`organization_id`, `language_id`, `name`) VALUES (28, 'zh', 'TK Aufzüge GmbH');
INSERT INTO `organization_translation` (`organization_id`, `language_id`, `name`) VALUES (30, 'zh', 'TK Elevator Europe Africa GmbH');
INSERT INTO `organization_translation` (`organization_id`, `language_id`, `name`) VALUES (31, 'zh', 'TK Elevator Europe Africa Services GmbH');
INSERT INTO `organization_translation` (`organization_id`, `language_id`, `name`) VALUES (32, 'zh', 'TK Fahrtreppen GmbH');
INSERT INTO `organization_translation` (`organization_id`,`language_id`,`name`) VALUES (34,'zh','TK Elevator Holding GmbH');
INSERT INTO `organization_translation` (`organization_id`,`language_id`,`name`) VALUES (35,'zh','TK Elevator Newco GmbH');
INSERT INTO `organization_translation` (`organization_id`,`language_id`,`name`) VALUES (36,'zh','TK Elevator Midco GmbH');
INSERT INTO `organization_translation` (`organization_id`,`language_id`,`name`) VALUES (37,'zh','TK Elevator Holdco GmbH');
INSERT INTO `organization_translation` (`organization_id`,`language_id`,`name`) VALUES (38,'zh','TK Elevator Topco GmbH');
INSERT INTO `organization_translation` (`organization_id`,`language_id`,`name`) VALUES (39,'zh','TK Elevator International Holding B.V.');
INSERT INTO `organization_translation` (`organization_id`,`language_id`,`name`) VALUES (40,'zh','TK Elevadores Chile S.A.');
INSERT INTO `organization_translation` (`organization_id`,`language_id`,`name`) VALUES (41,'zh','TK Elevadores Mexico S.A. de C.V.');
INSERT INTO `organization_translation` (`organization_id`,`language_id`,`name`) VALUES (42,'zh','TK Elevadores Brasil LTDA');
INSERT INTO `organization_translation` (`organization_id`,`language_id`,`name`) VALUES (43,'zh','TK Elevadores Colombia S.A.');
INSERT INTO `organization_translation` (`organization_id`,`language_id`,`name`) VALUES (44,'zh','TK Elevadores Guatemala S.A.');
INSERT INTO `organization_translation` (`organization_id`,`language_id`,`name`) VALUES (45,'zh','TK Home Solutions B.V.');
INSERT INTO `organization_translation` (`organization_id`,`language_id`,`name`) VALUES (46,'zh','TK Home Solutions S.r.l. ');
INSERT INTO `organization_translation` (`organization_id`,`language_id`,`name`) VALUES (47,'zh','TK Elevator Australia Pty. Ltd.');
INSERT INTO `organization_translation` (`organization_id`,`language_id`,`name`) VALUES (48,'zh','TK Elevator Pacific Pty. Ltd.');
INSERT INTO `organization_translation` (`organization_id`,`language_id`,`name`) VALUES (49,'zh','TK Elevator New Zealand Ltd.');
INSERT INTO `organization_translation` (`organization_id`,`language_id`,`name`) VALUES (50,'zh','TK Elevator Malaysia Sdn. Bhd.');
INSERT INTO `organization_translation` (`organization_id`,`language_id`,`name`) VALUES (51,'zh','TK Elevator Singapore Pte. Ltd.');
INSERT INTO `organization_translation` (`organization_id`,`language_id`,`name`) VALUES (52,'zh','TK Elevator Bangladesh Pvt. Ltd.');
INSERT INTO `organization_translation` (`organization_id`,`language_id`,`name`) VALUES (53,'zh','TK Elevator UAE L.L.C.');
INSERT INTO `organization_translation` (`organization_id`,`language_id`,`name`) VALUES (54,'zh','PT. TKE Elevator Indonesia');
INSERT INTO `organization_translation` (`organization_id`,`language_id`,`name`) VALUES (55,'zh','TK Elevator (Thailand) Co. Ltd.');
INSERT INTO `organization_translation` (`organization_id`,`language_id`,`name`) VALUES (56,'zh','TK Elevator India Private Limited');
INSERT INTO `organization_translation` (`organization_id`,`language_id`,`name`) VALUES (57,'zh','TK Elevator Taiwan Co. Ltd.');
INSERT INTO `organization_translation` (`organization_id`,`language_id`,`name`) VALUES (58,'zh','TK Elevator Korea Ltd.');
INSERT INTO `organization_translation` (`organization_id`,`language_id`,`name`) VALUES (59,'zh','TK Elevator Management Ltd.');
INSERT INTO `organization_translation` (`organization_id`,`language_id`,`name`) VALUES (60,'zh','TK Elevator Israel Holding LP');
INSERT INTO `organization_translation` (`organization_id`,`language_id`,`name`) VALUES (61,'zh','MGTI S.A.S.');
INSERT INTO `organization_translation` (`organization_id`,`language_id`,`name`) VALUES (62,'zh','Drieux-Combaluzier S.A.S.');
INSERT INTO `organization_translation` (`organization_id`,`language_id`,`name`) VALUES (63,'zh','TK Elevator France Holding  S.A.S.');
INSERT INTO `organization_translation` (`organization_id`,`language_id`,`name`) VALUES (64,'zh','TK Elevator France S.A.S.');
INSERT INTO `organization_translation` (`organization_id`,`language_id`,`name`) VALUES (65,'zh','TK Escalator Norte S.A.');
INSERT INTO `organization_translation` (`organization_id`,`language_id`,`name`) VALUES (66,'zh','TK Elevadores España S.L.U.');
INSERT INTO `organization_translation` (`organization_id`,`language_id`,`name`) VALUES (67,'zh','TK Asansör Sanayi ve Tic. A.Ş.');
INSERT INTO `organization_translation` (`organization_id`,`language_id`,`name`) VALUES (68,'zh','TK Elevator Norway Holding A/S');
INSERT INTO `organization_translation` (`organization_id`,`language_id`,`name`) VALUES (69,'zh','TK Elevator Norway A/S');
INSERT INTO `organization_translation` (`organization_id`,`language_id`,`name`) VALUES (70,'zh','TK Rulletrapper A/S');
INSERT INTO `organization_translation` (`organization_id`,`language_id`,`name`) VALUES (71,'zh','TK Elevator Netherlands Holding B.V.');
INSERT INTO `organization_translation` (`organization_id`,`language_id`,`name`) VALUES (72,'zh','TK Elevator Denmark A/S');
INSERT INTO `organization_translation` (`organization_id`,`language_id`,`name`) VALUES (73,'zh','TK Elevator Sweden AB');
INSERT INTO `organization_translation` (`organization_id`,`language_id`,`name`) VALUES (74,'zh','TK Elevator USA Holding, Inc.');
INSERT INTO `organization_translation` (`organization_id`,`language_id`,`name`) VALUES (75,'zh','TK Elevator Luxembourg S.à.r.l.');
INSERT INTO `organization_translation` (`organization_id`,`language_id`,`name`) VALUES (76,'zh','TK Elevadores Portugal S.A.');
INSERT INTO `organization_translation` (`organization_id`,`language_id`,`name`) VALUES (77,'zh','TK Elevator Innovation Center, S.A.');
INSERT INTO `organization_translation` (`organization_id`,`language_id`,`name`) VALUES (78,'zh','TK Elevator L.L.C.');
INSERT INTO `organization_translation` (`organization_id`,`language_id`,`name`) VALUES (79,'zh','TK Elevadores Peru S.A.C.');
INSERT INTO `organization_translation` (`organization_id`,`language_id`,`name`) VALUES (80,'zh','TK Home Solutions N.V.');
INSERT INTO `organization_translation` (`organization_id`,`language_id`,`name`) VALUES (81,'zh','TK Airport Systems Inc');
INSERT INTO `organization_translation` (`organization_id`,`language_id`,`name`) VALUES (82,'zh','TK Airport Solutions Inc');
INSERT INTO `organization_translation` (`organization_id`,`language_id`,`name`) VALUES (83,'zh','TK Elevator Netherlands');
INSERT INTO `organization_translation` (`organization_id`,`language_id`,`name`) VALUES (84,'zh','TK ELEVADORES ESPAÑA, S.L.U.');
INSERT INTO `organization_translation` (`organization_id`,`language_id`,`name`) VALUES (85,'zh','THYSSENKRUPP ELEVADORES S.A.');
INSERT INTO `organization_translation` (`organization_id`,`language_id`,`name`) VALUES (86,'zh','TK Elevator Manufacturing Spain SL');
INSERT INTO `organization_translation` (`organization_id`,`language_id`,`name`) VALUES (87,'zh','TK ELEVATOR IBERICA HOLDING, S.L. UNIPERSONAL.');
INSERT INTO `organization_translation` (`organization_id`,`language_id`,`name`) VALUES (88,'zh','TK Elevator Eastern Europe GmbH Magyarországi Fióktelepe');
INSERT INTO `organization_translation` (`organization_id`,`language_id`,`name`) VALUES (89,'zh','TK Access China Ltd.');
INSERT INTO `organization_translation` (`organization_id`,`language_id`,`name`) VALUES (99999,'zh','No company');

INSERT INTO `organization_translation` (`organization_id`, `language_id`, `name`) VALUES (1, 'es', 'TK Elevator (China) Co., Ltd.');
INSERT INTO `organization_translation` (`organization_id`, `language_id`, `name`) VALUES (2, 'es', 'TK Elevator Corporation');
INSERT INTO `organization_translation` (`organization_id`, `language_id`, `name`) VALUES (3, 'es', 'Tepper Aufzüge GmbH');
INSERT INTO `organization_translation` (`organization_id`, `language_id`, `name`) VALUES (4, 'es', 'thyssenkrupp Aufzüge GmbH');
INSERT INTO `organization_translation` (`organization_id`, `language_id`, `name`) VALUES (5, 'es', 'TK Elevator GmbH');
INSERT INTO `organization_translation` (`organization_id`, `language_id`, `name`) VALUES (6, 'es', 'thyssenkrupp Elevator EA GmbH');
INSERT INTO `organization_translation` (`organization_id`, `language_id`, `name`) VALUES (7, 'es', 'TK Elevator (Shanghai) Co. Ltd.');
INSERT INTO `organization_translation` (`organization_id`, `language_id`, `name`) VALUES (8, 'es', 'TK Elevator Italia S.p.A.');
INSERT INTO `organization_translation` (`organization_id`, `language_id`, `name`) VALUES (9, 'es', 'TK Airport Solutions S.A.');
INSERT INTO `organization_translation` (`organization_id`, `language_id`, `name`) VALUES (10, 'es', 'thyssenkrupp Fahrtreppen GmbH');
INSERT INTO `organization_translation` (`organization_id`, `language_id`, `name`) VALUES (11, 'es', 'TK Home Solutions GmbH');
INSERT INTO `organization_translation` (`organization_id`, `language_id`, `name`) VALUES (12, 'es', 'thyssenkrupp Elevator EBC GmbH');
INSERT INTO `organization_translation` (`organization_id`, `language_id`, `name`) VALUES (13, 'es', 'TK Access Solutions Corp.');
INSERT INTO `organization_translation` (`organization_id`, `language_id`, `name`) VALUES (14, 'es', 'TK Aufzugswerke GmbH');
INSERT INTO `organization_translation` (`organization_id`, `language_id`, `name`) VALUES (15, 'es', 'TK Aufzüge AG');
INSERT INTO `organization_translation` (`organization_id`, `language_id`, `name`) VALUES (16, 'es', 'thyssenkrupp Home Solutions N.V.');
INSERT INTO `organization_translation` (`organization_id`, `language_id`, `name`) VALUES (17, 'es', 'TK Elevator Netherlands B.V.');
INSERT INTO `organization_translation` (`organization_id`, `language_id`, `name`) VALUES (18, 'es', 'thyssenkrupp Elevator Innovation Operations GmbH');
INSERT INTO `organization_translation` (`organization_id`, `language_id`, `name`) VALUES (19, 'es', 'thyssenkrupp Airport Systems Inc');
INSERT INTO `organization_translation` (`organization_id`, `language_id`, `name`) VALUES (26, 'es', 'thyssenkrupp Elevator Innovation and Operations GmbH');
INSERT INTO `organization_translation` (`organization_id`, `language_id`, `name`) VALUES (27, 'es', 'TK Elevator Innovation & Operations GmbH');
INSERT INTO `organization_translation` (`organization_id`, `language_id`, `name`) VALUES (28, 'es', 'TK Aufzüge GmbH');
INSERT INTO `organization_translation` (`organization_id`, `language_id`, `name`) VALUES (30, 'es', 'TK Elevator Europe Africa GmbH');
INSERT INTO `organization_translation` (`organization_id`, `language_id`, `name`) VALUES (31, 'es', 'TK Elevator Europe Africa Services GmbH');
INSERT INTO `organization_translation` (`organization_id`, `language_id`, `name`) VALUES (32, 'es', 'TK Fahrtreppen GmbH');
INSERT INTO `organization_translation` (`organization_id`,`language_id`,`name`) VALUES (34,'es','TK Elevator Holding GmbH');
INSERT INTO `organization_translation` (`organization_id`,`language_id`,`name`) VALUES (35,'es','TK Elevator Newco GmbH');
INSERT INTO `organization_translation` (`organization_id`,`language_id`,`name`) VALUES (36,'es','TK Elevator Midco GmbH');
INSERT INTO `organization_translation` (`organization_id`,`language_id`,`name`) VALUES (37,'es','TK Elevator Holdco GmbH');
INSERT INTO `organization_translation` (`organization_id`,`language_id`,`name`) VALUES (38,'es','TK Elevator Topco GmbH');
INSERT INTO `organization_translation` (`organization_id`,`language_id`,`name`) VALUES (39,'es','TK Elevator International Holding B.V.');
INSERT INTO `organization_translation` (`organization_id`,`language_id`,`name`) VALUES (40,'es','TK Elevadores Chile S.A.');
INSERT INTO `organization_translation` (`organization_id`,`language_id`,`name`) VALUES (41,'es','TK Elevadores Mexico S.A. de C.V.');
INSERT INTO `organization_translation` (`organization_id`,`language_id`,`name`) VALUES (42,'es','TK Elevadores Brasil LTDA');
INSERT INTO `organization_translation` (`organization_id`,`language_id`,`name`) VALUES (43,'es','TK Elevadores Colombia S.A.');
INSERT INTO `organization_translation` (`organization_id`,`language_id`,`name`) VALUES (44,'es','TK Elevadores Guatemala S.A.');
INSERT INTO `organization_translation` (`organization_id`,`language_id`,`name`) VALUES (45,'es','TK Home Solutions B.V.');
INSERT INTO `organization_translation` (`organization_id`,`language_id`,`name`) VALUES (46,'es','TK Home Solutions S.r.l. ');
INSERT INTO `organization_translation` (`organization_id`,`language_id`,`name`) VALUES (47,'es','TK Elevator Australia Pty. Ltd.');
INSERT INTO `organization_translation` (`organization_id`,`language_id`,`name`) VALUES (48,'es','TK Elevator Pacific Pty. Ltd.');
INSERT INTO `organization_translation` (`organization_id`,`language_id`,`name`) VALUES (49,'es','TK Elevator New Zealand Ltd.');
INSERT INTO `organization_translation` (`organization_id`,`language_id`,`name`) VALUES (50,'es','TK Elevator Malaysia Sdn. Bhd.');
INSERT INTO `organization_translation` (`organization_id`,`language_id`,`name`) VALUES (51,'es','TK Elevator Singapore Pte. Ltd.');
INSERT INTO `organization_translation` (`organization_id`,`language_id`,`name`) VALUES (52,'es','TK Elevator Bangladesh Pvt. Ltd.');
INSERT INTO `organization_translation` (`organization_id`,`language_id`,`name`) VALUES (53,'es','TK Elevator UAE L.L.C.');
INSERT INTO `organization_translation` (`organization_id`,`language_id`,`name`) VALUES (54,'es','PT. TKE Elevator Indonesia');
INSERT INTO `organization_translation` (`organization_id`,`language_id`,`name`) VALUES (55,'es','TK Elevator (Thailand) Co. Ltd.');
INSERT INTO `organization_translation` (`organization_id`,`language_id`,`name`) VALUES (56,'es','TK Elevator India Private Limited');
INSERT INTO `organization_translation` (`organization_id`,`language_id`,`name`) VALUES (57,'es','TK Elevator Taiwan Co. Ltd.');
INSERT INTO `organization_translation` (`organization_id`,`language_id`,`name`) VALUES (58,'es','TK Elevator Korea Ltd.');
INSERT INTO `organization_translation` (`organization_id`,`language_id`,`name`) VALUES (59,'es','TK Elevator Management Ltd.');
INSERT INTO `organization_translation` (`organization_id`,`language_id`,`name`) VALUES (60,'es','TK Elevator Israel Holding LP');
INSERT INTO `organization_translation` (`organization_id`,`language_id`,`name`) VALUES (61,'es','MGTI S.A.S.');
INSERT INTO `organization_translation` (`organization_id`,`language_id`,`name`) VALUES (62,'es','Drieux-Combaluzier S.A.S.');
INSERT INTO `organization_translation` (`organization_id`,`language_id`,`name`) VALUES (63,'es','TK Elevator France Holding  S.A.S.');
INSERT INTO `organization_translation` (`organization_id`,`language_id`,`name`) VALUES (64,'es','TK Elevator France S.A.S.');
INSERT INTO `organization_translation` (`organization_id`,`language_id`,`name`) VALUES (65,'es','TK Escalator Norte S.A.');
INSERT INTO `organization_translation` (`organization_id`,`language_id`,`name`) VALUES (66,'es','TK Elevadores España S.L.U.');
INSERT INTO `organization_translation` (`organization_id`,`language_id`,`name`) VALUES (67,'es','TK Asansör Sanayi ve Tic. A.Ş.');
INSERT INTO `organization_translation` (`organization_id`,`language_id`,`name`) VALUES (68,'es','TK Elevator Norway Holding A/S');
INSERT INTO `organization_translation` (`organization_id`,`language_id`,`name`) VALUES (69,'es','TK Elevator Norway A/S');
INSERT INTO `organization_translation` (`organization_id`,`language_id`,`name`) VALUES (70,'es','TK Rulletrapper A/S');
INSERT INTO `organization_translation` (`organization_id`,`language_id`,`name`) VALUES (71,'es','TK Elevator Netherlands Holding B.V.');
INSERT INTO `organization_translation` (`organization_id`,`language_id`,`name`) VALUES (72,'es','TK Elevator Denmark A/S');
INSERT INTO `organization_translation` (`organization_id`,`language_id`,`name`) VALUES (73,'es','TK Elevator Sweden AB');
INSERT INTO `organization_translation` (`organization_id`,`language_id`,`name`) VALUES (74,'es','TK Elevator USA Holding, Inc.');
INSERT INTO `organization_translation` (`organization_id`,`language_id`,`name`) VALUES (75,'es','TK Elevator Luxembourg S.à.r.l.');
INSERT INTO `organization_translation` (`organization_id`,`language_id`,`name`) VALUES (76,'es','TK Elevadores Portugal S.A.');
INSERT INTO `organization_translation` (`organization_id`,`language_id`,`name`) VALUES (77,'es','TK Elevator Innovation Center, S.A.');
INSERT INTO `organization_translation` (`organization_id`,`language_id`,`name`) VALUES (78,'es','TK Elevator L.L.C.');
INSERT INTO `organization_translation` (`organization_id`,`language_id`,`name`) VALUES (79,'es','TK Elevadores Peru S.A.C.');
INSERT INTO `organization_translation` (`organization_id`,`language_id`,`name`) VALUES (80,'es','TK Home Solutions N.V.');
INSERT INTO `organization_translation` (`organization_id`,`language_id`,`name`) VALUES (81,'es','TK Airport Systems Inc');
INSERT INTO `organization_translation` (`organization_id`,`language_id`,`name`) VALUES (82,'es','TK Airport Solutions Inc');
INSERT INTO `organization_translation` (`organization_id`,`language_id`,`name`) VALUES (83,'es','TK Elevator Netherlands');
INSERT INTO `organization_translation` (`organization_id`,`language_id`,`name`) VALUES (84,'es','TK ELEVADORES ESPAÑA, S.L.U.');
INSERT INTO `organization_translation` (`organization_id`,`language_id`,`name`) VALUES (85,'es','THYSSENKRUPP ELEVADORES S.A.');
INSERT INTO `organization_translation` (`organization_id`,`language_id`,`name`) VALUES (86,'es','TK Elevator Manufacturing Spain SL');
INSERT INTO `organization_translation` (`organization_id`,`language_id`,`name`) VALUES (87,'es','TK ELEVATOR IBERICA HOLDING, S.L. UNIPERSONAL.');
INSERT INTO `organization_translation` (`organization_id`,`language_id`,`name`) VALUES (88,'es','TK Elevator Eastern Europe GmbH Magyarországi Fióktelepe');
INSERT INTO `organization_translation` (`organization_id`,`language_id`,`name`) VALUES (89,'es','TK Access China Ltd.');

INSERT INTO `organization_translation` (`organization_id`, `language_id`, `name`) VALUES (1, 'fr', 'TK Elevator (China) Co., Ltd.');
INSERT INTO `organization_translation` (`organization_id`, `language_id`, `name`) VALUES (2, 'fr', 'TK Elevator Corporation');
INSERT INTO `organization_translation` (`organization_id`, `language_id`, `name`) VALUES (3, 'fr', 'Tepper Aufzüge GmbH');
INSERT INTO `organization_translation` (`organization_id`, `language_id`, `name`) VALUES (4, 'fr', 'thyssenkrupp Aufzüge GmbH');
INSERT INTO `organization_translation` (`organization_id`, `language_id`, `name`) VALUES (5, 'fr', 'TK Elevator GmbH');
INSERT INTO `organization_translation` (`organization_id`, `language_id`, `name`) VALUES (6, 'fr', 'thyssenkrupp Elevator EA GmbH');
INSERT INTO `organization_translation` (`organization_id`, `language_id`, `name`) VALUES (7, 'fr', 'TK Elevator (Shanghai) Co. Ltd.');
INSERT INTO `organization_translation` (`organization_id`, `language_id`, `name`) VALUES (8, 'fr', 'TK Elevator Italia S.p.A.');
INSERT INTO `organization_translation` (`organization_id`, `language_id`, `name`) VALUES (9, 'fr', 'TK Airport Solutions S.A.');
INSERT INTO `organization_translation` (`organization_id`, `language_id`, `name`) VALUES (10, 'fr', 'thyssenkrupp Fahrtreppen GmbH');
INSERT INTO `organization_translation` (`organization_id`, `language_id`, `name`) VALUES (11, 'fr', 'TK Home Solutions GmbH');
INSERT INTO `organization_translation` (`organization_id`, `language_id`, `name`) VALUES (12, 'fr', 'thyssenkrupp Elevator EBC GmbH');
INSERT INTO `organization_translation` (`organization_id`, `language_id`, `name`) VALUES (13, 'fr', 'TK Access Solutions Corp.');
INSERT INTO `organization_translation` (`organization_id`, `language_id`, `name`) VALUES (14, 'fr', 'TK Aufzugswerke GmbH');
INSERT INTO `organization_translation` (`organization_id`, `language_id`, `name`) VALUES (15, 'fr', 'TK Aufzüge AG');
INSERT INTO `organization_translation` (`organization_id`, `language_id`, `name`) VALUES (16, 'fr', 'thyssenkrupp Home Solutions N.V.');
INSERT INTO `organization_translation` (`organization_id`, `language_id`, `name`) VALUES (17, 'fr', 'TK Elevator Netherlands B.V.');
INSERT INTO `organization_translation` (`organization_id`, `language_id`, `name`) VALUES (18, 'fr', 'thyssenkrupp Elevator Innovation Operations GmbH');
INSERT INTO `organization_translation` (`organization_id`, `language_id`, `name`) VALUES (19, 'fr', 'thyssenkrupp Airport Systems Inc');
INSERT INTO `organization_translation` (`organization_id`, `language_id`, `name`) VALUES (26, 'fr', 'thyssenkrupp Elevator Innovation and Operations GmbH');
INSERT INTO `organization_translation` (`organization_id`, `language_id`, `name`) VALUES (27, 'fr', 'TK Elevator Innovation & Operations GmbH');
INSERT INTO `organization_translation` (`organization_id`, `language_id`, `name`) VALUES (28, 'fr', 'TK Aufzüge GmbH');
INSERT INTO `organization_translation` (`organization_id`, `language_id`, `name`) VALUES (30, 'fr', 'TK Elevator Europe Africa GmbH');
INSERT INTO `organization_translation` (`organization_id`, `language_id`, `name`) VALUES (31, 'fr', 'TK Elevator Europe Africa Services GmbH');
INSERT INTO `organization_translation` (`organization_id`, `language_id`, `name`) VALUES (32, 'fr', 'TK Fahrtreppen GmbH');
INSERT INTO `organization_translation` (`organization_id`,`language_id`,`name`) VALUES (34,'fr','TK Elevator Holding GmbH');
INSERT INTO `organization_translation` (`organization_id`,`language_id`,`name`) VALUES (35,'fr','TK Elevator Newco GmbH');
INSERT INTO `organization_translation` (`organization_id`,`language_id`,`name`) VALUES (36,'fr','TK Elevator Midco GmbH');
INSERT INTO `organization_translation` (`organization_id`,`language_id`,`name`) VALUES (37,'fr','TK Elevator Holdco GmbH');
INSERT INTO `organization_translation` (`organization_id`,`language_id`,`name`) VALUES (38,'fr','TK Elevator Topco GmbH');
INSERT INTO `organization_translation` (`organization_id`,`language_id`,`name`) VALUES (39,'fr','TK Elevator International Holding B.V.');
INSERT INTO `organization_translation` (`organization_id`,`language_id`,`name`) VALUES (40,'fr','TK Elevadores Chile S.A.');
INSERT INTO `organization_translation` (`organization_id`,`language_id`,`name`) VALUES (41,'fr','TK Elevadores Mexico S.A. de C.V.');
INSERT INTO `organization_translation` (`organization_id`,`language_id`,`name`) VALUES (42,'fr','TK Elevadores Brasil LTDA');
INSERT INTO `organization_translation` (`organization_id`,`language_id`,`name`) VALUES (43,'fr','TK Elevadores Colombia S.A.');
INSERT INTO `organization_translation` (`organization_id`,`language_id`,`name`) VALUES (44,'fr','TK Elevadores Guatemala S.A.');
INSERT INTO `organization_translation` (`organization_id`,`language_id`,`name`) VALUES (45,'fr','TK Home Solutions B.V.');
INSERT INTO `organization_translation` (`organization_id`,`language_id`,`name`) VALUES (46,'fr','TK Home Solutions S.r.l.');
INSERT INTO `organization_translation` (`organization_id`,`language_id`,`name`) VALUES (47,'fr','TK Elevator Australia Pty. Ltd.');
INSERT INTO `organization_translation` (`organization_id`,`language_id`,`name`) VALUES (48,'fr','TK Elevator Pacific Pty. Ltd.');
INSERT INTO `organization_translation` (`organization_id`,`language_id`,`name`) VALUES (49,'fr','TK Elevator New Zealand Ltd.');
INSERT INTO `organization_translation` (`organization_id`,`language_id`,`name`) VALUES (50,'fr','TK Elevator Malaysia Sdn. Bhd.');
INSERT INTO `organization_translation` (`organization_id`,`language_id`,`name`) VALUES (51,'fr','TK Elevator Singapore Pte. Ltd.');
INSERT INTO `organization_translation` (`organization_id`,`language_id`,`name`) VALUES (52,'fr','TK Elevator Bangladesh Pvt. Ltd.');
INSERT INTO `organization_translation` (`organization_id`,`language_id`,`name`) VALUES (53,'fr','TK Elevator UAE L.L.C.');
INSERT INTO `organization_translation` (`organization_id`,`language_id`,`name`) VALUES (54,'fr','PT. TKE Elevator Indonesia');
INSERT INTO `organization_translation` (`organization_id`,`language_id`,`name`) VALUES (55,'fr','TK Elevator (Thailand) Co. Ltd.');
INSERT INTO `organization_translation` (`organization_id`,`language_id`,`name`) VALUES (56,'fr','TK Elevator India Private Limited');
INSERT INTO `organization_translation` (`organization_id`,`language_id`,`name`) VALUES (57,'fr','TK Elevator Taiwan Co. Ltd.');
INSERT INTO `organization_translation` (`organization_id`,`language_id`,`name`) VALUES (58,'fr','TK Elevator Korea Ltd.');
INSERT INTO `organization_translation` (`organization_id`,`language_id`,`name`) VALUES (59,'fr','TK Elevator Management Ltd.');
INSERT INTO `organization_translation` (`organization_id`,`language_id`,`name`) VALUES (60,'fr','TK Elevator Israel Holding LP');
INSERT INTO `organization_translation` (`organization_id`,`language_id`,`name`) VALUES (61,'fr','MGTI S.A.S.');
INSERT INTO `organization_translation` (`organization_id`,`language_id`,`name`) VALUES (62,'fr','Drieux-Combaluzier S.A.S.');
INSERT INTO `organization_translation` (`organization_id`,`language_id`,`name`) VALUES (63,'fr','TK Elevator France Holding  S.A.S.');
INSERT INTO `organization_translation` (`organization_id`,`language_id`,`name`) VALUES (64,'fr','TK Elevator France S.A.S.');
INSERT INTO `organization_translation` (`organization_id`,`language_id`,`name`) VALUES (65,'fr','TK Escalator Norte S.A.');
INSERT INTO `organization_translation` (`organization_id`,`language_id`,`name`) VALUES (66,'fr','TK Elevadores España S.L.U.');
INSERT INTO `organization_translation` (`organization_id`,`language_id`,`name`) VALUES (67,'fr','TK Asansör Sanayi ve Tic. A.Ş.');
INSERT INTO `organization_translation` (`organization_id`,`language_id`,`name`) VALUES (68,'fr','TK Elevator Norway Holding A/S');
INSERT INTO `organization_translation` (`organization_id`,`language_id`,`name`) VALUES (69,'fr','TK Elevator Norway A/S');
INSERT INTO `organization_translation` (`organization_id`,`language_id`,`name`) VALUES (70,'fr','TK Rulletrapper A/S');
INSERT INTO `organization_translation` (`organization_id`,`language_id`,`name`) VALUES (71,'fr','TK Elevator Netherlands Holding B.V.');
INSERT INTO `organization_translation` (`organization_id`,`language_id`,`name`) VALUES (72,'fr','TK Elevator Denmark A/S');
INSERT INTO `organization_translation` (`organization_id`,`language_id`,`name`) VALUES (73,'fr','TK Elevator Sweden AB');
INSERT INTO `organization_translation` (`organization_id`,`language_id`,`name`) VALUES (74,'fr','TK Elevator USA Holding, Inc.');
INSERT INTO `organization_translation` (`organization_id`,`language_id`,`name`) VALUES (75,'fr','TK Elevator Luxembourg S.à.r.l.');
INSERT INTO `organization_translation` (`organization_id`,`language_id`,`name`) VALUES (76,'fr','TK Elevadores Portugal S.A.');
INSERT INTO `organization_translation` (`organization_id`,`language_id`,`name`) VALUES (77,'fr','TK Elevator Innovation Center, S.A.');
INSERT INTO `organization_translation` (`organization_id`,`language_id`,`name`) VALUES (78,'fr','TK Elevator L.L.C.');
INSERT INTO `organization_translation` (`organization_id`,`language_id`,`name`) VALUES (79,'fr','TK Elevadores Peru S.A.C.');
INSERT INTO `organization_translation` (`organization_id`,`language_id`,`name`) VALUES (80,'fr','TK Home Solutions N.V.');
INSERT INTO `organization_translation` (`organization_id`,`language_id`,`name`) VALUES (81,'fr','TK Airport Systems Inc');
INSERT INTO `organization_translation` (`organization_id`,`language_id`,`name`) VALUES (82,'fr','TK Airport Solutions Inc');
INSERT INTO `organization_translation` (`organization_id`,`language_id`,`name`) VALUES (83,'fr','TK Elevator Netherlands');
INSERT INTO `organization_translation` (`organization_id`,`language_id`,`name`) VALUES (84,'fr','TK ELEVADORES ESPAÑA, S.L.U.');
INSERT INTO `organization_translation` (`organization_id`,`language_id`,`name`) VALUES (85,'fr','THYSSENKRUPP ELEVADORES S.A.');
INSERT INTO `organization_translation` (`organization_id`,`language_id`,`name`) VALUES (86,'fr','TK Elevator Manufacturing Spain SL');
INSERT INTO `organization_translation` (`organization_id`,`language_id`,`name`) VALUES (87,'fr','TK ELEVATOR IBERICA HOLDING, S.L. UNIPERSONAL.');
INSERT INTO `organization_translation` (`organization_id`,`language_id`,`name`) VALUES (88,'fr','TK Elevator Eastern Europe GmbH Magyarországi Fióktelepe');
INSERT INTO `organization_translation` (`organization_id`,`language_id`,`name`) VALUES (89,'fr','TK Access China Ltd.');
INSERT INTO `organization_translation` (`organization_id`,`language_id`,`name`) VALUES (99999,'fr','aucune entreprise');

INSERT INTO `organization_translation` (`organization_id`,`language_id`,`name`) VALUES (90,'de','TK ELEVATOR France SAS');
INSERT INTO `organization_translation` (`organization_id`,`language_id`,`name`) VALUES (91,'de','DRIEUX COMBALUZIER SAS');
INSERT INTO `organization_translation` (`organization_id`,`language_id`,`name`) VALUES (92,'de','CASEL SAM');
INSERT INTO `organization_translation` (`organization_id`,`language_id`,`name`) VALUES (93,'de','PROXI-LINE SARL');
INSERT INTO `organization_translation` (`organization_id`,`language_id`,`name`) VALUES (94,'de','MGTI SAS');
INSERT INTO `organization_translation` (`organization_id`,`language_id`,`name`) VALUES (90,'en','TK ELEVATOR France SAS');
INSERT INTO `organization_translation` (`organization_id`,`language_id`,`name`) VALUES (91,'en','DRIEUX COMBALUZIER SAS');
INSERT INTO `organization_translation` (`organization_id`,`language_id`,`name`) VALUES (92,'en','CASEL SAM');
INSERT INTO `organization_translation` (`organization_id`,`language_id`,`name`) VALUES (93,'en','PROXI-LINE SARL');
INSERT INTO `organization_translation` (`organization_id`,`language_id`,`name`) VALUES (94,'en','MGTI SAS');
INSERT INTO `organization_translation` (`organization_id`,`language_id`,`name`) VALUES (90,'zh','TK ELEVATOR France SAS');
INSERT INTO `organization_translation` (`organization_id`,`language_id`,`name`) VALUES (91,'zh','DRIEUX COMBALUZIER SAS');
INSERT INTO `organization_translation` (`organization_id`,`language_id`,`name`) VALUES (92,'zh','CASEL SAM');
INSERT INTO `organization_translation` (`organization_id`,`language_id`,`name`) VALUES (93,'zh','PROXI-LINE SARL');
INSERT INTO `organization_translation` (`organization_id`,`language_id`,`name`) VALUES (94,'zh','MGTI SAS');
INSERT INTO `organization_translation` (`organization_id`,`language_id`,`name`) VALUES (90,'es','TK ELEVATOR France SAS');
INSERT INTO `organization_translation` (`organization_id`,`language_id`,`name`) VALUES (91,'es','DRIEUX COMBALUZIER SAS');
INSERT INTO `organization_translation` (`organization_id`,`language_id`,`name`) VALUES (92,'es','CASEL SAM');
INSERT INTO `organization_translation` (`organization_id`,`language_id`,`name`) VALUES (93,'es','PROXI-LINE SARL');
INSERT INTO `organization_translation` (`organization_id`,`language_id`,`name`) VALUES (94,'es','MGTI SAS');
INSERT INTO `organization_translation` (`organization_id`,`language_id`,`name`) VALUES (90,'fr','TK ELEVATOR France SAS');
INSERT INTO `organization_translation` (`organization_id`,`language_id`,`name`) VALUES (91,'fr','DRIEUX COMBALUZIER SAS');
INSERT INTO `organization_translation` (`organization_id`,`language_id`,`name`) VALUES (92,'fr','CASEL SAM');
INSERT INTO `organization_translation` (`organization_id`,`language_id`,`name`) VALUES (93,'fr','PROXI-LINE SARL');
INSERT INTO `organization_translation` (`organization_id`,`language_id`,`name`) VALUES (94,'fr','MGTI SAS');

INSERT INTO `organization_translation` (`organization_id`,`language_id`,`name`) VALUES (95,'de','TKE Solution Center Europe Kft');
INSERT INTO `organization_translation` (`organization_id`,`language_id`,`name`) VALUES (95,'en','TKE Solution Center Europe Kft');
INSERT INTO `organization_translation` (`organization_id`,`language_id`,`name`) VALUES (95,'zh','TKE Solution Center Europe Kft');
INSERT INTO `organization_translation` (`organization_id`,`language_id`,`name`) VALUES (95,'es','TKE Solution Center Europe Kft');
INSERT INTO `organization_translation` (`organization_id`,`language_id`,`name`) VALUES (95,'fr','TKE Solution Center Europe Kft');
INSERT INTO `organization_translation` (`organization_id`,`language_id`,`name`) VALUES (96,'de','TK Elevator UK Ltd.');
INSERT INTO `organization_translation` (`organization_id`,`language_id`,`name`) VALUES (96,'en','TK Elevator UK Ltd.');
INSERT INTO `organization_translation` (`organization_id`,`language_id`,`name`) VALUES (96,'zh','TK Elevator UK Ltd.');
INSERT INTO `organization_translation` (`organization_id`,`language_id`,`name`) VALUES (96,'es','TK Elevator UK Ltd.');
INSERT INTO `organization_translation` (`organization_id`,`language_id`,`name`) VALUES (96,'fr','TK Elevator UK Ltd.');

INSERT INTO `organization_translation` (`organization_id`,`language_id`,`name`) VALUES (99999,'es','No company');

COMMIT;

-- -----------------------------------------------------
-- Data for table `jobtype`
-- -----------------------------------------------------
START TRANSACTION;

INSERT INTO `jobtype` (`id`) VALUES (1);
INSERT INTO `jobtype` (`id`) VALUES (2);
INSERT INTO `jobtype` (`id`) VALUES (3);

COMMIT;


-- -----------------------------------------------------
-- Data for table `jobtype_translation`
-- -----------------------------------------------------
START TRANSACTION;

INSERT INTO `jobtype_translation` (`jobtype_id`, `language_id`, `name`) VALUES (1, 'de', 'Vollzeit');
INSERT INTO `jobtype_translation` (`jobtype_id`, `language_id`, `name`) VALUES (2, 'de', 'Teilzeit');
INSERT INTO `jobtype_translation` (`jobtype_id`, `language_id`, `name`) VALUES (3, 'de', 'Beides');

INSERT INTO `jobtype_translation` (`jobtype_id`, `language_id`, `name`) VALUES (1, 'en', 'Full-time');
INSERT INTO `jobtype_translation` (`jobtype_id`, `language_id`, `name`) VALUES (2, 'en', 'Part-time');
INSERT INTO `jobtype_translation` (`jobtype_id`, `language_id`, `name`) VALUES (3, 'en', 'Both');

INSERT INTO `jobtype_translation` (`jobtype_id`, `language_id`, `name`) VALUES (1, 'zh', '全职');
INSERT INTO `jobtype_translation` (`jobtype_id`, `language_id`, `name`) VALUES (2, 'zh', '兼职');
INSERT INTO `jobtype_translation` (`jobtype_id`, `language_id`, `name`) VALUES (3, 'zh', '两者');

INSERT INTO `jobtype_translation` (`jobtype_id`, `language_id`, `name`) VALUES (1, 'es', 'A tiempo completo');
INSERT INTO `jobtype_translation` (`jobtype_id`, `language_id`, `name`) VALUES (2, 'es', 'A tiempo parcial');
INSERT INTO `jobtype_translation` (`jobtype_id`, `language_id`, `name`) VALUES (3, 'es', 'Ambos');

INSERT INTO `jobtype_translation` (`jobtype_id`, `language_id`, `name`) VALUES (1, 'fr', 'Temps plein');
INSERT INTO `jobtype_translation` (`jobtype_id`, `language_id`, `name`) VALUES (2, 'fr', 'Temps partiel');
INSERT INTO `jobtype_translation` (`jobtype_id`, `language_id`, `name`) VALUES (3, 'fr', 'les deux');

COMMIT;

-- -----------------------------------------------------
-- Data for table `shift`
-- -----------------------------------------------------
START TRANSACTION;

INSERT INTO `shift` (`id`) VALUES (1);
INSERT INTO `shift` (`id`) VALUES (2);
INSERT INTO `shift` (`id`) VALUES (3);

COMMIT;

-- -----------------------------------------------------
-- Data for table `shift_translation`
-- -----------------------------------------------------
START TRANSACTION;

INSERT INTO `shift_translation` (`shift_id`, `language_id`, `name`) VALUES (1, 'de', 'Feste Arbeitszeit');
INSERT INTO `shift_translation` (`shift_id`, `language_id`, `name`) VALUES (2, 'de', 'Flexible Arbeitszeit');
INSERT INTO `shift_translation` (`shift_id`, `language_id`, `name`) VALUES (3, 'de', 'Schichtarbeit');

INSERT INTO `shift_translation` (`shift_id`, `language_id`, `name`) VALUES (1, 'en', 'Fixed working hours');
INSERT INTO `shift_translation` (`shift_id`, `language_id`, `name`) VALUES (2, 'en', 'Flex Time');
INSERT INTO `shift_translation` (`shift_id`, `language_id`, `name`) VALUES (3, 'en', 'Shift work');

INSERT INTO `shift_translation` (`shift_id`, `language_id`, `name`) VALUES (1, 'zh', '白班');
INSERT INTO `shift_translation` (`shift_id`, `language_id`, `name`) VALUES (2, 'zh', '弹性工作时间');
INSERT INTO `shift_translation` (`shift_id`, `language_id`, `name`) VALUES (3, 'zh', '轮流');

INSERT INTO `shift_translation` (`shift_id`, `language_id`, `name`) VALUES (1, 'es', 'Horario laboral fijo');
INSERT INTO `shift_translation` (`shift_id`, `language_id`, `name`) VALUES (2, 'es', 'Horario flexible');
INSERT INTO `shift_translation` (`shift_id`, `language_id`, `name`) VALUES (3, 'es', 'Trabajo por turnos');

INSERT INTO `shift_translation` (`shift_id`, `language_id`, `name`) VALUES (1, 'fr', 'Temps de travail fixe');
INSERT INTO `shift_translation` (`shift_id`, `language_id`, `name`) VALUES (2, 'fr', 'Temps de travail flexible');
INSERT INTO `shift_translation` (`shift_id`, `language_id`, `name`) VALUES (3, 'fr', 'travail posté');

COMMIT;

-- -----------------------------------------------------
-- Data for table `headerimg`
-- -----------------------------------------------------
START TRANSACTION;

INSERT INTO `headerimg` (`id`) VALUES (1);
INSERT INTO `headerimg` (`id`) VALUES (2);
INSERT INTO `headerimg` (`id`) VALUES (3);
INSERT INTO `headerimg` (`id`) VALUES (4);
INSERT INTO `headerimg` (`id`) VALUES (5);
INSERT INTO `headerimg` (`id`) VALUES (6);
INSERT INTO `headerimg` (`id`) VALUES (7);
INSERT INTO `headerimg` (`id`) VALUES (8);
INSERT INTO `headerimg` (`id`) VALUES (9);
INSERT INTO `headerimg` (`id`) VALUES (10);
INSERT INTO `headerimg` (`id`) VALUES (11);
INSERT INTO `headerimg` (`id`) VALUES (12);
INSERT INTO `headerimg` (`id`) VALUES (13);
INSERT INTO `headerimg` (`id`) VALUES (14);
INSERT INTO `headerimg` (`id`) VALUES (15);
INSERT INTO `headerimg` (`id`) VALUES (16);
INSERT INTO `headerimg` (`id`) VALUES (17);
INSERT INTO `headerimg` (`id`) VALUES (18);
INSERT INTO `headerimg` (`id`) VALUES (19);

COMMIT;

-- -----------------------------------------------------
-- Data for table `headerimg_translation`
-- -----------------------------------------------------
START TRANSACTION;

INSERT INTO `headerimg_translation` (`headerimg_id`, `language_id`, `size_id`, `img`) VALUES (1, 'de', 1, '/img/header/de/headerbild-deutschland-ausbildung_s.png');
INSERT INTO `headerimg_translation` (`headerimg_id`, `language_id`, `size_id`, `img`) VALUES (1, 'de', 2, '/img/header/de/headerbild-deutschland-ausbildung_m.png');
INSERT INTO `headerimg_translation` (`headerimg_id`, `language_id`, `size_id`, `img`) VALUES (1, 'de', 3, '/img/header/de/headerbild-deutschland-ausbildung_l.png');

INSERT INTO `headerimg_translation` (`headerimg_id`, `language_id`, `size_id`, `img`) VALUES (2, 'de', 1, '/img/header/de/headerbild-deutschland-einkauf_beschaffungsmanagement_s.png');
INSERT INTO `headerimg_translation` (`headerimg_id`, `language_id`, `size_id`, `img`) VALUES (2, 'de', 2, '/img/header/de/headerbild-deutschland-einkauf_beschaffungsmanagement_m.png');
INSERT INTO `headerimg_translation` (`headerimg_id`, `language_id`, `size_id`, `img`) VALUES (2, 'de', 3, '/img/header/de/headerbild-deutschland-einkauf_beschaffungsmanagement_l.png');

INSERT INTO `headerimg_translation` (`headerimg_id`, `language_id`, `size_id`, `img`) VALUES (3, 'de', 1, '/img/header/de/headerbild-deutschland-engineering_anlagenbau_s.png');
INSERT INTO `headerimg_translation` (`headerimg_id`, `language_id`, `size_id`, `img`) VALUES (3, 'de', 2, '/img/header/de/headerbild-deutschland-engineering_anlagenbau_m.png');
INSERT INTO `headerimg_translation` (`headerimg_id`, `language_id`, `size_id`, `img`) VALUES (3, 'de', 3, '/img/header/de/headerbild-deutschland-engineering_anlagenbau_l.png');

INSERT INTO `headerimg_translation` (`headerimg_id`, `language_id`, `size_id`, `img`) VALUES (4, 'de', 1, '/img/header/de/headerbild-deutschland-finanzen_controlling_s.png');
INSERT INTO `headerimg_translation` (`headerimg_id`, `language_id`, `size_id`, `img`) VALUES (4, 'de', 2, '/img/header/de/headerbild-deutschland-finanzen_controlling_m.png');
INSERT INTO `headerimg_translation` (`headerimg_id`, `language_id`, `size_id`, `img`) VALUES (4, 'de', 3, '/img/header/de/headerbild-deutschland-finanzen_controlling_l.png');

INSERT INTO `headerimg_translation` (`headerimg_id`, `language_id`, `size_id`, `img`) VALUES (5, 'de', 1, '/img/header/de/headerbild-deutschland-forschung_entwicklung_s.png');
INSERT INTO `headerimg_translation` (`headerimg_id`, `language_id`, `size_id`, `img`) VALUES (5, 'de', 2, '/img/header/de/headerbild-deutschland-forschung_entwicklung_m.png');
INSERT INTO `headerimg_translation` (`headerimg_id`, `language_id`, `size_id`, `img`) VALUES (5, 'de', 3, '/img/header/de/headerbild-deutschland-forschung_entwicklung_l.png');

INSERT INTO `headerimg_translation` (`headerimg_id`, `language_id`, `size_id`, `img`) VALUES (6, 'de', 1, '/img/header/de/headerbild-deutschland-information-technology_s.png');
INSERT INTO `headerimg_translation` (`headerimg_id`, `language_id`, `size_id`, `img`) VALUES (6, 'de', 2, '/img/header/de/headerbild-deutschland-information-technology_m.png');
INSERT INTO `headerimg_translation` (`headerimg_id`, `language_id`, `size_id`, `img`) VALUES (6, 'de', 3, '/img/header/de/headerbild-deutschland-information-technology_l.png');

INSERT INTO `headerimg_translation` (`headerimg_id`, `language_id`, `size_id`, `img`) VALUES (7, 'de', 1, '/img/header/de/headerbild-deutschland-kundenservice_s.png');
INSERT INTO `headerimg_translation` (`headerimg_id`, `language_id`, `size_id`, `img`) VALUES (7, 'de', 2, '/img/header/de/headerbild-deutschland-kundenservice_m.png');
INSERT INTO `headerimg_translation` (`headerimg_id`, `language_id`, `size_id`, `img`) VALUES (7, 'de', 3, '/img/header/de/headerbild-deutschland-kundenservice_l.png');

INSERT INTO `headerimg_translation` (`headerimg_id`, `language_id`, `size_id`, `img`) VALUES (8, 'de', 1, '/img/header/de/headerbild-deutschland-marketing_vertrieb_s.png');
INSERT INTO `headerimg_translation` (`headerimg_id`, `language_id`, `size_id`, `img`) VALUES (8, 'de', 2, '/img/header/de/headerbild-deutschland-marketing_vertrieb_m.png');
INSERT INTO `headerimg_translation` (`headerimg_id`, `language_id`, `size_id`, `img`) VALUES (8, 'de', 3, '/img/header/de/headerbild-deutschland-marketing_vertrieb_l.png');

INSERT INTO `headerimg_translation` (`headerimg_id`, `language_id`, `size_id`, `img`) VALUES (9, 'de', 1, '/img/header/de/headerbild-deutschland-personal_s.png');
INSERT INTO `headerimg_translation` (`headerimg_id`, `language_id`, `size_id`, `img`) VALUES (9, 'de', 2, '/img/header/de/headerbild-deutschland-personal_m.png');
INSERT INTO `headerimg_translation` (`headerimg_id`, `language_id`, `size_id`, `img`) VALUES (9, 'de', 3, '/img/header/de/headerbild-deutschland-personal_l.png');

INSERT INTO `headerimg_translation` (`headerimg_id`, `language_id`, `size_id`, `img`) VALUES (10, 'de', 1, '/img/header/de/headerbild-deutschland-produktionsfertigung_s.png');
INSERT INTO `headerimg_translation` (`headerimg_id`, `language_id`, `size_id`, `img`) VALUES (10, 'de', 2, '/img/header/de/headerbild-deutschland-produktionsfertigung_m.png');
INSERT INTO `headerimg_translation` (`headerimg_id`, `language_id`, `size_id`, `img`) VALUES (10, 'de', 3, '/img/header/de/headerbild-deutschland-produktionsfertigung_l.png');

INSERT INTO `headerimg_translation` (`headerimg_id`, `language_id`, `size_id`, `img`) VALUES (11, 'de', 1, '/img/header/de/headerbild-deutschland-projektmanagement_s.png');
INSERT INTO `headerimg_translation` (`headerimg_id`, `language_id`, `size_id`, `img`) VALUES (11, 'de', 2, '/img/header/de/headerbild-deutschland-projektmanagement_m.png');
INSERT INTO `headerimg_translation` (`headerimg_id`, `language_id`, `size_id`, `img`) VALUES (11, 'de', 3, '/img/header/de/headerbild-deutschland-projektmanagement_l.png');

INSERT INTO `headerimg_translation` (`headerimg_id`, `language_id`, `size_id`, `img`) VALUES (12, 'de', 1, '/img/header/de/headerbild-deutschland-recht_compliance_s.png');
INSERT INTO `headerimg_translation` (`headerimg_id`, `language_id`, `size_id`, `img`) VALUES (12, 'de', 2, '/img/header/de/headerbild-deutschland-recht_compliance_m.png');
INSERT INTO `headerimg_translation` (`headerimg_id`, `language_id`, `size_id`, `img`) VALUES (12, 'de', 3, '/img/header/de/headerbild-deutschland-recht_compliance_l.png');

INSERT INTO `headerimg_translation` (`headerimg_id`, `language_id`, `size_id`, `img`) VALUES (13, 'de', 1, '/img/header/de/headerbild-deutschland-strategie-markt-organisationsentwicklung_s.png');
INSERT INTO `headerimg_translation` (`headerimg_id`, `language_id`, `size_id`, `img`) VALUES (13, 'de', 2, '/img/header/de/headerbild-deutschland-strategie-markt-organisationsentwicklung_m.png');
INSERT INTO `headerimg_translation` (`headerimg_id`, `language_id`, `size_id`, `img`) VALUES (13, 'de', 3, '/img/header/de/headerbild-deutschland-strategie-markt-organisationsentwicklung_l.png');

INSERT INTO `headerimg_translation` (`headerimg_id`, `language_id`, `size_id`, `img`) VALUES (14, 'de', 1, '/img/header/de/headerbild-deutschland-unternehmerische_gesamtverantwortung_s.png');
INSERT INTO `headerimg_translation` (`headerimg_id`, `language_id`, `size_id`, `img`) VALUES (14, 'de', 2, '/img/header/de/headerbild-deutschland-unternehmerische_gesamtverantwortung_m.png');
INSERT INTO `headerimg_translation` (`headerimg_id`, `language_id`, `size_id`, `img`) VALUES (14, 'de', 3, '/img/header/de/headerbild-deutschland-unternehmerische_gesamtverantwortung_l.png');

INSERT INTO `headerimg_translation` (`headerimg_id`, `language_id`, `size_id`, `img`) VALUES (15, 'de', 1, '/img/header/de/headerbild-deutschland-verwaltung_interne_dienste_s.png');
INSERT INTO `headerimg_translation` (`headerimg_id`, `language_id`, `size_id`, `img`) VALUES (15, 'de', 2, '/img/header/de/headerbild-deutschland-verwaltung_interne_dienste_m.png');
INSERT INTO `headerimg_translation` (`headerimg_id`, `language_id`, `size_id`, `img`) VALUES (15, 'de', 3, '/img/header/de/headerbild-deutschland-verwaltung_interne_dienste_l.png');

INSERT INTO `headerimg_translation` (`headerimg_id`, `language_id`, `size_id`, `img`) VALUES (16, 'de', 1, '/img/header/de/headerbild-deutschland-weitere_s.png');
INSERT INTO `headerimg_translation` (`headerimg_id`, `language_id`, `size_id`, `img`) VALUES (16, 'de', 2, '/img/header/de/headerbild-deutschland-weitere_m.png');
INSERT INTO `headerimg_translation` (`headerimg_id`, `language_id`, `size_id`, `img`) VALUES (16, 'de', 3, '/img/header/de/headerbild-deutschland-weitere_l.png');

INSERT INTO `headerimg_translation` (`headerimg_id`, `language_id`, `size_id`, `img`) VALUES (17, 'de', 1, '/img/header/it/headerbild-italien_s.png');
INSERT INTO `headerimg_translation` (`headerimg_id`, `language_id`, `size_id`, `img`) VALUES (17, 'de', 2, '/img/header/it/headerbild-italien_m.png');
INSERT INTO `headerimg_translation` (`headerimg_id`, `language_id`, `size_id`, `img`) VALUES (17, 'de', 3, '/img/header/it/headerbild-italien_l.png');

INSERT INTO `headerimg_translation` (`headerimg_id`, `language_id`, `size_id`, `img`) VALUES (18, 'de', 1, '/img/header/us/headerbild-usa_s.png');
INSERT INTO `headerimg_translation` (`headerimg_id`, `language_id`, `size_id`, `img`) VALUES (18, 'de', 2, '/img/header/us/headerbild-usa_m.png');
INSERT INTO `headerimg_translation` (`headerimg_id`, `language_id`, `size_id`, `img`) VALUES (18, 'de', 3, '/img/header/us/headerbild-usa_l.png');

INSERT INTO `headerimg_translation` (`headerimg_id`, `language_id`, `size_id`, `img`) VALUES (19, 'de', 1, '/img/header/zh/headerbild-china_s.png');
INSERT INTO `headerimg_translation` (`headerimg_id`, `language_id`, `size_id`, `img`) VALUES (19, 'de', 2, '/img/header/zh/headerbild-china_m.png');
INSERT INTO `headerimg_translation` (`headerimg_id`, `language_id`, `size_id`, `img`) VALUES (19, 'de', 3, '/img/header/zh/headerbild-china_l.png');

INSERT INTO `headerimg_translation` (`headerimg_id`, `language_id`, `size_id`, `img`) VALUES (1, 'en', 1, '/img/header/de/headerbild-deutschland-ausbildung_s.png');
INSERT INTO `headerimg_translation` (`headerimg_id`, `language_id`, `size_id`, `img`) VALUES (1, 'en', 2, '/img/header/de/headerbild-deutschland-ausbildung_m.png');
INSERT INTO `headerimg_translation` (`headerimg_id`, `language_id`, `size_id`, `img`) VALUES (1, 'en', 3, '/img/header/de/headerbild-deutschland-ausbildung_l.png');

INSERT INTO `headerimg_translation` (`headerimg_id`, `language_id`, `size_id`, `img`) VALUES (2, 'en', 1, '/img/header/de/headerbild-deutschland-einkauf_beschaffungsmanagement_s.png');
INSERT INTO `headerimg_translation` (`headerimg_id`, `language_id`, `size_id`, `img`) VALUES (2, 'en', 2, '/img/header/de/headerbild-deutschland-einkauf_beschaffungsmanagement_m.png');
INSERT INTO `headerimg_translation` (`headerimg_id`, `language_id`, `size_id`, `img`) VALUES (2, 'en', 3, '/img/header/de/headerbild-deutschland-einkauf_beschaffungsmanagement_l.png');

INSERT INTO `headerimg_translation` (`headerimg_id`, `language_id`, `size_id`, `img`) VALUES (3, 'en', 1, '/img/header/de/headerbild-deutschland-engineering_anlagenbau-berufserfahrene_s.png');
INSERT INTO `headerimg_translation` (`headerimg_id`, `language_id`, `size_id`, `img`) VALUES (3, 'en', 2, '/img/header/de/headerbild-deutschland-engineering_anlagenbau-berufserfahrene_m.png');
INSERT INTO `headerimg_translation` (`headerimg_id`, `language_id`, `size_id`, `img`) VALUES (3, 'en', 3, '/img/header/de/headerbild-deutschland-engineering_anlagenbau-berufserfahrene_l.png');

INSERT INTO `headerimg_translation` (`headerimg_id`, `language_id`, `size_id`, `img`) VALUES (4, 'en', 1, '/img/header/de/headerbild-deutschland-finanzen_controlling_s.png');
INSERT INTO `headerimg_translation` (`headerimg_id`, `language_id`, `size_id`, `img`) VALUES (4, 'en', 2, '/img/header/de/headerbild-deutschland-finanzen_controlling_m.png');
INSERT INTO `headerimg_translation` (`headerimg_id`, `language_id`, `size_id`, `img`) VALUES (4, 'en', 3, '/img/header/de/headerbild-deutschland-finanzen_controlling_l.png');

INSERT INTO `headerimg_translation` (`headerimg_id`, `language_id`, `size_id`, `img`) VALUES (5, 'en', 1, '/img/header/de/headerbild-deutschland-forschung_entwicklung_s.png');
INSERT INTO `headerimg_translation` (`headerimg_id`, `language_id`, `size_id`, `img`) VALUES (5, 'en', 2, '/img/header/de/headerbild-deutschland-forschung_entwicklung_m.png');
INSERT INTO `headerimg_translation` (`headerimg_id`, `language_id`, `size_id`, `img`) VALUES (5, 'en', 3, '/img/header/de/headerbild-deutschland-forschung_entwicklung_l.png');

INSERT INTO `headerimg_translation` (`headerimg_id`, `language_id`, `size_id`, `img`) VALUES (6, 'en', 1, '/img/header/de/headerbild-deutschland-information-technology_s.png');
INSERT INTO `headerimg_translation` (`headerimg_id`, `language_id`, `size_id`, `img`) VALUES (6, 'en', 2, '/img/header/de/headerbild-deutschland-information-technology_m.png');
INSERT INTO `headerimg_translation` (`headerimg_id`, `language_id`, `size_id`, `img`) VALUES (6, 'en', 3, '/img/header/de/headerbild-deutschland-information-technology_l.png');

INSERT INTO `headerimg_translation` (`headerimg_id`, `language_id`, `size_id`, `img`) VALUES (7, 'en', 1, '/img/header/de/headerbild-deutschland-kundenservice_s.png');
INSERT INTO `headerimg_translation` (`headerimg_id`, `language_id`, `size_id`, `img`) VALUES (7, 'en', 2, '/img/header/de/headerbild-deutschland-kundenservice_m.png');
INSERT INTO `headerimg_translation` (`headerimg_id`, `language_id`, `size_id`, `img`) VALUES (7, 'en', 3, '/img/header/de/headerbild-deutschland-kundenservice_l.png');

INSERT INTO `headerimg_translation` (`headerimg_id`, `language_id`, `size_id`, `img`) VALUES (8, 'en', 1, '/img/header/de/headerbild-deutschland-marketing_vertrieb_s.png');
INSERT INTO `headerimg_translation` (`headerimg_id`, `language_id`, `size_id`, `img`) VALUES (8, 'en', 2, '/img/header/de/headerbild-deutschland-marketing_vertrieb_m.png');
INSERT INTO `headerimg_translation` (`headerimg_id`, `language_id`, `size_id`, `img`) VALUES (8, 'en', 3, '/img/header/de/headerbild-deutschland-marketing_vertrieb_l.png');

INSERT INTO `headerimg_translation` (`headerimg_id`, `language_id`, `size_id`, `img`) VALUES (9, 'en', 1, '/img/header/de/headerbild-deutschland-personal_s.png');
INSERT INTO `headerimg_translation` (`headerimg_id`, `language_id`, `size_id`, `img`) VALUES (9, 'en', 2, '/img/header/de/headerbild-deutschland-personal_m.png');
INSERT INTO `headerimg_translation` (`headerimg_id`, `language_id`, `size_id`, `img`) VALUES (9, 'en', 3, '/img/header/de/headerbild-deutschland-personal_l.png');

INSERT INTO `headerimg_translation` (`headerimg_id`, `language_id`, `size_id`, `img`) VALUES (10, 'en', 1, '/img/header/de/headerbild-deutschland-produktionsfertigung_s.png');
INSERT INTO `headerimg_translation` (`headerimg_id`, `language_id`, `size_id`, `img`) VALUES (10, 'en', 2, '/img/header/de/headerbild-deutschland-produktionsfertigung_m.png');
INSERT INTO `headerimg_translation` (`headerimg_id`, `language_id`, `size_id`, `img`) VALUES (10, 'en', 3, '/img/header/de/headerbild-deutschland-produktionsfertigung_l.png');

INSERT INTO `headerimg_translation` (`headerimg_id`, `language_id`, `size_id`, `img`) VALUES (11, 'en', 1, '/img/header/de/headerbild-deutschland-projektmanagement_s.png');
INSERT INTO `headerimg_translation` (`headerimg_id`, `language_id`, `size_id`, `img`) VALUES (11, 'en', 2, '/img/header/de/headerbild-deutschland-projektmanagement_m.png');
INSERT INTO `headerimg_translation` (`headerimg_id`, `language_id`, `size_id`, `img`) VALUES (11, 'en', 3, '/img/header/de/headerbild-deutschland-projektmanagement_l.png');

INSERT INTO `headerimg_translation` (`headerimg_id`, `language_id`, `size_id`, `img`) VALUES (12, 'en', 1, '/img/header/de/headerbild-deutschland-recht_compliance_s.png');
INSERT INTO `headerimg_translation` (`headerimg_id`, `language_id`, `size_id`, `img`) VALUES (12, 'en', 2, '/img/header/de/headerbild-deutschland-recht_compliance_m.png');
INSERT INTO `headerimg_translation` (`headerimg_id`, `language_id`, `size_id`, `img`) VALUES (12, 'en', 3, '/img/header/de/headerbild-deutschland-recht_compliance_l.png');

INSERT INTO `headerimg_translation` (`headerimg_id`, `language_id`, `size_id`, `img`) VALUES (13, 'en', 1, '/img/header/de/headerbild-deutschland-strategie-markt-organisationsentwicklung_s.png');
INSERT INTO `headerimg_translation` (`headerimg_id`, `language_id`, `size_id`, `img`) VALUES (13, 'en', 2, '/img/header/de/headerbild-deutschland-strategie-markt-organisationsentwicklung_m.png');
INSERT INTO `headerimg_translation` (`headerimg_id`, `language_id`, `size_id`, `img`) VALUES (13, 'en', 3, '/img/header/de/headerbild-deutschland-strategie-markt-organisationsentwicklung_l.png');

INSERT INTO `headerimg_translation` (`headerimg_id`, `language_id`, `size_id`, `img`) VALUES (14, 'en', 1, '/img/header/de/headerbild-deutschland-unternehmerische_gesamtverantwortung_s.png');
INSERT INTO `headerimg_translation` (`headerimg_id`, `language_id`, `size_id`, `img`) VALUES (14, 'en', 2, '/img/header/de/headerbild-deutschland-unternehmerische_gesamtverantwortung_m.png');
INSERT INTO `headerimg_translation` (`headerimg_id`, `language_id`, `size_id`, `img`) VALUES (14, 'en', 3, '/img/header/de/headerbild-deutschland-unternehmerische_gesamtverantwortung_l.png');

INSERT INTO `headerimg_translation` (`headerimg_id`, `language_id`, `size_id`, `img`) VALUES (15, 'en', 1, '/img/header/de/headerbild-deutschland-verwaltung_interne_dienste_s.png');
INSERT INTO `headerimg_translation` (`headerimg_id`, `language_id`, `size_id`, `img`) VALUES (15, 'en', 2, '/img/header/de/headerbild-deutschland-verwaltung_interne_dienste_m.png');
INSERT INTO `headerimg_translation` (`headerimg_id`, `language_id`, `size_id`, `img`) VALUES (15, 'en', 3, '/img/header/de/headerbild-deutschland-verwaltung_interne_dienste_l.png');

INSERT INTO `headerimg_translation` (`headerimg_id`, `language_id`, `size_id`, `img`) VALUES (16, 'en', 1, '/img/header/de/headerbild-deutschland-weitere_s.png');
INSERT INTO `headerimg_translation` (`headerimg_id`, `language_id`, `size_id`, `img`) VALUES (16, 'en', 2, '/img/header/de/headerbild-deutschland-weitere_m.png');
INSERT INTO `headerimg_translation` (`headerimg_id`, `language_id`, `size_id`, `img`) VALUES (16, 'en', 3, '/img/header/de/headerbild-deutschland-weitere_l.png');

INSERT INTO `headerimg_translation` (`headerimg_id`, `language_id`, `size_id`, `img`) VALUES (17, 'en', 1, '/img/header/it/headerbild-italien_s.png');
INSERT INTO `headerimg_translation` (`headerimg_id`, `language_id`, `size_id`, `img`) VALUES (17, 'en', 2, '/img/header/it/headerbild-italien_m.png');
INSERT INTO `headerimg_translation` (`headerimg_id`, `language_id`, `size_id`, `img`) VALUES (17, 'en', 3, '/img/header/it/headerbild-italien_l.png');

INSERT INTO `headerimg_translation` (`headerimg_id`, `language_id`, `size_id`, `img`) VALUES (18, 'en', 1, '/img/header/us/headerbild-usa_s.png');
INSERT INTO `headerimg_translation` (`headerimg_id`, `language_id`, `size_id`, `img`) VALUES (18, 'en', 2, '/img/header/us/headerbild-usa_m.png');
INSERT INTO `headerimg_translation` (`headerimg_id`, `language_id`, `size_id`, `img`) VALUES (18, 'en', 3, '/img/header/us/headerbild-usa_l.png');

INSERT INTO `headerimg_translation` (`headerimg_id`, `language_id`, `size_id`, `img`) VALUES (19, 'en', 1, '/img/header/zh/headerbild-china_s.png');
INSERT INTO `headerimg_translation` (`headerimg_id`, `language_id`, `size_id`, `img`) VALUES (19, 'en', 2, '/img/header/zh/headerbild-china_m.png');
INSERT INTO `headerimg_translation` (`headerimg_id`, `language_id`, `size_id`, `img`) VALUES (19, 'en', 3, '/img/header/zh/headerbild-china_l.png');

INSERT INTO `headerimg_translation` (`headerimg_id`, `language_id`, `size_id`, `img`) VALUES (1, 'zh', 1, '/img/header/de/headerbild-deutschland-ausbildung_s.png');
INSERT INTO `headerimg_translation` (`headerimg_id`, `language_id`, `size_id`, `img`) VALUES (1, 'zh', 2, '/img/header/de/headerbild-deutschland-ausbildung_m.png');
INSERT INTO `headerimg_translation` (`headerimg_id`, `language_id`, `size_id`, `img`) VALUES (1, 'zh', 3, '/img/header/de/headerbild-deutschland-ausbildung_l.png');

INSERT INTO `headerimg_translation` (`headerimg_id`, `language_id`, `size_id`, `img`) VALUES (2, 'zh', 1, '/img/header/de/headerbild-deutschland-einkauf_beschaffungsmanagement_s.png');
INSERT INTO `headerimg_translation` (`headerimg_id`, `language_id`, `size_id`, `img`) VALUES (2, 'zh', 2, '/img/header/de/headerbild-deutschland-einkauf_beschaffungsmanagement_m.png');
INSERT INTO `headerimg_translation` (`headerimg_id`, `language_id`, `size_id`, `img`) VALUES (2, 'zh', 3, '/img/header/de/headerbild-deutschland-einkauf_beschaffungsmanagement_l.png');

INSERT INTO `headerimg_translation` (`headerimg_id`, `language_id`, `size_id`, `img`) VALUES (3, 'zh', 1, '/img/header/de/headerbild-deutschland-engineering_anlagenbau-berufserfahrene_s.png');
INSERT INTO `headerimg_translation` (`headerimg_id`, `language_id`, `size_id`, `img`) VALUES (3, 'zh', 2, '/img/header/de/headerbild-deutschland-engineering_anlagenbau-berufserfahrene_m.png');
INSERT INTO `headerimg_translation` (`headerimg_id`, `language_id`, `size_id`, `img`) VALUES (3, 'zh', 3, '/img/header/de/headerbild-deutschland-engineering_anlagenbau-berufserfahrene_l.png');

INSERT INTO `headerimg_translation` (`headerimg_id`, `language_id`, `size_id`, `img`) VALUES (4, 'zh', 1, '/img/header/de/headerbild-deutschland-finanzen_controlling_s.png');
INSERT INTO `headerimg_translation` (`headerimg_id`, `language_id`, `size_id`, `img`) VALUES (4, 'zh', 2, '/img/header/de/headerbild-deutschland-finanzen_controlling_m.png');
INSERT INTO `headerimg_translation` (`headerimg_id`, `language_id`, `size_id`, `img`) VALUES (4, 'zh', 3, '/img/header/de/headerbild-deutschland-finanzen_controlling_l.png');

INSERT INTO `headerimg_translation` (`headerimg_id`, `language_id`, `size_id`, `img`) VALUES (5, 'zh', 1, '/img/header/de/headerbild-deutschland-forschung_entwicklung_s.png');
INSERT INTO `headerimg_translation` (`headerimg_id`, `language_id`, `size_id`, `img`) VALUES (5, 'zh', 2, '/img/header/de/headerbild-deutschland-forschung_entwicklung_m.png');
INSERT INTO `headerimg_translation` (`headerimg_id`, `language_id`, `size_id`, `img`) VALUES (5, 'zh', 3, '/img/header/de/headerbild-deutschland-forschung_entwicklung_l.png');

INSERT INTO `headerimg_translation` (`headerimg_id`, `language_id`, `size_id`, `img`) VALUES (6, 'zh', 1, '/img/header/de/headerbild-deutschland-information-technology_s.png');
INSERT INTO `headerimg_translation` (`headerimg_id`, `language_id`, `size_id`, `img`) VALUES (6, 'zh', 2, '/img/header/de/headerbild-deutschland-information-technology_m.png');
INSERT INTO `headerimg_translation` (`headerimg_id`, `language_id`, `size_id`, `img`) VALUES (6, 'zh', 3, '/img/header/de/headerbild-deutschland-information-technology_l.png');

INSERT INTO `headerimg_translation` (`headerimg_id`, `language_id`, `size_id`, `img`) VALUES (7, 'zh', 1, '/img/header/de/headerbild-deutschland-kundenservice_s.png');
INSERT INTO `headerimg_translation` (`headerimg_id`, `language_id`, `size_id`, `img`) VALUES (7, 'zh', 2, '/img/header/de/headerbild-deutschland-kundenservice_m.png');
INSERT INTO `headerimg_translation` (`headerimg_id`, `language_id`, `size_id`, `img`) VALUES (7, 'zh', 3, '/img/header/de/headerbild-deutschland-kundenservice_l.png');

INSERT INTO `headerimg_translation` (`headerimg_id`, `language_id`, `size_id`, `img`) VALUES (8, 'zh', 1, '/img/header/de/headerbild-deutschland-marketing_vertrieb_s.png');
INSERT INTO `headerimg_translation` (`headerimg_id`, `language_id`, `size_id`, `img`) VALUES (8, 'zh', 2, '/img/header/de/headerbild-deutschland-marketing_vertrieb_m.png');
INSERT INTO `headerimg_translation` (`headerimg_id`, `language_id`, `size_id`, `img`) VALUES (8, 'zh', 3, '/img/header/de/headerbild-deutschland-marketing_vertrieb_l.png');

INSERT INTO `headerimg_translation` (`headerimg_id`, `language_id`, `size_id`, `img`) VALUES (9, 'zh', 1, '/img/header/de/headerbild-deutschland-personal_s.png');
INSERT INTO `headerimg_translation` (`headerimg_id`, `language_id`, `size_id`, `img`) VALUES (9, 'zh', 2, '/img/header/de/headerbild-deutschland-personal_m.png');
INSERT INTO `headerimg_translation` (`headerimg_id`, `language_id`, `size_id`, `img`) VALUES (9, 'zh', 3, '/img/header/de/headerbild-deutschland-personal_l.png');

INSERT INTO `headerimg_translation` (`headerimg_id`, `language_id`, `size_id`, `img`) VALUES (10, 'zh', 1, '/img/header/de/headerbild-deutschland-produktionsfertigung_s.png');
INSERT INTO `headerimg_translation` (`headerimg_id`, `language_id`, `size_id`, `img`) VALUES (10, 'zh', 2, '/img/header/de/headerbild-deutschland-produktionsfertigung_m.png');
INSERT INTO `headerimg_translation` (`headerimg_id`, `language_id`, `size_id`, `img`) VALUES (10, 'zh', 3, '/img/header/de/headerbild-deutschland-produktionsfertigung_l.png');

INSERT INTO `headerimg_translation` (`headerimg_id`, `language_id`, `size_id`, `img`) VALUES (11, 'zh', 1, '/img/header/de/headerbild-deutschland-projektmanagement_s.png');
INSERT INTO `headerimg_translation` (`headerimg_id`, `language_id`, `size_id`, `img`) VALUES (11, 'zh', 2, '/img/header/de/headerbild-deutschland-projektmanagement_m.png');
INSERT INTO `headerimg_translation` (`headerimg_id`, `language_id`, `size_id`, `img`) VALUES (11, 'zh', 3, '/img/header/de/headerbild-deutschland-projektmanagement_l.png');

INSERT INTO `headerimg_translation` (`headerimg_id`, `language_id`, `size_id`, `img`) VALUES (12, 'zh', 1, '/img/header/de/headerbild-deutschland-recht_compliance_s.png');
INSERT INTO `headerimg_translation` (`headerimg_id`, `language_id`, `size_id`, `img`) VALUES (12, 'zh', 2, '/img/header/de/headerbild-deutschland-recht_compliance_m.png');
INSERT INTO `headerimg_translation` (`headerimg_id`, `language_id`, `size_id`, `img`) VALUES (12, 'zh', 3, '/img/header/de/headerbild-deutschland-recht_compliance_l.png');

INSERT INTO `headerimg_translation` (`headerimg_id`, `language_id`, `size_id`, `img`) VALUES (13, 'zh', 1, '/img/header/de/headerbild-deutschland-strategie-markt-organisationsentwicklung_s.png');
INSERT INTO `headerimg_translation` (`headerimg_id`, `language_id`, `size_id`, `img`) VALUES (13, 'zh', 2, '/img/header/de/headerbild-deutschland-strategie-markt-organisationsentwicklung_m.png');
INSERT INTO `headerimg_translation` (`headerimg_id`, `language_id`, `size_id`, `img`) VALUES (13, 'zh', 3, '/img/header/de/headerbild-deutschland-strategie-markt-organisationsentwicklung_l.png');

INSERT INTO `headerimg_translation` (`headerimg_id`, `language_id`, `size_id`, `img`) VALUES (14, 'zh', 1, '/img/header/de/headerbild-deutschland-unternehmerische_gesamtverantwortung_s.png');
INSERT INTO `headerimg_translation` (`headerimg_id`, `language_id`, `size_id`, `img`) VALUES (14, 'zh', 2, '/img/header/de/headerbild-deutschland-unternehmerische_gesamtverantwortung_m.png');
INSERT INTO `headerimg_translation` (`headerimg_id`, `language_id`, `size_id`, `img`) VALUES (14, 'zh', 3, '/img/header/de/headerbild-deutschland-unternehmerische_gesamtverantwortung_l.png');

INSERT INTO `headerimg_translation` (`headerimg_id`, `language_id`, `size_id`, `img`) VALUES (15, 'zh', 1, '/img/header/de/headerbild-deutschland-verwaltung_interne_dienste_s.png');
INSERT INTO `headerimg_translation` (`headerimg_id`, `language_id`, `size_id`, `img`) VALUES (15, 'zh', 2, '/img/header/de/headerbild-deutschland-verwaltung_interne_dienste_m.png');
INSERT INTO `headerimg_translation` (`headerimg_id`, `language_id`, `size_id`, `img`) VALUES (15, 'zh', 3, '/img/header/de/headerbild-deutschland-verwaltung_interne_dienste_l.png');

INSERT INTO `headerimg_translation` (`headerimg_id`, `language_id`, `size_id`, `img`) VALUES (16, 'zh', 1, '/img/header/de/headerbild-deutschland-weitere_s.png');
INSERT INTO `headerimg_translation` (`headerimg_id`, `language_id`, `size_id`, `img`) VALUES (16, 'zh', 2, '/img/header/de/headerbild-deutschland-weitere_m.png');
INSERT INTO `headerimg_translation` (`headerimg_id`, `language_id`, `size_id`, `img`) VALUES (16, 'zh', 3, '/img/header/de/headerbild-deutschland-weitere_l.png');

INSERT INTO `headerimg_translation` (`headerimg_id`, `language_id`, `size_id`, `img`) VALUES (17, 'zh', 1, '/img/header/it/headerbild-italien_s.png');
INSERT INTO `headerimg_translation` (`headerimg_id`, `language_id`, `size_id`, `img`) VALUES (17, 'zh', 2, '/img/header/it/headerbild-italien_m.png');
INSERT INTO `headerimg_translation` (`headerimg_id`, `language_id`, `size_id`, `img`) VALUES (17, 'zh', 3, '/img/header/it/headerbild-italien_l.png');

INSERT INTO `headerimg_translation` (`headerimg_id`, `language_id`, `size_id`, `img`) VALUES (18, 'zh', 1, '/img/header/us/headerbild-usa_s.png');
INSERT INTO `headerimg_translation` (`headerimg_id`, `language_id`, `size_id`, `img`) VALUES (18, 'zh', 2, '/img/header/us/headerbild-usa_m.png');
INSERT INTO `headerimg_translation` (`headerimg_id`, `language_id`, `size_id`, `img`) VALUES (18, 'zh', 3, '/img/header/us/headerbild-usa_l.png');

INSERT INTO `headerimg_translation` (`headerimg_id`, `language_id`, `size_id`, `img`) VALUES (19, 'zh', 1, '/img/header/zh/headerbild-china_s.png');
INSERT INTO `headerimg_translation` (`headerimg_id`, `language_id`, `size_id`, `img`) VALUES (19, 'zh', 2, '/img/header/zh/headerbild-china_m.png');
INSERT INTO `headerimg_translation` (`headerimg_id`, `language_id`, `size_id`, `img`) VALUES (19, 'zh', 3, '/img/header/zh/headerbild-china_l.png');

INSERT INTO `headerimg_translation` (`headerimg_id`, `language_id`, `size_id`, `img`) VALUES (1, 'es', 1, '/img/header/de/headerbild-deutschland-ausbildung_s.png');
INSERT INTO `headerimg_translation` (`headerimg_id`, `language_id`, `size_id`, `img`) VALUES (1, 'es', 2, '/img/header/de/headerbild-deutschland-ausbildung_m.png');
INSERT INTO `headerimg_translation` (`headerimg_id`, `language_id`, `size_id`, `img`) VALUES (1, 'es', 3, '/img/header/de/headerbild-deutschland-ausbildung_l.png');

INSERT INTO `headerimg_translation` (`headerimg_id`, `language_id`, `size_id`, `img`) VALUES (2, 'es', 1, '/img/header/de/headerbild-deutschland-einkauf_beschaffungsmanagement_s.png');
INSERT INTO `headerimg_translation` (`headerimg_id`, `language_id`, `size_id`, `img`) VALUES (2, 'es', 2, '/img/header/de/headerbild-deutschland-einkauf_beschaffungsmanagement_m.png');
INSERT INTO `headerimg_translation` (`headerimg_id`, `language_id`, `size_id`, `img`) VALUES (2, 'es', 3, '/img/header/de/headerbild-deutschland-einkauf_beschaffungsmanagement_l.png');

INSERT INTO `headerimg_translation` (`headerimg_id`, `language_id`, `size_id`, `img`) VALUES (3, 'es', 1, '/img/header/de/headerbild-deutschland-engineering_anlagenbau-berufserfahrene_s.png');
INSERT INTO `headerimg_translation` (`headerimg_id`, `language_id`, `size_id`, `img`) VALUES (3, 'es', 2, '/img/header/de/headerbild-deutschland-engineering_anlagenbau-berufserfahrene_m.png');
INSERT INTO `headerimg_translation` (`headerimg_id`, `language_id`, `size_id`, `img`) VALUES (3, 'es', 3, '/img/header/de/headerbild-deutschland-engineering_anlagenbau-berufserfahrene_l.png');

INSERT INTO `headerimg_translation` (`headerimg_id`, `language_id`, `size_id`, `img`) VALUES (4, 'es', 1, '/img/header/de/headerbild-deutschland-finanzen_controlling_s.png');
INSERT INTO `headerimg_translation` (`headerimg_id`, `language_id`, `size_id`, `img`) VALUES (4, 'es', 2, '/img/header/de/headerbild-deutschland-finanzen_controlling_m.png');
INSERT INTO `headerimg_translation` (`headerimg_id`, `language_id`, `size_id`, `img`) VALUES (4, 'es', 3, '/img/header/de/headerbild-deutschland-finanzen_controlling_l.png');

INSERT INTO `headerimg_translation` (`headerimg_id`, `language_id`, `size_id`, `img`) VALUES (5, 'es', 1, '/img/header/de/headerbild-deutschland-forschung_entwicklung_s.png');
INSERT INTO `headerimg_translation` (`headerimg_id`, `language_id`, `size_id`, `img`) VALUES (5, 'es', 2, '/img/header/de/headerbild-deutschland-forschung_entwicklung_m.png');
INSERT INTO `headerimg_translation` (`headerimg_id`, `language_id`, `size_id`, `img`) VALUES (5, 'es', 3, '/img/header/de/headerbild-deutschland-forschung_entwicklung_l.png');

INSERT INTO `headerimg_translation` (`headerimg_id`, `language_id`, `size_id`, `img`) VALUES (6, 'es', 1, '/img/header/de/headerbild-deutschland-information-technology_s.png');
INSERT INTO `headerimg_translation` (`headerimg_id`, `language_id`, `size_id`, `img`) VALUES (6, 'es', 2, '/img/header/de/headerbild-deutschland-information-technology_m.png');
INSERT INTO `headerimg_translation` (`headerimg_id`, `language_id`, `size_id`, `img`) VALUES (6, 'es', 3, '/img/header/de/headerbild-deutschland-information-technology_l.png');

INSERT INTO `headerimg_translation` (`headerimg_id`, `language_id`, `size_id`, `img`) VALUES (7, 'es', 1, '/img/header/de/headerbild-deutschland-kundenservice_s.png');
INSERT INTO `headerimg_translation` (`headerimg_id`, `language_id`, `size_id`, `img`) VALUES (7, 'es', 2, '/img/header/de/headerbild-deutschland-kundenservice_m.png');
INSERT INTO `headerimg_translation` (`headerimg_id`, `language_id`, `size_id`, `img`) VALUES (7, 'es', 3, '/img/header/de/headerbild-deutschland-kundenservice_l.png');

INSERT INTO `headerimg_translation` (`headerimg_id`, `language_id`, `size_id`, `img`) VALUES (8, 'es', 1, '/img/header/de/headerbild-deutschland-marketing_vertrieb_s.png');
INSERT INTO `headerimg_translation` (`headerimg_id`, `language_id`, `size_id`, `img`) VALUES (8, 'es', 2, '/img/header/de/headerbild-deutschland-marketing_vertrieb_m.png');
INSERT INTO `headerimg_translation` (`headerimg_id`, `language_id`, `size_id`, `img`) VALUES (8, 'es', 3, '/img/header/de/headerbild-deutschland-marketing_vertrieb_l.png');

INSERT INTO `headerimg_translation` (`headerimg_id`, `language_id`, `size_id`, `img`) VALUES (9, 'es', 1, '/img/header/de/headerbild-deutschland-personal_s.png');
INSERT INTO `headerimg_translation` (`headerimg_id`, `language_id`, `size_id`, `img`) VALUES (9, 'es', 2, '/img/header/de/headerbild-deutschland-personal_m.png');
INSERT INTO `headerimg_translation` (`headerimg_id`, `language_id`, `size_id`, `img`) VALUES (9, 'es', 3, '/img/header/de/headerbild-deutschland-personal_l.png');

INSERT INTO `headerimg_translation` (`headerimg_id`, `language_id`, `size_id`, `img`) VALUES (10, 'es', 1, '/img/header/de/headerbild-deutschland-produktionsfertigung_s.png');
INSERT INTO `headerimg_translation` (`headerimg_id`, `language_id`, `size_id`, `img`) VALUES (10, 'es', 2, '/img/header/de/headerbild-deutschland-produktionsfertigung_m.png');
INSERT INTO `headerimg_translation` (`headerimg_id`, `language_id`, `size_id`, `img`) VALUES (10, 'es', 3, '/img/header/de/headerbild-deutschland-produktionsfertigung_l.png');

INSERT INTO `headerimg_translation` (`headerimg_id`, `language_id`, `size_id`, `img`) VALUES (11, 'es', 1, '/img/header/de/headerbild-deutschland-projektmanagement_s.png');
INSERT INTO `headerimg_translation` (`headerimg_id`, `language_id`, `size_id`, `img`) VALUES (11, 'es', 2, '/img/header/de/headerbild-deutschland-projektmanagement_m.png');
INSERT INTO `headerimg_translation` (`headerimg_id`, `language_id`, `size_id`, `img`) VALUES (11, 'es', 3, '/img/header/de/headerbild-deutschland-projektmanagement_l.png');

INSERT INTO `headerimg_translation` (`headerimg_id`, `language_id`, `size_id`, `img`) VALUES (12, 'es', 1, '/img/header/de/headerbild-deutschland-recht_compliance_s.png');
INSERT INTO `headerimg_translation` (`headerimg_id`, `language_id`, `size_id`, `img`) VALUES (12, 'es', 2, '/img/header/de/headerbild-deutschland-recht_compliance_m.png');
INSERT INTO `headerimg_translation` (`headerimg_id`, `language_id`, `size_id`, `img`) VALUES (12, 'es', 3, '/img/header/de/headerbild-deutschland-recht_compliance_l.png');

INSERT INTO `headerimg_translation` (`headerimg_id`, `language_id`, `size_id`, `img`) VALUES (13, 'es', 1, '/img/header/de/headerbild-deutschland-strategie-markt-organisationsentwicklung_s.png');
INSERT INTO `headerimg_translation` (`headerimg_id`, `language_id`, `size_id`, `img`) VALUES (13, 'es', 2, '/img/header/de/headerbild-deutschland-strategie-markt-organisationsentwicklung_m.png');
INSERT INTO `headerimg_translation` (`headerimg_id`, `language_id`, `size_id`, `img`) VALUES (13, 'es', 3, '/img/header/de/headerbild-deutschland-strategie-markt-organisationsentwicklung_l.png');

INSERT INTO `headerimg_translation` (`headerimg_id`, `language_id`, `size_id`, `img`) VALUES (14, 'es', 1, '/img/header/de/headerbild-deutschland-unternehmerische_gesamtverantwortung_s.png');
INSERT INTO `headerimg_translation` (`headerimg_id`, `language_id`, `size_id`, `img`) VALUES (14, 'es', 2, '/img/header/de/headerbild-deutschland-unternehmerische_gesamtverantwortung_m.png');
INSERT INTO `headerimg_translation` (`headerimg_id`, `language_id`, `size_id`, `img`) VALUES (14, 'es', 3, '/img/header/de/headerbild-deutschland-unternehmerische_gesamtverantwortung_l.png');

INSERT INTO `headerimg_translation` (`headerimg_id`, `language_id`, `size_id`, `img`) VALUES (15, 'es', 1, '/img/header/de/headerbild-deutschland-verwaltung_interne_dienste_s.png');
INSERT INTO `headerimg_translation` (`headerimg_id`, `language_id`, `size_id`, `img`) VALUES (15, 'es', 2, '/img/header/de/headerbild-deutschland-verwaltung_interne_dienste_m.png');
INSERT INTO `headerimg_translation` (`headerimg_id`, `language_id`, `size_id`, `img`) VALUES (15, 'es', 3, '/img/header/de/headerbild-deutschland-verwaltung_interne_dienste_l.png');

INSERT INTO `headerimg_translation` (`headerimg_id`, `language_id`, `size_id`, `img`) VALUES (16, 'es', 1, '/img/header/de/headerbild-deutschland-weitere_s.png');
INSERT INTO `headerimg_translation` (`headerimg_id`, `language_id`, `size_id`, `img`) VALUES (16, 'es', 2, '/img/header/de/headerbild-deutschland-weitere_m.png');
INSERT INTO `headerimg_translation` (`headerimg_id`, `language_id`, `size_id`, `img`) VALUES (16, 'es', 3, '/img/header/de/headerbild-deutschland-weitere_l.png');

INSERT INTO `headerimg_translation` (`headerimg_id`, `language_id`, `size_id`, `img`) VALUES (17, 'es', 1, '/img/header/it/headerbild-italien_s.png');
INSERT INTO `headerimg_translation` (`headerimg_id`, `language_id`, `size_id`, `img`) VALUES (17, 'es', 2, '/img/header/it/headerbild-italien_m.png');
INSERT INTO `headerimg_translation` (`headerimg_id`, `language_id`, `size_id`, `img`) VALUES (17, 'es', 3, '/img/header/it/headerbild-italien_l.png');

INSERT INTO `headerimg_translation` (`headerimg_id`, `language_id`, `size_id`, `img`) VALUES (18, 'es', 1, '/img/header/us/headerbild-usa_s.png');
INSERT INTO `headerimg_translation` (`headerimg_id`, `language_id`, `size_id`, `img`) VALUES (18, 'es', 2, '/img/header/us/headerbild-usa_m.png');
INSERT INTO `headerimg_translation` (`headerimg_id`, `language_id`, `size_id`, `img`) VALUES (18, 'es', 3, '/img/header/us/headerbild-usa_l.png');

INSERT INTO `headerimg_translation` (`headerimg_id`, `language_id`, `size_id`, `img`) VALUES (19, 'es', 1, '/img/header/zh/headerbild-china_s.png');
INSERT INTO `headerimg_translation` (`headerimg_id`, `language_id`, `size_id`, `img`) VALUES (19, 'es', 2, '/img/header/zh/headerbild-china_m.png');
INSERT INTO `headerimg_translation` (`headerimg_id`, `language_id`, `size_id`, `img`) VALUES (19, 'es', 3, '/img/header/zh/headerbild-china_l.png');

INSERT INTO `headerimg_translation` (`headerimg_id`, `language_id`, `size_id`, `img`) VALUES (1, 'fr', 1, '/img/header/de/headerbild-deutschland-ausbildung_s.png');
INSERT INTO `headerimg_translation` (`headerimg_id`, `language_id`, `size_id`, `img`) VALUES (1, 'fr', 2, '/img/header/de/headerbild-deutschland-ausbildung_m.png');
INSERT INTO `headerimg_translation` (`headerimg_id`, `language_id`, `size_id`, `img`) VALUES (1, 'fr', 3, '/img/header/de/headerbild-deutschland-ausbildung_l.png');

INSERT INTO `headerimg_translation` (`headerimg_id`, `language_id`, `size_id`, `img`) VALUES (2, 'fr', 1, '/img/header/de/headerbild-deutschland-einkauf_beschaffungsmanagement_s.png');
INSERT INTO `headerimg_translation` (`headerimg_id`, `language_id`, `size_id`, `img`) VALUES (2, 'fr', 2, '/img/header/de/headerbild-deutschland-einkauf_beschaffungsmanagement_m.png');
INSERT INTO `headerimg_translation` (`headerimg_id`, `language_id`, `size_id`, `img`) VALUES (2, 'fr', 3, '/img/header/de/headerbild-deutschland-einkauf_beschaffungsmanagement_l.png');

INSERT INTO `headerimg_translation` (`headerimg_id`, `language_id`, `size_id`, `img`) VALUES (3, 'fr', 1, '/img/header/de/headerbild-deutschland-engineering_anlagenbau-berufserfahrene_s.png');
INSERT INTO `headerimg_translation` (`headerimg_id`, `language_id`, `size_id`, `img`) VALUES (3, 'fr', 2, '/img/header/de/headerbild-deutschland-engineering_anlagenbau-berufserfahrene_m.png');
INSERT INTO `headerimg_translation` (`headerimg_id`, `language_id`, `size_id`, `img`) VALUES (3, 'fr', 3, '/img/header/de/headerbild-deutschland-engineering_anlagenbau-berufserfahrene_l.png');

INSERT INTO `headerimg_translation` (`headerimg_id`, `language_id`, `size_id`, `img`) VALUES (4, 'fr', 1, '/img/header/de/headerbild-deutschland-finanzen_controlling_s.png');
INSERT INTO `headerimg_translation` (`headerimg_id`, `language_id`, `size_id`, `img`) VALUES (4, 'fr', 2, '/img/header/de/headerbild-deutschland-finanzen_controlling_m.png');
INSERT INTO `headerimg_translation` (`headerimg_id`, `language_id`, `size_id`, `img`) VALUES (4, 'fr', 3, '/img/header/de/headerbild-deutschland-finanzen_controlling_l.png');

INSERT INTO `headerimg_translation` (`headerimg_id`, `language_id`, `size_id`, `img`) VALUES (5, 'fr', 1, '/img/header/de/headerbild-deutschland-forschung_entwicklung_s.png');
INSERT INTO `headerimg_translation` (`headerimg_id`, `language_id`, `size_id`, `img`) VALUES (5, 'fr', 2, '/img/header/de/headerbild-deutschland-forschung_entwicklung_m.png');
INSERT INTO `headerimg_translation` (`headerimg_id`, `language_id`, `size_id`, `img`) VALUES (5, 'fr', 3, '/img/header/de/headerbild-deutschland-forschung_entwicklung_l.png');

INSERT INTO `headerimg_translation` (`headerimg_id`, `language_id`, `size_id`, `img`) VALUES (6, 'fr', 1, '/img/header/de/headerbild-deutschland-information-technology_s.png');
INSERT INTO `headerimg_translation` (`headerimg_id`, `language_id`, `size_id`, `img`) VALUES (6, 'fr', 2, '/img/header/de/headerbild-deutschland-information-technology_m.png');
INSERT INTO `headerimg_translation` (`headerimg_id`, `language_id`, `size_id`, `img`) VALUES (6, 'fr', 3, '/img/header/de/headerbild-deutschland-information-technology_l.png');

INSERT INTO `headerimg_translation` (`headerimg_id`, `language_id`, `size_id`, `img`) VALUES (7, 'fr', 1, '/img/header/de/headerbild-deutschland-kundenservice_s.png');
INSERT INTO `headerimg_translation` (`headerimg_id`, `language_id`, `size_id`, `img`) VALUES (7, 'fr', 2, '/img/header/de/headerbild-deutschland-kundenservice_m.png');
INSERT INTO `headerimg_translation` (`headerimg_id`, `language_id`, `size_id`, `img`) VALUES (7, 'fr', 3, '/img/header/de/headerbild-deutschland-kundenservice_l.png');

INSERT INTO `headerimg_translation` (`headerimg_id`, `language_id`, `size_id`, `img`) VALUES (8, 'fr', 1, '/img/header/de/headerbild-deutschland-marketing_vertrieb_s.png');
INSERT INTO `headerimg_translation` (`headerimg_id`, `language_id`, `size_id`, `img`) VALUES (8, 'fr', 2, '/img/header/de/headerbild-deutschland-marketing_vertrieb_m.png');
INSERT INTO `headerimg_translation` (`headerimg_id`, `language_id`, `size_id`, `img`) VALUES (8, 'fr', 3, '/img/header/de/headerbild-deutschland-marketing_vertrieb_l.png');

INSERT INTO `headerimg_translation` (`headerimg_id`, `language_id`, `size_id`, `img`) VALUES (9, 'fr', 1, '/img/header/de/headerbild-deutschland-personal_s.png');
INSERT INTO `headerimg_translation` (`headerimg_id`, `language_id`, `size_id`, `img`) VALUES (9, 'fr', 2, '/img/header/de/headerbild-deutschland-personal_m.png');
INSERT INTO `headerimg_translation` (`headerimg_id`, `language_id`, `size_id`, `img`) VALUES (9, 'fr', 3, '/img/header/de/headerbild-deutschland-personal_l.png');

INSERT INTO `headerimg_translation` (`headerimg_id`, `language_id`, `size_id`, `img`) VALUES (10, 'fr', 1, '/img/header/de/headerbild-deutschland-produktionsfertigung_s.png');
INSERT INTO `headerimg_translation` (`headerimg_id`, `language_id`, `size_id`, `img`) VALUES (10, 'fr', 2, '/img/header/de/headerbild-deutschland-produktionsfertigung_m.png');
INSERT INTO `headerimg_translation` (`headerimg_id`, `language_id`, `size_id`, `img`) VALUES (10, 'fr', 3, '/img/header/de/headerbild-deutschland-produktionsfertigung_l.png');

INSERT INTO `headerimg_translation` (`headerimg_id`, `language_id`, `size_id`, `img`) VALUES (11, 'fr', 1, '/img/header/de/headerbild-deutschland-projektmanagement_s.png');
INSERT INTO `headerimg_translation` (`headerimg_id`, `language_id`, `size_id`, `img`) VALUES (11, 'fr', 2, '/img/header/de/headerbild-deutschland-projektmanagement_m.png');
INSERT INTO `headerimg_translation` (`headerimg_id`, `language_id`, `size_id`, `img`) VALUES (11, 'fr', 3, '/img/header/de/headerbild-deutschland-projektmanagement_l.png');

INSERT INTO `headerimg_translation` (`headerimg_id`, `language_id`, `size_id`, `img`) VALUES (12, 'fr', 1, '/img/header/de/headerbild-deutschland-recht_compliance_s.png');
INSERT INTO `headerimg_translation` (`headerimg_id`, `language_id`, `size_id`, `img`) VALUES (12, 'fr', 2, '/img/header/de/headerbild-deutschland-recht_compliance_m.png');
INSERT INTO `headerimg_translation` (`headerimg_id`, `language_id`, `size_id`, `img`) VALUES (12, 'fr', 3, '/img/header/de/headerbild-deutschland-recht_compliance_l.png');

INSERT INTO `headerimg_translation` (`headerimg_id`, `language_id`, `size_id`, `img`) VALUES (13, 'fr', 1, '/img/header/de/headerbild-deutschland-strategie-markt-organisationsentwicklung_s.png');
INSERT INTO `headerimg_translation` (`headerimg_id`, `language_id`, `size_id`, `img`) VALUES (13, 'fr', 2, '/img/header/de/headerbild-deutschland-strategie-markt-organisationsentwicklung_m.png');
INSERT INTO `headerimg_translation` (`headerimg_id`, `language_id`, `size_id`, `img`) VALUES (13, 'fr', 3, '/img/header/de/headerbild-deutschland-strategie-markt-organisationsentwicklung_l.png');

INSERT INTO `headerimg_translation` (`headerimg_id`, `language_id`, `size_id`, `img`) VALUES (14, 'fr', 1, '/img/header/de/headerbild-deutschland-unternehmerische_gesamtverantwortung_s.png');
INSERT INTO `headerimg_translation` (`headerimg_id`, `language_id`, `size_id`, `img`) VALUES (14, 'fr', 2, '/img/header/de/headerbild-deutschland-unternehmerische_gesamtverantwortung_m.png');
INSERT INTO `headerimg_translation` (`headerimg_id`, `language_id`, `size_id`, `img`) VALUES (14, 'fr', 3, '/img/header/de/headerbild-deutschland-unternehmerische_gesamtverantwortung_l.png');

INSERT INTO `headerimg_translation` (`headerimg_id`, `language_id`, `size_id`, `img`) VALUES (15, 'fr', 1, '/img/header/de/headerbild-deutschland-verwaltung_interne_dienste_s.png');
INSERT INTO `headerimg_translation` (`headerimg_id`, `language_id`, `size_id`, `img`) VALUES (15, 'fr', 2, '/img/header/de/headerbild-deutschland-verwaltung_interne_dienste_m.png');
INSERT INTO `headerimg_translation` (`headerimg_id`, `language_id`, `size_id`, `img`) VALUES (15, 'fr', 3, '/img/header/de/headerbild-deutschland-verwaltung_interne_dienste_l.png');

INSERT INTO `headerimg_translation` (`headerimg_id`, `language_id`, `size_id`, `img`) VALUES (16, 'fr', 1, '/img/header/de/headerbild-deutschland-weitere_s.png');
INSERT INTO `headerimg_translation` (`headerimg_id`, `language_id`, `size_id`, `img`) VALUES (16, 'fr', 2, '/img/header/de/headerbild-deutschland-weitere_m.png');
INSERT INTO `headerimg_translation` (`headerimg_id`, `language_id`, `size_id`, `img`) VALUES (16, 'fr', 3, '/img/header/de/headerbild-deutschland-weitere_l.png');

INSERT INTO `headerimg_translation` (`headerimg_id`, `language_id`, `size_id`, `img`) VALUES (17, 'fr', 1, '/img/header/it/headerbild-italien_s.png');
INSERT INTO `headerimg_translation` (`headerimg_id`, `language_id`, `size_id`, `img`) VALUES (17, 'fr', 2, '/img/header/it/headerbild-italien_m.png');
INSERT INTO `headerimg_translation` (`headerimg_id`, `language_id`, `size_id`, `img`) VALUES (17, 'fr', 3, '/img/header/it/headerbild-italien_l.png');

INSERT INTO `headerimg_translation` (`headerimg_id`, `language_id`, `size_id`, `img`) VALUES (18, 'fr', 1, '/img/header/us/headerbild-usa_s.png');
INSERT INTO `headerimg_translation` (`headerimg_id`, `language_id`, `size_id`, `img`) VALUES (18, 'fr', 2, '/img/header/us/headerbild-usa_m.png');
INSERT INTO `headerimg_translation` (`headerimg_id`, `language_id`, `size_id`, `img`) VALUES (18, 'fr', 3, '/img/header/us/headerbild-usa_l.png');

INSERT INTO `headerimg_translation` (`headerimg_id`, `language_id`, `size_id`, `img`) VALUES (19, 'fr', 1, '/img/header/zh/headerbild-china_s.png');
INSERT INTO `headerimg_translation` (`headerimg_id`, `language_id`, `size_id`, `img`) VALUES (19, 'fr', 2, '/img/header/zh/headerbild-china_m.png');
INSERT INTO `headerimg_translation` (`headerimg_id`, `language_id`, `size_id`, `img`) VALUES (19, 'fr', 3, '/img/header/zh/headerbild-china_l.png');

COMMIT;

-- -----------------------------------------------------
-- Data for table `benefit`
-- -----------------------------------------------------
START TRANSACTION;

INSERT INTO `benefit` (`id`) VALUES (1);
INSERT INTO `benefit` (`id`) VALUES (2);
INSERT INTO `benefit` (`id`) VALUES (3);
INSERT INTO `benefit` (`id`) VALUES (4);
INSERT INTO `benefit` (`id`) VALUES (5);
INSERT INTO `benefit` (`id`) VALUES (6);
INSERT INTO `benefit` (`id`) VALUES (7);
INSERT INTO `benefit` (`id`) VALUES (8);
INSERT INTO `benefit` (`id`) VALUES (9);
INSERT INTO `benefit` (`id`) VALUES (10);
INSERT INTO `benefit` (`id`) VALUES (11);

COMMIT;

-- -----------------------------------------------------
-- Data for table `benefit_translation`
-- -----------------------------------------------------
START TRANSACTION;

INSERT INTO `benefit_translation` (`benefit_id`, `language_id`, `name`, `text`, `img`) VALUES (1, 'de', 'Sicherheit & Gesundheit', 'Sicherheit & Gesundheit: Höchste Standards für Arbeitssicherheit sowie vielseitige Gesundheitsförderung und -vorsorge.', '/img/benefits/01_healthcare.svg');
INSERT INTO `benefit_translation` (`benefit_id`, `language_id`, `name`, `text`, `img`) VALUES (2, 'de', 'Altersvorsorge', 'Altersvorsorge: Wir unterstützen Sie individuell mit verschiedenen Modellen.', '/img/benefits/02_security_for_the_future.svg');
INSERT INTO `benefit_translation` (`benefit_id`, `language_id`, `name`, `text`, `img`) VALUES (3, 'de', 'Zusammenhalt', 'Zusammenhalt: Kollegialität ist uns enorm wichtig - wir begegnen jedem mit Respekt, Anerkennung und Wertschätzung.', '/img/benefits/03_collaboration.svg');
INSERT INTO `benefit_translation` (`benefit_id`, `language_id`, `name`, `text`, `img`) VALUES (4, 'de', 'Weiterbildung', 'Weiterbildung: Sie entwickeln sich durch  Schulungs- und Fortbildungsangebote fachlich wie persönlich.', '/img/benefits/04_continuing_education.svg');
INSERT INTO `benefit_translation` (`benefit_id`, `language_id`, `name`, `text`, `img`) VALUES (5, 'de', 'Vergütung', 'Vergütung: Faire Arbeitsbedingungen und eine wettbewerbsfähige Vergütung als wichtige Basis.', '/img/benefits/05_compensation_and_benefits.svg');
INSERT INTO `benefit_translation` (`benefit_id`, `language_id`, `name`, `text`, `img`) VALUES (6, 'de', 'Vielfalt', 'Vielfalt: Wir fördern eine offene und tolerante Arbeitskultur.', '/img/benefits/06_diversity.svg');
INSERT INTO `benefit_translation` (`benefit_id`, `language_id`, `name`, `text`, `img`) VALUES (7, 'de', 'Familie & Beruf', 'Familie & Beruf: Mit der Work-Life-Balance im Blick garantieren wir geregelte Arbeitzeiten.', '/img/benefits/07_work_life_balance.svg');
INSERT INTO `benefit_translation` (`benefit_id`, `language_id`, `name`, `text`, `img`) VALUES (8, 'de', 'Gestaltungsfreiheit', 'Gestaltungsfreiheit: Ein freies Arbeitsumfeld mit einer gesunden Fehlerkultur, in dem Sie neue Lösungen ausprobieren können.', '/img/benefits/08_crative_leeway.svg');
INSERT INTO `benefit_translation` (`benefit_id`, `language_id`, `name`, `text`, `img`) VALUES (9, 'de', 'Flexibilität', 'Flexibilität: Wir unterstützen bspw. durch flexible Arbeitszeiten, Homeoffice-Angebote und Optionen unterschiedlicher Auszeiten.', '/img/benefits/09_vacation_and_paid_time_off.svg');
INSERT INTO `benefit_translation` (`benefit_id`, `language_id`, `name`, `text`, `img`) VALUES (10, 'de', 'Nachhaltigkeit', 'Nachhaltigkeit: Wir handeln verantwortungsvoll und umweltbewusst.', '/img/benefits/10_sustainability.svg');
INSERT INTO `benefit_translation` (`benefit_id`, `language_id`, `name`, `text`, `img`) VALUES (11, 'de', 'Onboarding', 'Onboarding: Individuelle und persönliche Angebote zum Start in den Job.', '/img/benefits/11_onboarding.svg');

INSERT INTO `benefit_translation` (`benefit_id`, `language_id`, `name`, `text`, `img`) VALUES (1, 'en', 'Health & Safety', 'Health & Safety: highest standards and a wide range of health promotion and healthcare activities.', '/img/benefits/01_healthcare.svg');
INSERT INTO `benefit_translation` (`benefit_id`, `language_id`, `name`, `text`, `img`) VALUES (2, 'en', 'Pension', 'Pension: we have various financial models to give you individual support.', '/img/benefits/02_security_for_the_future.svg');
INSERT INTO `benefit_translation` (`benefit_id`, `language_id`, `name`, `text`, `img`) VALUES (3, 'en', 'Collaboration', 'Collaboration: collegiality is of huge importance – we treat everyone with respect and appreciation.', '/img/benefits/03_collaboration.svg');
INSERT INTO `benefit_translation` (`benefit_id`, `language_id`, `name`, `text`, `img`) VALUES (4, 'en', 'Development', 'Development: training and education programs to help you develop professionally and personally.', '/img/benefits/04_continuing_education.svg');
INSERT INTO `benefit_translation` (`benefit_id`, `language_id`, `name`, `text`, `img`) VALUES (5, 'en', 'Compensation & benefits', 'Compensation & benefits: fair working conditions and competitive pay are an important basis for us.', '/img/benefits/05_compensation_and_benefits.svg');
INSERT INTO `benefit_translation` (`benefit_id`, `language_id`, `name`, `text`, `img`) VALUES (6, 'en', 'Diversity', 'Diversity: we promote an open and tolerant work culture.', '/img/benefits/06_diversity.svg');
INSERT INTO `benefit_translation` (`benefit_id`, `language_id`, `name`, `text`, `img`) VALUES (7, 'en', 'Work-Life Balance', 'Work-Life Balance: we guarantee regular working hours to support work-life balance.', '/img/benefits/07_work_life_balance.svg');
INSERT INTO `benefit_translation` (`benefit_id`, `language_id`, `name`, `text`, `img`) VALUES (8, 'en', 'Creative leeway', 'Creative leeway: we offer a work environment in which you can try out new solutions in a no blame culture.', '/img/benefits/08_crative_leeway.svg');
INSERT INTO `benefit_translation` (`benefit_id`, `language_id`, `name`, `text`, `img`) VALUES (9, 'en', 'Vacation and paid time off', 'Vacation and paid time off: Paid vacation, sick leave and personal days.', '/img/benefits/09_vacation_and_paid_time_off.svg');
INSERT INTO `benefit_translation` (`benefit_id`, `language_id`, `name`, `text`, `img`) VALUES (10, 'en', 'Sustainability', 'Sustainability: we act with responsibility and environmental awareness. ', '/img/benefits/10_sustainability.svg');
INSERT INTO `benefit_translation` (`benefit_id`, `language_id`, `name`, `text`, `img`) VALUES (11, 'en', 'Onboarding', 'Onboarding: individual and personal support to help you get started in your new job.', '/img/benefits/11_onboarding.svg');

INSERT INTO `benefit_translation` (`benefit_id`, `language_id`, `name`, `text`, `img`) VALUES (1, 'zh', '安全和健康', '安全和健康：最高标准的劳动安全性以及多样化的健康促进和医疗保健服务。', '/img/benefits/01_healthcare.svg');
INSERT INTO `benefit_translation` (`benefit_id`, `language_id`, `name`, `text`, `img`) VALUES (2, 'zh', '养老保险金', '养老保险金：通过不同的保险种类为您提供个性化的支持。', '/img/benefits/02_security_for_the_future.svg');
INSERT INTO `benefit_translation` (`benefit_id`, `language_id`, `name`, `text`, `img`) VALUES (3, 'zh', '凝聚力', '凝聚力：同事之谊对我们来说至关重要 - 我们尊重、认可和欣赏每一位员工。', '/img/benefits/03_collaboration.svg');
INSERT INTO `benefit_translation` (`benefit_id`, `language_id`, `name`, `text`, `img`) VALUES (4, 'zh', '进修', '进修：我们通过提供培训和深造机会让您在专业和个人能力方面得到发展。', '/img/benefits/04_continuing_education.svg');
INSERT INTO `benefit_translation` (`benefit_id`, `language_id`, `name`, `text`, `img`) VALUES (5, 'zh', '薪水', '薪水：以公平的工作条件和具有竞争力的薪水作为重要基础。', '/img/benefits/05_compensation_and_benefits.svg');
INSERT INTO `benefit_translation` (`benefit_id`, `language_id`, `name`, `text`, `img`) VALUES (6, 'zh', '多样性', '多样性：我们倡导开放和宽容的职业文化。', '/img/benefits/06_diversity.svg');
INSERT INTO `benefit_translation` (`benefit_id`, `language_id`, `name`, `text`, `img`) VALUES (7, 'zh', '家庭和职业', '家庭和职业：我们通过时刻关注工作生活平衡确保有序的工作时间。', '/img/benefits/07_work_life_balance.svg');
INSERT INTO `benefit_translation` (`benefit_id`, `language_id`, `name`, `text`, `img`) VALUES (8, 'zh', '设计自由度', '设计自由度：我们提供自由的、具备健康的容错文化的工作环境，您可以在其中尝试新的解决方案。', '/img/benefits/08_crative_leeway.svg');
INSERT INTO `benefit_translation` (`benefit_id`, `language_id`, `name`, `text`, `img`) VALUES (9, 'zh', '灵活性', '灵活性：我们通过灵活的工作时间、在家办公以及各种可选的调休方案来提供支持。', '/img/benefits/09_vacation_and_paid_time_off.svg');
INSERT INTO `benefit_translation` (`benefit_id`, `language_id`, `name`, `text`, `img`) VALUES (10, 'zh', '可持续性', '可持续性：我们本着负责任和环保的态度行事。', '/img/benefits/10_sustainability.svg');
INSERT INTO `benefit_translation` (`benefit_id`, `language_id`, `name`, `text`, `img`) VALUES (11, 'zh', '入职培训', '入职培训：我们提供个性化的入职培训课程。', '/img/benefits/11_onboarding.svg');

INSERT INTO `benefit_translation` (`benefit_id`, `language_id`, `name`, `text`, `img`) VALUES (1, 'es', 'Salud y seguridad', 'Salud y seguridad: Las normas más estrictas y una amplia gama de actividades de promoción de la salud y atención sanitaria.', '/img/benefits/01_healthcare.svg');
INSERT INTO `benefit_translation` (`benefit_id`, `language_id`, `name`, `text`, `img`) VALUES (2, 'es', 'Pensión', 'Pensión: Tenemos varios modelos financieros para brindarte apoyo individual.', '/img/benefits/02_security_for_the_future.svg');
INSERT INTO `benefit_translation` (`benefit_id`, `language_id`, `name`, `text`, `img`) VALUES (3, 'es', 'Colaboración', 'Colaboración: El compañerismo es de suma importancia; tratamos a todos con respeto y aprecio.', '/img/benefits/03_collaboration.svg');
INSERT INTO `benefit_translation` (`benefit_id`, `language_id`, `name`, `text`, `img`) VALUES (4, 'es', 'Desarrollo', 'Desarrollo: Programas de formación y educación que te ayuden a desarrollarte profesional y personalmente.', '/img/benefits/04_continuing_education.svg');
INSERT INTO `benefit_translation` (`benefit_id`, `language_id`, `name`, `text`, `img`) VALUES (5, 'es', 'Compensación y beneficios', 'Compensación y beneficios: Las condiciones de trabajo justas y los salarios competitivos son una base importante para nosotros.', '/img/benefits/05_compensation_and_benefits.svg');
INSERT INTO `benefit_translation` (`benefit_id`, `language_id`, `name`, `text`, `img`) VALUES (6, 'es', 'Diversidad', 'Diversidad: Promovemos una cultura de trabajo abierta y tolerante.', '/img/benefits/06_diversity.svg');
INSERT INTO `benefit_translation` (`benefit_id`, `language_id`, `name`, `text`, `img`) VALUES (7, 'es', 'Conciliación entre vida laboral y personal', 'Conciliación entre vida laboral y personal: Garantizamos horas de trabajo regulares para fomentar la conciliación entre vida laboral y personal.', '/img/benefits/07_work_life_balance.svg');
INSERT INTO `benefit_translation` (`benefit_id`, `language_id`, `name`, `text`, `img`) VALUES (8, 'es', 'Libertad creativa', 'Libertad creativa: Ofrecemos un entorno de trabajo en el que se pueden probar nuevas soluciones en una cultura sin culpas.', '/img/benefits/08_crative_leeway.svg');
INSERT INTO `benefit_translation` (`benefit_id`, `language_id`, `name`, `text`, `img`) VALUES (9, 'es', 'Vacaciones y permisos remunerados', 'Vacaciones y permisos remunerados: Vacaciones, bajas por enfermedad y días de permiso.', '/img/benefits/09_vacation_and_paid_time_off.svg');
INSERT INTO `benefit_translation` (`benefit_id`, `language_id`, `name`, `text`, `img`) VALUES (10, 'es', 'Sostenibilidad', 'Sostenibilidad: Actuamos con responsabilidad y conciencia medioambiental.', '/img/benefits/10_sustainability.svg');
INSERT INTO `benefit_translation` (`benefit_id`, `language_id`, `name`, `text`, `img`) VALUES (11, 'es', 'Incorporación', 'Incorporación: Apoyo individual y personal para ayudarte a empezar en tu nuevo trabajo.', '/img/benefits/11_onboarding.svg');

INSERT INTO `benefit_translation` (`benefit_id`, `language_id`, `name`, `text`, `img`) VALUES (1, 'fr', 'Santé et sécurité', 'Santé et sécurité: les normes les plus élevées et un large éventail d\'activités de promotion de la santé et de soins de santé.', '/img/benefits/01_healthcare.svg');
INSERT INTO `benefit_translation` (`benefit_id`, `language_id`, `name`, `text`, `img`) VALUES (2, 'fr', 'Pension', 'Pension: nous disposons de différents modèles financiers pour vous apporter un soutien individuel.', '/img/benefits/02_security_for_the_future.svg');
INSERT INTO `benefit_translation` (`benefit_id`, `language_id`, `name`, `text`, `img`) VALUES (3, 'fr', 'Collaboration', 'Collaboration: la collégialité est d\'une importance capitale - nous traitons tout le monde avec respect et reconnaissance.', '/img/benefits/03_collaboration.svg');
INSERT INTO `benefit_translation` (`benefit_id`, `language_id`, `name`, `text`, `img`) VALUES (4, 'fr', 'Développement', 'Développement: programmes de formation et d\'éducation pour vous aider à vous développer professionnellement et personnellement.', '/img/benefits/04_continuing_education.svg');
INSERT INTO `benefit_translation` (`benefit_id`, `language_id`, `name`, `text`, `img`) VALUES (5, 'fr', 'Rémunération et avantages sociaux', 'Rémunération et avantages sociaux: des conditions de travail équitables et un salaire compétitif constituent une base importante pour nous.', '/img/benefits/05_compensation_and_benefits.svg');
INSERT INTO `benefit_translation` (`benefit_id`, `language_id`, `name`, `text`, `img`) VALUES (6, 'fr', 'Diversité', 'Diversité: nous encourageons une culture de travail ouverte et tolérante.', '/img/benefits/06_diversity.svg');
INSERT INTO `benefit_translation` (`benefit_id`, `language_id`, `name`, `text`, `img`) VALUES (7, 'fr', 'Équilibre entre vie professionnelle et vie privée', 'Équilibre entre vie professionnelle et vie privée: nous garantissons des horaires de travail réguliers pour favoriser l\'équilibre entre vie professionnelle et vie privée.', '/img/benefits/07_work_life_balance.svg');
INSERT INTO `benefit_translation` (`benefit_id`, `language_id`, `name`, `text`, `img`) VALUES (8, 'fr', 'Une marge de manœuvre créative', 'Une marge de manœuvre créative: nous offrons un environnement de travail dans lequel vous pouvez essayer de nouvelles solutions dans une culture sans reproche.', '/img/benefits/08_crative_leeway.svg');
INSERT INTO `benefit_translation` (`benefit_id`, `language_id`, `name`, `text`, `img`) VALUES (9, 'fr', 'Vacances et congés payés', 'Vacances et congés payés: Vacances payées, congés de maladie et jours personnels.', '/img/benefits/09_vacation_and_paid_time_off.svg');
INSERT INTO `benefit_translation` (`benefit_id`, `language_id`, `name`, `text`, `img`) VALUES (10, 'fr', 'Durabilité', 'Durabilité: nous agissons avec responsabilité et conscience environnementale. ', '/img/benefits/10_sustainability.svg');
INSERT INTO `benefit_translation` (`benefit_id`, `language_id`, `name`, `text`, `img`) VALUES (11, 'fr', 'Onboarding', 'Onboarding: soutien individuel et personnel pour vous aider à démarrer dans votre nouvel emploi.', '/img/benefits/11_onboarding.svg');

COMMIT;

-- -----------------------------------------------------
-- Data for table `seal`
-- -----------------------------------------------------
START TRANSACTION;

INSERT INTO `seal` (`id`) VALUES (1);
INSERT INTO `seal` (`id`) VALUES (2);
INSERT INTO `seal` (`id`) VALUES (3);
INSERT INTO `seal` (`id`) VALUES (4);
INSERT INTO `seal` (`id`) VALUES (5);
INSERT INTO `seal` (`id`) VALUES (6);
INSERT INTO `seal` (`id`) VALUES (7);
INSERT INTO `seal` (`id`) VALUES (8);
INSERT INTO `seal` (`id`) VALUES (9);
INSERT INTO `seal` (`id`) VALUES (10);

COMMIT;

-- -----------------------------------------------------
-- Data for table `seal_translation`
-- -----------------------------------------------------
START TRANSACTION;

INSERT INTO `seal_translation` (`seal_id`, `language_id`, `name`, `headline`, `text`, `img`) VALUES (1, 'de', 'Top Employers USA', '', '', '/img/seals/Top_Employer_United_States_of_America_2020.jpg');
INSERT INTO `seal_translation` (`seal_id`, `language_id`, `name`, `headline`, `text`, `img`) VALUES (2, 'de', 'Charta der Vielfalt', '', '', '/img/seals/Charta_der_Vielfalt.jpg');
INSERT INTO `seal_translation` (`seal_id`, `language_id`, `name`, `headline`, `text`, `img`) VALUES (3, 'de', 'Top Employers Malaysia', '', '', '/img/seals/Top_Employer_Malaysia_2020.jpg');
INSERT INTO `seal_translation` (`seal_id`, `language_id`, `name`, `headline`, `text`, `img`) VALUES (4, 'de', 'Top Employers Germany', '', '', '/img/seals/Top_Employer_Germany_2020.jpg');
INSERT INTO `seal_translation` (`seal_id`, `language_id`, `name`, `headline`, `text`, `img`) VALUES (5, 'de', 'Top Employers China', '', '', '/img/seals/Top_Employer_China_2020..jpg');
INSERT INTO `seal_translation` (`seal_id`, `language_id`, `name`, `headline`, `text`, `img`) VALUES (6, 'de', 'Employer Excellence China', '', '', '/img/seals/Employer_Excellence_China_2018.jpg');
INSERT INTO `seal_translation` (`seal_id`, `language_id`, `name`, `headline`, `text`, `img`) VALUES (7, 'de', 'Kununu Open Company', '', '', '/img/seals/kununu-open-company.jpg');
INSERT INTO `seal_translation` (`seal_id`, `language_id`, `name`, `headline`, `text`, `img`) VALUES (8, 'de', 'Kununu Top Company', '', '', '/img/seals/kununu-top-company.jpg');
INSERT INTO `seal_translation` (`seal_id`, `language_id`, `name`, `headline`, `text`, `img`) VALUES (9, 'de', 'Potential Park Germany', '', '', '/img/seals/Potentialpark_Germany_top10.jpg');
INSERT INTO `seal_translation` (`seal_id`, `language_id`, `name`, `headline`, `text`, `img`) VALUES (10, 'de', 'Potential Park Global', '', '', '/img/seals/Potentialpark_Global_Top30.jpg');

INSERT INTO `seal_translation` (`seal_id`, `language_id`, `name`, `headline`, `text`, `img`) VALUES (1, 'en', 'Top Employers USA', '', '', '/img/seals/Top_Employer_United_States_of_America_2020.jpg');
INSERT INTO `seal_translation` (`seal_id`, `language_id`, `name`, `headline`, `text`, `img`) VALUES (2, 'en', 'Charta der Vielfalt', '', '', '/img/seals/Charta_der_Vielfalt.jpg');
INSERT INTO `seal_translation` (`seal_id`, `language_id`, `name`, `headline`, `text`, `img`) VALUES (3, 'en', 'Top Employers Malaysia', '', '', '/img/seals/Top_Employer_Malaysia_2020.jpg');
INSERT INTO `seal_translation` (`seal_id`, `language_id`, `name`, `headline`, `text`, `img`) VALUES (4, 'en', 'Top Employers Germany', '', '', '/img/seals/Top_Employer_Germany_2020.jpg');
INSERT INTO `seal_translation` (`seal_id`, `language_id`, `name`, `headline`, `text`, `img`) VALUES (5, 'en', 'Top Employers China', '', '', '/img/seals/Top_Employer_China_2020..jpg');
INSERT INTO `seal_translation` (`seal_id`, `language_id`, `name`, `headline`, `text`, `img`) VALUES (6, 'en', 'Employer Excellence China', '', '', '/img/seals/Employer_Excellence_China_2018.jpg');
INSERT INTO `seal_translation` (`seal_id`, `language_id`, `name`, `headline`, `text`, `img`) VALUES (7, 'en', 'Kununu Open Company', '', '', '/img/seals/kununu-open-company.jpg');
INSERT INTO `seal_translation` (`seal_id`, `language_id`, `name`, `headline`, `text`, `img`) VALUES (8, 'en', 'Kununu Top Company', '', '', '/img/seals/kununu-top-company.jpg');
INSERT INTO `seal_translation` (`seal_id`, `language_id`, `name`, `headline`, `text`, `img`) VALUES (9, 'en', 'Potential Park Germany', '', '', '/img/seals/Potentialpark_Germany_top10.jpg');
INSERT INTO `seal_translation` (`seal_id`, `language_id`, `name`, `headline`, `text`, `img`) VALUES (10, 'en', 'Potential Park Global', '', '', '/img/seals/Potentialpark_Global_Top30.jpg');

INSERT INTO `seal_translation` (`seal_id`, `language_id`, `name`, `headline`, `text`, `img`) VALUES (1, 'zh', 'Top Employers USA', '', '', '/img/seals/Top_Employer_United_States_of_America_2020.jpg');
INSERT INTO `seal_translation` (`seal_id`, `language_id`, `name`, `headline`, `text`, `img`) VALUES (2, 'zh', 'Charta der Vielfalt', '', '', '/img/seals/Charta_der_Vielfalt.jpg');
INSERT INTO `seal_translation` (`seal_id`, `language_id`, `name`, `headline`, `text`, `img`) VALUES (3, 'zh', 'Top Employers Malaysia', '', '', '/img/seals/Top_Employer_Malaysia_2020.jpg');
INSERT INTO `seal_translation` (`seal_id`, `language_id`, `name`, `headline`, `text`, `img`) VALUES (4, 'zh', 'Top Employers Germany', '', '', '/img/seals/Top_Employer_Germany_2020.jpg');
INSERT INTO `seal_translation` (`seal_id`, `language_id`, `name`, `headline`, `text`, `img`) VALUES (5, 'zh', 'Top Employers China', '', '', '/img/seals/Top_Employer_China_2020..jpg');
INSERT INTO `seal_translation` (`seal_id`, `language_id`, `name`, `headline`, `text`, `img`) VALUES (6, 'zh', 'Employer Excellence China', '', '', '/img/seals/Employer_Excellence_China_2018.jpg');
INSERT INTO `seal_translation` (`seal_id`, `language_id`, `name`, `headline`, `text`, `img`) VALUES (7, 'zh', 'Kununu Open Company', '', '', '/img/seals/kununu-open-company.jpg');
INSERT INTO `seal_translation` (`seal_id`, `language_id`, `name`, `headline`, `text`, `img`) VALUES (8, 'zh', 'Kununu Top Company', '', '', '/img/seals/kununu-top-company.jpg');
INSERT INTO `seal_translation` (`seal_id`, `language_id`, `name`, `headline`, `text`, `img`) VALUES (9, 'zh', 'Potential Park Germany', '', '', '/img/seals/Potentialpark_Germany_top10.jpg');
INSERT INTO `seal_translation` (`seal_id`, `language_id`, `name`, `headline`, `text`, `img`) VALUES (10, 'zh', 'Potential Park Global', '', '', '/img/seals/Potentialpark_Global_Top30.jpg');

INSERT INTO `seal_translation` (`seal_id`, `language_id`, `name`, `headline`, `text`, `img`) VALUES (1, 'es', 'Top Employers USA', '', '', '/img/seals/Top_Employer_United_States_of_America_2020.jpg');
INSERT INTO `seal_translation` (`seal_id`, `language_id`, `name`, `headline`, `text`, `img`) VALUES (2, 'es', 'Charta der Vielfalt', '', '', '/img/seals/Charta_der_Vielfalt.jpg');
INSERT INTO `seal_translation` (`seal_id`, `language_id`, `name`, `headline`, `text`, `img`) VALUES (3, 'es', 'Top Employers Malaysia', '', '', '/img/seals/Top_Employer_Malaysia_2020.jpg');
INSERT INTO `seal_translation` (`seal_id`, `language_id`, `name`, `headline`, `text`, `img`) VALUES (4, 'es', 'Top Employers Germany', '', '', '/img/seals/Top_Employer_Germany_2020.jpg');
INSERT INTO `seal_translation` (`seal_id`, `language_id`, `name`, `headline`, `text`, `img`) VALUES (5, 'es', 'Top Employers China', '', '', '/img/seals/Top_Employer_China_2020..jpg');
INSERT INTO `seal_translation` (`seal_id`, `language_id`, `name`, `headline`, `text`, `img`) VALUES (6, 'es', 'Employer Excellence China', '', '', '/img/seals/Employer_Excellence_China_2018.jpg');
INSERT INTO `seal_translation` (`seal_id`, `language_id`, `name`, `headline`, `text`, `img`) VALUES (7, 'es', 'Kununu Open Company', '', '', '/img/seals/kununu-open-company.jpg');
INSERT INTO `seal_translation` (`seal_id`, `language_id`, `name`, `headline`, `text`, `img`) VALUES (8, 'es', 'Kununu Top Company', '', '', '/img/seals/kununu-top-company.jpg');
INSERT INTO `seal_translation` (`seal_id`, `language_id`, `name`, `headline`, `text`, `img`) VALUES (9, 'es', 'Potential Park Germany', '', '', '/img/seals/Potentialpark_Germany_top10.jpg');
INSERT INTO `seal_translation` (`seal_id`, `language_id`, `name`, `headline`, `text`, `img`) VALUES (10, 'es', 'Potential Park Global', '', '', '/img/seals/Potentialpark_Global_Top30.jpg');

INSERT INTO `seal_translation` (`seal_id`, `language_id`, `name`, `headline`, `text`, `img`) VALUES (1, 'fr', 'Top Employers USA', '', '', '/img/seals/Top_Employer_United_States_of_America_2020.jpg');
INSERT INTO `seal_translation` (`seal_id`, `language_id`, `name`, `headline`, `text`, `img`) VALUES (2, 'fr', 'Charta der Vielfalt', '', '', '/img/seals/Charta_der_Vielfalt.jpg');
INSERT INTO `seal_translation` (`seal_id`, `language_id`, `name`, `headline`, `text`, `img`) VALUES (3, 'fr', 'Top Employers Malaysia', '', '', '/img/seals/Top_Employer_Malaysia_2020.jpg');
INSERT INTO `seal_translation` (`seal_id`, `language_id`, `name`, `headline`, `text`, `img`) VALUES (4, 'fr', 'Top Employers Germany', '', '', '/img/seals/Top_Employer_Germany_2020.jpg');
INSERT INTO `seal_translation` (`seal_id`, `language_id`, `name`, `headline`, `text`, `img`) VALUES (5, 'fr', 'Top Employers China', '', '', '/img/seals/Top_Employer_China_2020..jpg');
INSERT INTO `seal_translation` (`seal_id`, `language_id`, `name`, `headline`, `text`, `img`) VALUES (6, 'fr', 'Employer Excellence China', '', '', '/img/seals/Employer_Excellence_China_2018.jpg');
INSERT INTO `seal_translation` (`seal_id`, `language_id`, `name`, `headline`, `text`, `img`) VALUES (7, 'fr', 'Kununu Open Company', '', '', '/img/seals/kununu-open-company.jpg');
INSERT INTO `seal_translation` (`seal_id`, `language_id`, `name`, `headline`, `text`, `img`) VALUES (8, 'fr', 'Kununu Top Company', '', '', '/img/seals/kununu-top-company.jpg');
INSERT INTO `seal_translation` (`seal_id`, `language_id`, `name`, `headline`, `text`, `img`) VALUES (9, 'fr', 'Potential Park Germany', '', '', '/img/seals/Potentialpark_Germany_top10.jpg');
INSERT INTO `seal_translation` (`seal_id`, `language_id`, `name`, `headline`, `text`, `img`) VALUES (10, 'fr', 'Potential Park Global', '', '', '/img/seals/Potentialpark_Global_Top30.jpg');

COMMIT;
